order_id,order_number,customer_name,order_date,order_time,item_name,category,ingredients,quantity,price,total_price,payment_mode,store_id,Month Name,Month number,Day Name,Day number,Hour
1,5650,Pooja,01-01-2024,5.45.21 PM,Croissant,Bakery,"Flour, Butter, Yeast",1,280,280,Card,1,January,1,Monday,1,17
2,3382,Ananya,01-01-2024,2.38.08 PM,Green Tea,Tea,"Green Tea Leaves, Water",1,314,314,Cash,2,January,1,Monday,1,14
3,4745,Aarav,01-01-2024,9.53.02 PM,Mocha,Coffee,"Espresso, Chocolate Syrup, Milk",2,342,684,Card,2,January,1,Monday,1,21
4,7617,Nikhil,01-01-2024,10.09.52 PM,Mocha,Coffee,"Espresso, Chocolate Syrup, Milk",3,345,1035,Card,1,January,1,Monday,1,22
5,2421,Nikhil,01-01-2024,6.10.26 PM,Green Tea,Tea,"Green Tea Leaves, Water",1,245,245,Cash,1,January,1,Monday,1,18
6,1126,Aarav,01-01-2024,7.40.14 AM,Cold Brew,Coffee,"Coffee Beans, Cold Water",4,264,1056,UPI,1,January,1,Monday,1,7
7,7572,Riya,01-01-2024,4.28.15 PM,Cold Brew,Coffee,"Coffee Beans, Cold Water",4,296,1184,Card,3,January,1,Monday,1,16
8,8724,Simran,01-01-2024,7.53.30 PM,Croissant,Bakery,"Flour, Butter, Yeast",3,194,582,UPI,3,January,1,Monday,1,19
9,5229,Simran,01-01-2024,10.43.24 PM,Croissant,Bakery,"Flour, Butter, Yeast",4,122,488,Cash,3,January,1,Monday,1,22
10,3407,Aarav,01-01-2024,6.47.12 PM,Americano,Coffee,"Espresso, Hot Water",4,144,576,Card,3,January,1,Monday,1,18
11,8343,Ananya,02-01-2024,3.32.14 PM,Espresso,Coffee,"Espresso Beans, Water",3,337,1011,UPI,3,January,1,Tuesday,2,15
12,3843,Karan,02-01-2024,7.38.54 PM,Green Tea,Tea,"Green Tea Leaves, Water",2,266,532,UPI,1,January,1,Tuesday,2,19
13,2666,Rahul,02-01-2024,1.28.17 PM,Hot Chocolate,Beverage,"Cocoa Powder, Milk, Sugar",3,156,468,UPI,2,January,1,Tuesday,2,13
14,8073,Ananya,02-01-2024,8.18.14 PM,Green Tea,Tea,"Green Tea Leaves, Water",3,149,447,Card,1,January,1,Tuesday,2,20
15,6045,Simran,02-01-2024,8.59.08 AM,Croissant,Bakery,"Flour, Butter, Yeast",2,253,506,Cash,2,January,1,Tuesday,2,8
16,2769,Rahul,02-01-2024,7.11.41 AM,Mocha,Coffee,"Espresso, Chocolate Syrup, Milk",3,128,384,Cash,1,January,1,Tuesday,2,7
17,2507,Karan,02-01-2024,10.25.25 PM,Croissant,Bakery,"Flour, Butter, Yeast",4,185,740,UPI,2,January,1,Tuesday,2,22
18,3217,Rahul,02-01-2024,10.02.36 AM,Mocha,Coffee,"Espresso, Chocolate Syrup, Milk",3,252,756,Card,1,January,1,Tuesday,2,10
19,6004,Simran,02-01-2024,8.39.22 PM,Latte,Coffee,"Espresso, Steamed Milk",1,210,210,Card,3,January,1,Tuesday,2,20
20,7935,Nikhil,02-01-2024,12.50.17 PM,Americano,Coffee,"Espresso, Hot Water",3,185,555,UPI,3,January,1,Tuesday,2,12
21,8432,Ananya,02-01-2024,9.08.25 PM,Cappuccino,Coffee,"Espresso, Milk, Milk Foam",1,138,138,Cash,2,January,1,Tuesday,2,21
22,1519,Riya,02-01-2024,4.48.59 PM,Espresso,Coffee,"Espresso Beans, Water",2,316,632,UPI,3,January,1,Tuesday,2,16
23,8883,Simran,03-01-2024,4.38.26 PM,Hot Chocolate,Beverage,"Cocoa Powder, Milk, Sugar",2,143,286,Cash,3,January,1,Wednesday,3,16
24,5463,Rahul,03-01-2024,8.41.31 PM,Cold Brew,Coffee,"Coffee Beans, Cold Water",4,259,1036,Cash,2,January,1,Wednesday,3,20
25,5861,Karan,03-01-2024,8.54.19 AM,Croissant,Bakery,"Flour, Butter, Yeast",4,159,636,Cash,3,January,1,Wednesday,3,8
26,2342,Ananya,03-01-2024,10.45.00 AM,Americano,Coffee,"Espresso, Hot Water",4,292,1168,UPI,2,January,1,Wednesday,3,10
27,7950,Ananya,03-01-2024,12.38.26 PM,Mocha,Coffee,"Espresso, Chocolate Syrup, Milk",2,206,412,Cash,3,January,1,Wednesday,3,12
28,8521,Aarav,03-01-2024,8.56.20 PM,Espresso,Coffee,"Espresso Beans, Water",2,273,546,UPI,3,January,1,Wednesday,3,20
29,8266,Nikhil,03-01-2024,7.04.40 AM,Espresso,Coffee,"Espresso Beans, Water",2,184,368,Cash,3,January,1,Wednesday,3,7
30,5189,Karan,03-01-2024,9.07.03 AM,Hot Chocolate,Beverage,"Cocoa Powder, Milk, Sugar",1,218,218,UPI,2,January,1,Wednesday,3,9
31,6704,Rahul,04-01-2024,6.58.29 PM,Masala Tea,Tea,"Tea Leaves, Milk, Spices, Sugar",3,143,429,Cash,2,January,1,Thursday,4,18
32,4788,Aarav,04-01-2024,7.36.18 PM,Cappuccino,Coffee,"Espresso, Milk, Milk Foam",4,345,1380,UPI,2,January,1,Thursday,4,19
33,8381,Aarav,04-01-2024,7.04.21 PM,Hot Chocolate,Beverage,"Cocoa Powder, Milk, Sugar",1,224,224,Cash,3,January,1,Thursday,4,19
34,9346,Karan,04-01-2024,8.28.16 AM,Cappuccino,Coffee,"Espresso, Milk, Milk Foam",3,143,429,UPI,1,January,1,Thursday,4,8
35,9229,Pooja,04-01-2024,8.36.13 AM,Hot Chocolate,Beverage,"Cocoa Powder, Milk, Sugar",3,195,585,Card,1,January,1,Thursday,4,8
36,8968,Nikhil,04-01-2024,1.44.04 PM,Cold Brew,Coffee,"Coffee Beans, Cold Water",2,157,314,UPI,3,January,1,Thursday,4,13
37,9387,Nikhil,04-01-2024,1.34.46 PM,Masala Tea,Tea,"Tea Leaves, Milk, Spices, Sugar",4,298,1192,Card,1,January,1,Thursday,4,13
38,4244,Pooja,04-01-2024,7.42.44 AM,Espresso,Coffee,"Espresso Beans, Water",3,338,1014,Card,1,January,1,Thursday,4,7
39,2329,Aarav,05-01-2024,8.22.56 AM,Masala Tea,Tea,"Tea Leaves, Milk, Spices, Sugar",1,249,249,Cash,1,January,1,Friday,5,8
40,9383,Riya,05-01-2024,7.58.03 AM,Croissant,Bakery,"Flour, Butter, Yeast",3,233,699,Card,2,January,1,Friday,5,7
41,3991,Riya,05-01-2024,1.22.34 PM,Latte,Coffee,"Espresso, Steamed Milk",3,182,546,UPI,3,January,1,Friday,5,13
42,9221,Riya,05-01-2024,8.26.23 AM,Hot Chocolate,Beverage,"Cocoa Powder, Milk, Sugar",4,253,1012,Card,1,January,1,Friday,5,8
43,9940,Karan,05-01-2024,5.47.14 PM,Cappuccino,Coffee,"Espresso, Milk, Milk Foam",2,307,614,Cash,1,January,1,Friday,5,17
44,6107,Nikhil,05-01-2024,7.06.43 AM,Espresso,Coffee,"Espresso Beans, Water",4,280,1120,UPI,3,January,1,Friday,5,7
45,9698,Simran,05-01-2024,12.01.19 PM,Americano,Coffee,"Espresso, Hot Water",1,302,302,Card,2,January,1,Friday,5,12
46,9043,Riya,05-01-2024,8.52.20 AM,Cappuccino,Coffee,"Espresso, Milk, Milk Foam",4,216,864,Card,3,January,1,Friday,5,8
47,5474,Nikhil,05-01-2024,1.10.43 PM,Green Tea,Tea,"Green Tea Leaves, Water",1,321,321,UPI,3,January,1,Friday,5,13
48,9031,Rahul,06-01-2024,12.07.45 PM,Masala Tea,Tea,"Tea Leaves, Milk, Spices, Sugar",3,280,840,UPI,2,January,1,Saturday,6,12
49,8548,Riya,06-01-2024,9.23.26 PM,Croissant,Bakery,"Flour, Butter, Yeast",3,330,990,Card,1,January,1,Saturday,6,21
50,6443,Simran,06-01-2024,10.03.46 PM,Espresso,Coffee,"Espresso Beans, Water",3,307,921,Cash,2,January,1,Saturday,6,22
51,6269,Riya,06-01-2024,7.46.51 PM,Americano,Coffee,"Espresso, Hot Water",3,309,927,Cash,2,January,1,Saturday,6,19
52,1461,Aarav,06-01-2024,9.55.07 AM,Mocha,Coffee,"Espresso, Chocolate Syrup, Milk",1,345,345,UPI,2,January,1,Saturday,6,9
53,7587,Pooja,06-01-2024,12.08.39 PM,Croissant,Bakery,"Flour, Butter, Yeast",3,208,624,Cash,2,January,1,Saturday,6,12
54,8564,Pooja,06-01-2024,5.45.50 PM,Cold Brew,Coffee,"Coffee Beans, Cold Water",3,161,483,Card,2,January,1,Saturday,6,17
55,9024,Rahul,06-01-2024,9.56.44 PM,Green Tea,Tea,"Green Tea Leaves, Water",1,129,129,Card,2,January,1,Saturday,6,21
56,6503,Pooja,06-01-2024,6.37.31 PM,Green Tea,Tea,"Green Tea Leaves, Water",3,214,642,Cash,1,January,1,Saturday,6,18
57,6214,Pooja,07-01-2024,1.01.20 PM,Latte,Coffee,"Espresso, Steamed Milk",3,189,567,UPI,1,January,1,Sunday,7,13
58,6850,Nikhil,07-01-2024,3.31.56 PM,Croissant,Bakery,"Flour, Butter, Yeast",2,154,308,Cash,3,January,1,Sunday,7,15
59,4964,Ananya,07-01-2024,8.37.00 PM,Cold Brew,Coffee,"Coffee Beans, Cold Water",1,302,302,Card,1,January,1,Sunday,7,20
60,3011,Ananya,07-01-2024,5.46.05 PM,Mocha,Coffee,"Espresso, Chocolate Syrup, Milk",2,336,672,Cash,2,January,1,Sunday,7,17
61,7337,Karan,07-01-2024,8.57.03 AM,Mocha,Coffee,"Espresso, Chocolate Syrup, Milk",4,330,1320,Cash,2,January,1,Sunday,7,8
62,2628,Ananya,07-01-2024,11.09.08 AM,Americano,Coffee,"Espresso, Hot Water",1,305,305,Card,3,January,1,Sunday,7,11
63,1591,Simran,07-01-2024,8.59.10 PM,Croissant,Bakery,"Flour, Butter, Yeast",3,268,804,Card,1,January,1,Sunday,7,20
64,3505,Nikhil,07-01-2024,5.59.15 PM,Espresso,Coffee,"Espresso Beans, Water",3,195,585,UPI,1,January,1,Sunday,7,17
65,6751,Riya,07-01-2024,6.12.22 PM,Cold Brew,Coffee,"Coffee Beans, Cold Water",2,228,456,UPI,3,January,1,Sunday,7,18
66,1375,Nikhil,07-01-2024,1.56.54 PM,Latte,Coffee,"Espresso, Steamed Milk",2,231,462,Card,3,January,1,Sunday,7,13
67,8018,Riya,08-01-2024,12.37.25 PM,Cold Brew,Coffee,"Coffee Beans, Cold Water",2,186,372,Card,1,January,1,Monday,8,12
68,2492,Pooja,08-01-2024,1.47.13 PM,Latte,Coffee,"Espresso, Steamed Milk",4,278,1112,UPI,3,January,1,Monday,8,13
69,5224,Karan,08-01-2024,9.05.50 AM,Espresso,Coffee,"Espresso Beans, Water",3,174,522,Cash,1,January,1,Monday,8,9
70,4777,Aarav,08-01-2024,8.45.15 PM,Americano,Coffee,"Espresso, Hot Water",1,174,174,Cash,2,January,1,Monday,8,20
71,1385,Riya,08-01-2024,8.51.39 AM,Cappuccino,Coffee,"Espresso, Milk, Milk Foam",3,195,585,Cash,1,January,1,Monday,8,8
72,1648,Nikhil,08-01-2024,12.39.53 PM,Latte,Coffee,"Espresso, Steamed Milk",4,342,1368,Card,1,January,1,Monday,8,12
73,7727,Aarav,08-01-2024,12.15.35 PM,Espresso,Coffee,"Espresso Beans, Water",1,335,335,Cash,3,January,1,Monday,8,12
74,3546,Rahul,08-01-2024,8.46.26 AM,Cold Brew,Coffee,"Coffee Beans, Cold Water",1,132,132,Card,3,January,1,Monday,8,8
75,4281,Aarav,08-01-2024,11.55.47 AM,Americano,Coffee,"Espresso, Hot Water",3,286,858,UPI,1,January,1,Monday,8,11
76,3434,Pooja,08-01-2024,10.29.51 AM,Hot Chocolate,Beverage,"Cocoa Powder, Milk, Sugar",3,161,483,Card,2,January,1,Monday,8,10
77,2058,Nikhil,09-01-2024,10.29.48 PM,Cold Brew,Coffee,"Coffee Beans, Cold Water",3,174,522,Card,1,January,1,Tuesday,9,22
78,2864,Riya,09-01-2024,7.19.07 AM,Cappuccino,Coffee,"Espresso, Milk, Milk Foam",2,299,598,UPI,1,January,1,Tuesday,9,7
79,8255,Pooja,09-01-2024,7.50.23 PM,Cappuccino,Coffee,"Espresso, Milk, Milk Foam",3,190,570,UPI,2,January,1,Tuesday,9,19
80,5865,Rahul,09-01-2024,11.45.57 AM,Americano,Coffee,"Espresso, Hot Water",2,148,296,UPI,3,January,1,Tuesday,9,11
81,4491,Pooja,09-01-2024,8.38.42 PM,Cold Brew,Coffee,"Coffee Beans, Cold Water",3,288,864,UPI,3,January,1,Tuesday,9,20
82,2424,Nikhil,09-01-2024,10.18.27 AM,Cold Brew,Coffee,"Coffee Beans, Cold Water",1,194,194,Card,2,January,1,Tuesday,9,10
83,3588,Nikhil,09-01-2024,7.07.01 AM,Cappuccino,Coffee,"Espresso, Milk, Milk Foam",1,339,339,UPI,2,January,1,Tuesday,9,7
84,9542,Riya,09-01-2024,3.50.15 PM,Mocha,Coffee,"Espresso, Chocolate Syrup, Milk",2,267,534,Card,2,January,1,Tuesday,9,15
85,8605,Riya,09-01-2024,11.31.07 AM,Cappuccino,Coffee,"Espresso, Milk, Milk Foam",1,199,199,UPI,1,January,1,Tuesday,9,11
86,2325,Karan,09-01-2024,8.29.12 PM,Espresso,Coffee,"Espresso Beans, Water",3,219,657,UPI,3,January,1,Tuesday,9,20
87,8069,Nikhil,09-01-2024,7.03.51 AM,Espresso,Coffee,"Espresso Beans, Water",1,152,152,Card,1,January,1,Tuesday,9,7
88,8341,Ananya,09-01-2024,7.15.48 PM,Espresso,Coffee,"Espresso Beans, Water",2,183,366,Card,1,January,1,Tuesday,9,19
89,1609,Karan,10-01-2024,5.12.32 PM,Croissant,Bakery,"Flour, Butter, Yeast",1,346,346,Cash,2,January,1,Wednesday,10,17
90,3150,Aarav,10-01-2024,6.22.10 PM,Mocha,Coffee,"Espresso, Chocolate Syrup, Milk",1,331,331,Card,3,January,1,Wednesday,10,18
91,4884,Pooja,10-01-2024,9.51.55 AM,Croissant,Bakery,"Flour, Butter, Yeast",2,291,582,UPI,3,January,1,Wednesday,10,9
92,4081,Ananya,10-01-2024,7.40.49 AM,Croissant,Bakery,"Flour, Butter, Yeast",1,313,313,Card,1,January,1,Wednesday,10,7
93,5264,Ananya,10-01-2024,7.06.53 AM,Green Tea,Tea,"Green Tea Leaves, Water",3,207,621,Card,3,January,1,Wednesday,10,7
94,5516,Riya,10-01-2024,3.20.00 PM,Espresso,Coffee,"Espresso Beans, Water",2,336,672,UPI,2,January,1,Wednesday,10,15
95,3915,Nikhil,10-01-2024,5.07.14 PM,Latte,Coffee,"Espresso, Steamed Milk",4,317,1268,Card,2,January,1,Wednesday,10,17
96,4207,Ananya,10-01-2024,4.46.19 PM,Green Tea,Tea,"Green Tea Leaves, Water",4,304,1216,Cash,1,January,1,Wednesday,10,16
97,9932,Karan,10-01-2024,4.05.38 PM,Espresso,Coffee,"Espresso Beans, Water",4,207,828,Cash,2,January,1,Wednesday,10,16
98,4548,Ananya,10-01-2024,8.19.37 PM,Americano,Coffee,"Espresso, Hot Water",2,345,690,Cash,1,January,1,Wednesday,10,20
99,6725,Rahul,11-01-2024,7.11.50 AM,Mocha,Coffee,"Espresso, Chocolate Syrup, Milk",1,142,142,Cash,2,January,1,Thursday,11,7
100,1116,Karan,11-01-2024,2.09.24 PM,Espresso,Coffee,"Espresso Beans, Water",3,239,717,Card,3,January,1,Thursday,11,14
101,9845,Karan,11-01-2024,1.32.48 PM,Americano,Coffee,"Espresso, Hot Water",2,289,578,UPI,2,January,1,Thursday,11,13
102,4025,Aarav,11-01-2024,9.29.17 PM,Cold Brew,Coffee,"Coffee Beans, Cold Water",4,199,796,Card,2,January,1,Thursday,11,21
103,6590,Nikhil,11-01-2024,7.19.06 PM,Masala Tea,Tea,"Tea Leaves, Milk, Spices, Sugar",4,278,1112,Cash,3,January,1,Thursday,11,19
104,8969,Aarav,12-01-2024,11.15.53 AM,Hot Chocolate,Beverage,"Cocoa Powder, Milk, Sugar",3,308,924,Card,3,January,1,Friday,12,11
105,5784,Nikhil,12-01-2024,1.40.36 PM,Cappuccino,Coffee,"Espresso, Milk, Milk Foam",4,214,856,Card,3,January,1,Friday,12,13
106,4239,Nikhil,12-01-2024,12.54.56 PM,Espresso,Coffee,"Espresso Beans, Water",2,293,586,Cash,2,January,1,Friday,12,12
107,6712,Aarav,12-01-2024,8.45.59 AM,Cold Brew,Coffee,"Coffee Beans, Cold Water",1,245,245,Card,2,January,1,Friday,12,8
108,1245,Nikhil,12-01-2024,1.31.41 PM,Masala Tea,Tea,"Tea Leaves, Milk, Spices, Sugar",1,144,144,Card,1,January,1,Friday,12,13
109,8142,Simran,12-01-2024,5.51.38 PM,Espresso,Coffee,"Espresso Beans, Water",2,137,274,Cash,1,January,1,Friday,12,17
110,7650,Simran,13-01-2024,1.30.57 PM,Mocha,Coffee,"Espresso, Chocolate Syrup, Milk",3,163,489,Cash,3,January,1,Saturday,13,13
111,5037,Riya,13-01-2024,6.46.14 PM,Americano,Coffee,"Espresso, Hot Water",3,238,714,UPI,3,January,1,Saturday,13,18
112,9370,Simran,13-01-2024,9.37.30 AM,Cold Brew,Coffee,"Coffee Beans, Cold Water",2,215,430,Card,2,January,1,Saturday,13,9
113,9691,Karan,13-01-2024,2.44.41 PM,Mocha,Coffee,"Espresso, Chocolate Syrup, Milk",2,130,260,Card,2,January,1,Saturday,13,14
114,4072,Rahul,13-01-2024,3.29.43 PM,Cappuccino,Coffee,"Espresso, Milk, Milk Foam",2,217,434,Cash,3,January,1,Saturday,13,15
115,5616,Nikhil,13-01-2024,7.21.54 PM,Americano,Coffee,"Espresso, Hot Water",4,337,1348,Cash,2,January,1,Saturday,13,19
116,1723,Nikhil,13-01-2024,1.19.15 PM,Masala Tea,Tea,"Tea Leaves, Milk, Spices, Sugar",4,263,1052,Cash,2,January,1,Saturday,13,13
117,5739,Aarav,13-01-2024,10.25.25 PM,Cappuccino,Coffee,"Espresso, Milk, Milk Foam",3,124,372,Card,2,January,1,Saturday,13,22
118,3505,Nikhil,13-01-2024,10.51.06 AM,Cold Brew,Coffee,"Coffee Beans, Cold Water",3,129,387,UPI,2,January,1,Saturday,13,10
119,7483,Nikhil,13-01-2024,2.22.42 PM,Mocha,Coffee,"Espresso, Chocolate Syrup, Milk",3,346,1038,Card,2,January,1,Saturday,13,14
120,7362,Pooja,14-01-2024,2.09.51 PM,Croissant,Bakery,"Flour, Butter, Yeast",1,155,155,UPI,2,January,1,Sunday,14,14
121,7539,Pooja,14-01-2024,10.05.04 AM,Green Tea,Tea,"Green Tea Leaves, Water",1,155,155,UPI,3,January,1,Sunday,14,10
122,6789,Ananya,14-01-2024,3.51.36 PM,Hot Chocolate,Beverage,"Cocoa Powder, Milk, Sugar",3,345,1035,Card,3,January,1,Sunday,14,15
123,4448,Karan,14-01-2024,2.31.12 PM,Americano,Coffee,"Espresso, Hot Water",2,327,654,UPI,1,January,1,Sunday,14,14
124,4504,Rahul,14-01-2024,8.15.29 AM,Cappuccino,Coffee,"Espresso, Milk, Milk Foam",1,198,198,Cash,2,January,1,Sunday,14,8
125,4379,Karan,15-01-2024,9.25.44 PM,Mocha,Coffee,"Espresso, Chocolate Syrup, Milk",4,222,888,UPI,2,January,1,Monday,15,21
126,1650,Karan,15-01-2024,4.07.15 PM,Cappuccino,Coffee,"Espresso, Milk, Milk Foam",4,154,616,Card,1,January,1,Monday,15,16
127,7386,Pooja,15-01-2024,5.10.02 PM,Hot Chocolate,Beverage,"Cocoa Powder, Milk, Sugar",3,330,990,Card,1,January,1,Monday,15,17
128,5783,Pooja,15-01-2024,6.23.42 PM,Mocha,Coffee,"Espresso, Chocolate Syrup, Milk",3,206,618,Card,1,January,1,Monday,15,18
129,5105,Karan,15-01-2024,10.30.15 AM,Masala Tea,Tea,"Tea Leaves, Milk, Spices, Sugar",3,135,405,UPI,2,January,1,Monday,15,10
130,9775,Nikhil,15-01-2024,10.35.58 PM,Cold Brew,Coffee,"Coffee Beans, Cold Water",3,328,984,UPI,1,January,1,Monday,15,22
131,4923,Pooja,15-01-2024,10.59.11 AM,Croissant,Bakery,"Flour, Butter, Yeast",4,332,1328,Cash,3,January,1,Monday,15,10
132,9628,Ananya,15-01-2024,4.06.03 PM,Mocha,Coffee,"Espresso, Chocolate Syrup, Milk",3,216,648,UPI,3,January,1,Monday,15,16
133,6441,Riya,16-01-2024,2.07.13 PM,Masala Tea,Tea,"Tea Leaves, Milk, Spices, Sugar",2,258,516,UPI,2,January,1,Tuesday,16,14
134,3307,Aarav,16-01-2024,2.45.03 PM,Croissant,Bakery,"Flour, Butter, Yeast",3,331,993,Cash,3,January,1,Tuesday,16,14
135,6484,Nikhil,16-01-2024,5.08.38 PM,Croissant,Bakery,"Flour, Butter, Yeast",3,349,1047,UPI,1,January,1,Tuesday,16,17
136,6052,Riya,16-01-2024,7.50.57 PM,Croissant,Bakery,"Flour, Butter, Yeast",1,228,228,UPI,1,January,1,Tuesday,16,19
137,1523,Pooja,16-01-2024,10.33.07 PM,Hot Chocolate,Beverage,"Cocoa Powder, Milk, Sugar",3,141,423,Card,1,January,1,Tuesday,16,22
138,4289,Aarav,16-01-2024,11.47.23 AM,Green Tea,Tea,"Green Tea Leaves, Water",3,271,813,UPI,1,January,1,Tuesday,16,11
139,6004,Riya,17-01-2024,1.56.40 PM,Espresso,Coffee,"Espresso Beans, Water",4,331,1324,UPI,1,January,1,Wednesday,17,13
140,3175,Riya,17-01-2024,9.28.58 AM,Green Tea,Tea,"Green Tea Leaves, Water",4,173,692,Cash,2,January,1,Wednesday,17,9
141,5403,Karan,17-01-2024,7.30.53 PM,Cappuccino,Coffee,"Espresso, Milk, Milk Foam",1,340,340,Card,2,January,1,Wednesday,17,19
142,2163,Karan,17-01-2024,5.33.56 PM,Cappuccino,Coffee,"Espresso, Milk, Milk Foam",4,152,608,UPI,1,January,1,Wednesday,17,17
143,4155,Rahul,17-01-2024,9.37.54 AM,Latte,Coffee,"Espresso, Steamed Milk",2,125,250,UPI,1,January,1,Wednesday,17,9
144,8053,Nikhil,17-01-2024,2.11.39 PM,Hot Chocolate,Beverage,"Cocoa Powder, Milk, Sugar",4,145,580,UPI,2,January,1,Wednesday,17,14
145,1887,Karan,17-01-2024,5.19.43 PM,Croissant,Bakery,"Flour, Butter, Yeast",2,305,610,UPI,1,January,1,Wednesday,17,17
146,6465,Pooja,17-01-2024,3.59.45 PM,Mocha,Coffee,"Espresso, Chocolate Syrup, Milk",1,190,190,Cash,2,January,1,Wednesday,17,15
147,3914,Riya,17-01-2024,2.21.06 PM,Hot Chocolate,Beverage,"Cocoa Powder, Milk, Sugar",4,235,940,Card,3,January,1,Wednesday,17,14
148,7207,Aarav,17-01-2024,1.19.02 PM,Hot Chocolate,Beverage,"Cocoa Powder, Milk, Sugar",4,246,984,UPI,1,January,1,Wednesday,17,13
149,4431,Rahul,17-01-2024,8.13.24 AM,Mocha,Coffee,"Espresso, Chocolate Syrup, Milk",3,238,714,UPI,1,January,1,Wednesday,17,8
150,5558,Riya,18-01-2024,6.10.42 PM,Espresso,Coffee,"Espresso Beans, Water",2,171,342,UPI,3,January,1,Thursday,18,18
151,1191,Riya,18-01-2024,10.04.46 PM,Cappuccino,Coffee,"Espresso, Milk, Milk Foam",4,137,548,UPI,1,January,1,Thursday,18,22
152,3654,Aarav,18-01-2024,12.09.46 PM,Masala Tea,Tea,"Tea Leaves, Milk, Spices, Sugar",4,257,1028,Card,2,January,1,Thursday,18,12
153,2433,Karan,18-01-2024,8.17.45 PM,Latte,Coffee,"Espresso, Steamed Milk",2,162,324,UPI,2,January,1,Thursday,18,20
154,7292,Pooja,18-01-2024,9.31.50 AM,Mocha,Coffee,"Espresso, Chocolate Syrup, Milk",2,291,582,Card,2,January,1,Thursday,18,9
155,7964,Aarav,18-01-2024,8.00.02 PM,Hot Chocolate,Beverage,"Cocoa Powder, Milk, Sugar",4,199,796,Cash,3,January,1,Thursday,18,20
156,3984,Rahul,18-01-2024,3.27.07 PM,Cappuccino,Coffee,"Espresso, Milk, Milk Foam",2,213,426,Card,1,January,1,Thursday,18,15
157,1425,Nikhil,18-01-2024,8.22.17 PM,Mocha,Coffee,"Espresso, Chocolate Syrup, Milk",1,255,255,Card,3,January,1,Thursday,18,20
158,8573,Rahul,18-01-2024,10.17.57 PM,Hot Chocolate,Beverage,"Cocoa Powder, Milk, Sugar",4,237,948,UPI,2,January,1,Thursday,18,22
159,4931,Riya,18-01-2024,12.10.22 PM,Mocha,Coffee,"Espresso, Chocolate Syrup, Milk",4,185,740,Cash,1,January,1,Thursday,18,12
160,8688,Riya,18-01-2024,12.13.25 PM,Hot Chocolate,Beverage,"Cocoa Powder, Milk, Sugar",3,243,729,Cash,2,January,1,Thursday,18,12
161,3552,Riya,18-01-2024,1.09.41 PM,Espresso,Coffee,"Espresso Beans, Water",2,174,348,Cash,3,January,1,Thursday,18,13
162,2708,Pooja,19-01-2024,4.25.05 PM,Cappuccino,Coffee,"Espresso, Milk, Milk Foam",4,220,880,Cash,1,January,1,Friday,19,16
163,3758,Riya,19-01-2024,7.00.02 AM,Green Tea,Tea,"Green Tea Leaves, Water",4,289,1156,Cash,2,January,1,Friday,19,7
164,6704,Nikhil,19-01-2024,9.15.34 PM,Green Tea,Tea,"Green Tea Leaves, Water",2,274,548,Cash,3,January,1,Friday,19,21
165,9235,Nikhil,19-01-2024,7.15.17 AM,Cold Brew,Coffee,"Coffee Beans, Cold Water",3,279,837,UPI,1,January,1,Friday,19,7
166,6805,Nikhil,19-01-2024,6.35.40 PM,Cold Brew,Coffee,"Coffee Beans, Cold Water",3,343,1029,Card,2,January,1,Friday,19,18
167,9779,Karan,19-01-2024,1.33.19 PM,Hot Chocolate,Beverage,"Cocoa Powder, Milk, Sugar",2,350,700,Cash,1,January,1,Friday,19,13
168,4417,Aarav,19-01-2024,5.05.56 PM,Green Tea,Tea,"Green Tea Leaves, Water",4,316,1264,UPI,2,January,1,Friday,19,17
169,9027,Ananya,20-01-2024,5.26.31 PM,Cold Brew,Coffee,"Coffee Beans, Cold Water",3,337,1011,Card,3,January,1,Saturday,20,17
170,9908,Karan,20-01-2024,6.13.03 PM,Green Tea,Tea,"Green Tea Leaves, Water",4,340,1360,UPI,2,January,1,Saturday,20,18
171,4557,Pooja,20-01-2024,1.00.28 PM,Croissant,Bakery,"Flour, Butter, Yeast",3,265,795,Cash,1,January,1,Saturday,20,13
172,8905,Riya,20-01-2024,5.24.17 PM,Cold Brew,Coffee,"Coffee Beans, Cold Water",3,345,1035,Card,3,January,1,Saturday,20,17
173,4293,Rahul,20-01-2024,6.15.00 PM,Americano,Coffee,"Espresso, Hot Water",1,138,138,UPI,3,January,1,Saturday,20,18
174,9597,Karan,20-01-2024,12.40.44 PM,Green Tea,Tea,"Green Tea Leaves, Water",1,206,206,UPI,1,January,1,Saturday,20,12
175,8466,Karan,20-01-2024,11.38.57 AM,Latte,Coffee,"Espresso, Steamed Milk",1,240,240,Card,2,January,1,Saturday,20,11
176,3419,Ananya,20-01-2024,7.53.56 AM,Espresso,Coffee,"Espresso Beans, Water",1,201,201,Card,1,January,1,Saturday,20,7
177,4610,Pooja,20-01-2024,10.23.19 AM,Espresso,Coffee,"Espresso Beans, Water",3,124,372,Card,1,January,1,Saturday,20,10
178,6692,Rahul,21-01-2024,1.56.12 PM,Cold Brew,Coffee,"Coffee Beans, Cold Water",2,245,490,Cash,2,January,1,Sunday,21,13
179,3894,Simran,21-01-2024,8.26.50 PM,Hot Chocolate,Beverage,"Cocoa Powder, Milk, Sugar",1,229,229,UPI,3,January,1,Sunday,21,20
180,7542,Ananya,21-01-2024,10.28.49 PM,Latte,Coffee,"Espresso, Steamed Milk",2,244,488,Card,3,January,1,Sunday,21,22
181,3042,Ananya,21-01-2024,1.31.30 PM,Cappuccino,Coffee,"Espresso, Milk, Milk Foam",3,247,741,Cash,3,January,1,Sunday,21,13
182,1630,Rahul,21-01-2024,6.16.38 PM,Masala Tea,Tea,"Tea Leaves, Milk, Spices, Sugar",1,133,133,Card,1,January,1,Sunday,21,18
183,5343,Ananya,22-01-2024,7.08.32 PM,Espresso,Coffee,"Espresso Beans, Water",3,328,984,Card,3,January,1,Monday,22,19
184,7202,Simran,22-01-2024,11.10.04 AM,Cappuccino,Coffee,"Espresso, Milk, Milk Foam",4,349,1396,Card,1,January,1,Monday,22,11
185,7370,Pooja,22-01-2024,1.12.55 PM,Green Tea,Tea,"Green Tea Leaves, Water",2,332,664,Cash,2,January,1,Monday,22,13
186,7592,Simran,22-01-2024,4.30.56 PM,Espresso,Coffee,"Espresso Beans, Water",1,161,161,UPI,1,January,1,Monday,22,16
187,5514,Riya,22-01-2024,7.45.28 PM,Cappuccino,Coffee,"Espresso, Milk, Milk Foam",4,130,520,Cash,1,January,1,Monday,22,19
188,1655,Pooja,22-01-2024,12.04.54 PM,Cold Brew,Coffee,"Coffee Beans, Cold Water",4,122,488,Cash,2,January,1,Monday,22,12
189,9246,Simran,22-01-2024,9.41.27 AM,Masala Tea,Tea,"Tea Leaves, Milk, Spices, Sugar",1,194,194,UPI,2,January,1,Monday,22,9
190,7068,Karan,22-01-2024,9.38.09 PM,Americano,Coffee,"Espresso, Hot Water",3,244,732,Cash,1,January,1,Monday,22,21
191,8589,Rahul,22-01-2024,8.32.39 PM,Mocha,Coffee,"Espresso, Chocolate Syrup, Milk",2,231,462,Card,1,January,1,Monday,22,20
192,1665,Simran,22-01-2024,5.52.33 PM,Americano,Coffee,"Espresso, Hot Water",2,349,698,Cash,2,January,1,Monday,22,17
193,6788,Nikhil,23-01-2024,3.55.59 PM,Espresso,Coffee,"Espresso Beans, Water",1,230,230,Card,3,January,1,Tuesday,23,15
194,1957,Rahul,23-01-2024,10.57.31 AM,Green Tea,Tea,"Green Tea Leaves, Water",3,291,873,Cash,2,January,1,Tuesday,23,10
195,7051,Karan,23-01-2024,10.07.54 AM,Hot Chocolate,Beverage,"Cocoa Powder, Milk, Sugar",1,191,191,Card,3,January,1,Tuesday,23,10
196,6463,Aarav,23-01-2024,1.12.53 PM,Espresso,Coffee,"Espresso Beans, Water",3,241,723,UPI,3,January,1,Tuesday,23,13
197,3811,Rahul,23-01-2024,10.01.54 AM,Croissant,Bakery,"Flour, Butter, Yeast",1,137,137,Cash,3,January,1,Tuesday,23,10
198,7921,Rahul,23-01-2024,2.21.50 PM,Masala Tea,Tea,"Tea Leaves, Milk, Spices, Sugar",3,182,546,UPI,1,January,1,Tuesday,23,14
199,9919,Ananya,23-01-2024,5.51.17 PM,Americano,Coffee,"Espresso, Hot Water",1,265,265,Card,1,January,1,Tuesday,23,17
200,1661,Ananya,23-01-2024,5.46.51 PM,Masala Tea,Tea,"Tea Leaves, Milk, Spices, Sugar",1,309,309,Cash,2,January,1,Tuesday,23,17
201,7760,Riya,23-01-2024,9.29.37 AM,Croissant,Bakery,"Flour, Butter, Yeast",3,290,870,Card,3,January,1,Tuesday,23,9
202,7453,Ananya,24-01-2024,7.20.36 PM,Hot Chocolate,Beverage,"Cocoa Powder, Milk, Sugar",3,131,393,UPI,1,January,1,Wednesday,24,19
203,7101,Aarav,24-01-2024,9.14.54 PM,Espresso,Coffee,"Espresso Beans, Water",4,278,1112,Cash,3,January,1,Wednesday,24,21
204,3087,Ananya,24-01-2024,8.19.45 AM,Green Tea,Tea,"Green Tea Leaves, Water",3,202,606,Card,1,January,1,Wednesday,24,8
205,5781,Ananya,24-01-2024,5.11.27 PM,Hot Chocolate,Beverage,"Cocoa Powder, Milk, Sugar",4,321,1284,Card,3,January,1,Wednesday,24,17
206,3859,Riya,24-01-2024,2.16.08 PM,Hot Chocolate,Beverage,"Cocoa Powder, Milk, Sugar",4,293,1172,Card,1,January,1,Wednesday,24,14
207,4114,Pooja,24-01-2024,9.59.07 PM,Croissant,Bakery,"Flour, Butter, Yeast",2,309,618,Card,2,January,1,Wednesday,24,21
208,5590,Pooja,24-01-2024,8.39.52 PM,Cold Brew,Coffee,"Coffee Beans, Cold Water",2,221,442,Cash,1,January,1,Wednesday,24,20
209,1588,Karan,24-01-2024,7.25.34 PM,Latte,Coffee,"Espresso, Steamed Milk",2,217,434,UPI,1,January,1,Wednesday,24,19
210,7476,Simran,24-01-2024,6.21.24 PM,Green Tea,Tea,"Green Tea Leaves, Water",4,206,824,Card,2,January,1,Wednesday,24,18
211,4442,Riya,24-01-2024,4.47.38 PM,Latte,Coffee,"Espresso, Steamed Milk",3,268,804,UPI,3,January,1,Wednesday,24,16
212,6164,Simran,24-01-2024,3.36.23 PM,Americano,Coffee,"Espresso, Hot Water",1,139,139,Card,1,January,1,Wednesday,24,15
213,2904,Pooja,24-01-2024,10.17.51 PM,Latte,Coffee,"Espresso, Steamed Milk",1,171,171,Cash,3,January,1,Wednesday,24,22
214,4054,Simran,25-01-2024,5.53.03 PM,Mocha,Coffee,"Espresso, Chocolate Syrup, Milk",1,289,289,Cash,3,January,1,Thursday,25,17
215,8893,Pooja,25-01-2024,11.16.47 AM,Green Tea,Tea,"Green Tea Leaves, Water",2,194,388,Cash,1,January,1,Thursday,25,11
216,6980,Nikhil,25-01-2024,8.16.20 PM,Green Tea,Tea,"Green Tea Leaves, Water",3,259,777,Cash,3,January,1,Thursday,25,20
217,2926,Nikhil,25-01-2024,4.03.36 PM,Latte,Coffee,"Espresso, Steamed Milk",4,132,528,UPI,3,January,1,Thursday,25,16
218,7011,Rahul,25-01-2024,10.37.30 AM,Mocha,Coffee,"Espresso, Chocolate Syrup, Milk",4,185,740,Card,1,January,1,Thursday,25,10
219,1111,Aarav,25-01-2024,10.49.29 PM,Cold Brew,Coffee,"Coffee Beans, Cold Water",3,182,546,Cash,3,January,1,Thursday,25,22
220,2287,Aarav,25-01-2024,8.16.51 PM,Espresso,Coffee,"Espresso Beans, Water",2,283,566,UPI,3,January,1,Thursday,25,20
221,5674,Karan,25-01-2024,6.40.02 PM,Mocha,Coffee,"Espresso, Chocolate Syrup, Milk",4,236,944,UPI,1,January,1,Thursday,25,18
222,7388,Karan,25-01-2024,9.15.49 AM,Latte,Coffee,"Espresso, Steamed Milk",1,323,323,UPI,1,January,1,Thursday,25,9
223,4746,Pooja,26-01-2024,9.21.16 AM,Espresso,Coffee,"Espresso Beans, Water",4,292,1168,Card,1,January,1,Friday,26,9
224,4416,Riya,26-01-2024,10.09.26 AM,Cappuccino,Coffee,"Espresso, Milk, Milk Foam",2,256,512,Card,1,January,1,Friday,26,10
225,9503,Nikhil,26-01-2024,11.19.14 AM,Cappuccino,Coffee,"Espresso, Milk, Milk Foam",1,267,267,Card,1,January,1,Friday,26,11
226,4627,Karan,26-01-2024,8.06.44 PM,Mocha,Coffee,"Espresso, Chocolate Syrup, Milk",2,310,620,Cash,1,January,1,Friday,26,20
227,9770,Riya,26-01-2024,3.32.15 PM,Hot Chocolate,Beverage,"Cocoa Powder, Milk, Sugar",3,306,918,Cash,3,January,1,Friday,26,15
228,8143,Riya,26-01-2024,4.28.38 PM,Hot Chocolate,Beverage,"Cocoa Powder, Milk, Sugar",3,234,702,Card,2,January,1,Friday,26,16
229,3083,Rahul,26-01-2024,8.04.45 AM,Americano,Coffee,"Espresso, Hot Water",1,157,157,UPI,2,January,1,Friday,26,8
230,1217,Aarav,26-01-2024,9.25.16 AM,Latte,Coffee,"Espresso, Steamed Milk",3,340,1020,UPI,2,January,1,Friday,26,9
231,1143,Aarav,26-01-2024,7.27.44 PM,Hot Chocolate,Beverage,"Cocoa Powder, Milk, Sugar",4,271,1084,Card,1,January,1,Friday,26,19
232,5742,Nikhil,26-01-2024,6.27.49 PM,Cappuccino,Coffee,"Espresso, Milk, Milk Foam",3,317,951,Card,3,January,1,Friday,26,18
233,4859,Ananya,26-01-2024,3.21.11 PM,Espresso,Coffee,"Espresso Beans, Water",3,343,1029,Card,2,January,1,Friday,26,15
234,2107,Riya,27-01-2024,6.29.09 PM,Espresso,Coffee,"Espresso Beans, Water",1,214,214,Card,1,January,1,Saturday,27,18
235,1358,Karan,27-01-2024,12.37.20 PM,Latte,Coffee,"Espresso, Steamed Milk",2,136,272,UPI,2,January,1,Saturday,27,12
236,5930,Ananya,27-01-2024,3.46.32 PM,Americano,Coffee,"Espresso, Hot Water",3,296,888,Cash,2,January,1,Saturday,27,15
237,6916,Riya,27-01-2024,7.49.23 PM,Cold Brew,Coffee,"Coffee Beans, Cold Water",1,337,337,Cash,3,January,1,Saturday,27,19
238,3816,Simran,27-01-2024,9.12.50 AM,Masala Tea,Tea,"Tea Leaves, Milk, Spices, Sugar",1,349,349,Card,1,January,1,Saturday,27,9
239,4456,Rahul,27-01-2024,10.42.06 AM,Cold Brew,Coffee,"Coffee Beans, Cold Water",4,322,1288,UPI,2,January,1,Saturday,27,10
240,5622,Nikhil,27-01-2024,9.18.31 AM,Hot Chocolate,Beverage,"Cocoa Powder, Milk, Sugar",1,137,137,Cash,2,January,1,Saturday,27,9
241,6986,Pooja,27-01-2024,1.15.32 PM,Espresso,Coffee,"Espresso Beans, Water",3,145,435,UPI,2,January,1,Saturday,27,13
242,1874,Karan,27-01-2024,1.07.30 PM,Cold Brew,Coffee,"Coffee Beans, Cold Water",1,165,165,Card,3,January,1,Saturday,27,13
243,1662,Ananya,28-01-2024,11.00.59 AM,Americano,Coffee,"Espresso, Hot Water",4,226,904,Cash,1,January,1,Sunday,28,11
244,5778,Simran,28-01-2024,9.20.56 AM,Cold Brew,Coffee,"Coffee Beans, Cold Water",1,325,325,UPI,3,January,1,Sunday,28,9
245,8189,Simran,28-01-2024,3.00.26 PM,Cappuccino,Coffee,"Espresso, Milk, Milk Foam",1,238,238,UPI,1,January,1,Sunday,28,15
246,8496,Simran,28-01-2024,10.50.45 PM,Espresso,Coffee,"Espresso Beans, Water",2,285,570,Cash,1,January,1,Sunday,28,22
247,8284,Riya,28-01-2024,4.30.43 PM,Croissant,Bakery,"Flour, Butter, Yeast",4,132,528,UPI,3,January,1,Sunday,28,16
248,9024,Riya,28-01-2024,8.30.23 AM,Cold Brew,Coffee,"Coffee Beans, Cold Water",4,278,1112,Cash,1,January,1,Sunday,28,8
249,7744,Nikhil,28-01-2024,1.22.17 PM,Americano,Coffee,"Espresso, Hot Water",3,164,492,Card,2,January,1,Sunday,28,13
250,4758,Karan,28-01-2024,6.13.33 PM,Hot Chocolate,Beverage,"Cocoa Powder, Milk, Sugar",2,249,498,UPI,3,January,1,Sunday,28,18
251,7182,Nikhil,28-01-2024,8.18.56 PM,Cappuccino,Coffee,"Espresso, Milk, Milk Foam",4,291,1164,Card,2,January,1,Sunday,28,20
252,3193,Simran,28-01-2024,7.04.40 AM,Green Tea,Tea,"Green Tea Leaves, Water",4,190,760,Card,1,January,1,Sunday,28,7
253,2147,Simran,28-01-2024,6.16.49 PM,Croissant,Bakery,"Flour, Butter, Yeast",3,194,582,Cash,2,January,1,Sunday,28,18
254,3621,Aarav,28-01-2024,8.48.33 AM,Cappuccino,Coffee,"Espresso, Milk, Milk Foam",4,155,620,Cash,1,January,1,Sunday,28,8
255,7673,Pooja,29-01-2024,5.11.54 PM,Croissant,Bakery,"Flour, Butter, Yeast",3,144,432,Card,1,January,1,Monday,29,17
256,7763,Aarav,29-01-2024,12.42.17 PM,Cold Brew,Coffee,"Coffee Beans, Cold Water",2,280,560,UPI,2,January,1,Monday,29,12
257,3754,Nikhil,29-01-2024,10.05.04 AM,Americano,Coffee,"Espresso, Hot Water",2,269,538,Cash,3,January,1,Monday,29,10
258,3211,Aarav,29-01-2024,6.47.54 PM,Espresso,Coffee,"Espresso Beans, Water",4,272,1088,Cash,3,January,1,Monday,29,18
259,2392,Simran,29-01-2024,2.24.02 PM,Green Tea,Tea,"Green Tea Leaves, Water",3,252,756,UPI,1,January,1,Monday,29,14
260,1334,Rahul,29-01-2024,6.01.17 PM,Americano,Coffee,"Espresso, Hot Water",4,157,628,Cash,3,January,1,Monday,29,18
261,9282,Nikhil,29-01-2024,10.03.06 PM,Masala Tea,Tea,"Tea Leaves, Milk, Spices, Sugar",4,198,792,UPI,2,January,1,Monday,29,22
262,3718,Rahul,30-01-2024,1.21.45 PM,Cappuccino,Coffee,"Espresso, Milk, Milk Foam",2,347,694,Card,2,January,1,Tuesday,30,13
263,8329,Aarav,30-01-2024,6.39.26 PM,Espresso,Coffee,"Espresso Beans, Water",3,243,729,UPI,1,January,1,Tuesday,30,18
264,4445,Pooja,30-01-2024,2.13.06 PM,Green Tea,Tea,"Green Tea Leaves, Water",1,182,182,Card,2,January,1,Tuesday,30,14
265,2796,Karan,30-01-2024,8.25.23 PM,Masala Tea,Tea,"Tea Leaves, Milk, Spices, Sugar",4,219,876,Cash,2,January,1,Tuesday,30,20
266,9752,Rahul,30-01-2024,9.35.11 PM,Cappuccino,Coffee,"Espresso, Milk, Milk Foam",3,240,720,UPI,2,January,1,Tuesday,30,21
267,5827,Rahul,30-01-2024,9.59.02 AM,Green Tea,Tea,"Green Tea Leaves, Water",4,142,568,UPI,3,January,1,Tuesday,30,9
268,4988,Rahul,30-01-2024,2.02.04 PM,Croissant,Bakery,"Flour, Butter, Yeast",3,234,702,UPI,1,January,1,Tuesday,30,14
269,2166,Ananya,31-01-2024,8.50.47 PM,Latte,Coffee,"Espresso, Steamed Milk",4,220,880,Cash,2,January,1,Wednesday,31,20
270,8869,Aarav,31-01-2024,8.33.43 AM,Mocha,Coffee,"Espresso, Chocolate Syrup, Milk",4,265,1060,UPI,1,January,1,Wednesday,31,8
271,6131,Nikhil,31-01-2024,9.42.58 AM,Croissant,Bakery,"Flour, Butter, Yeast",4,255,1020,Cash,2,January,1,Wednesday,31,9
272,8530,Rahul,31-01-2024,9.17.44 AM,Cappuccino,Coffee,"Espresso, Milk, Milk Foam",4,275,1100,Cash,3,January,1,Wednesday,31,9
273,9272,Riya,31-01-2024,12.01.39 PM,Mocha,Coffee,"Espresso, Chocolate Syrup, Milk",4,286,1144,Cash,2,January,1,Wednesday,31,12
274,6472,Nikhil,31-01-2024,1.06.37 PM,Espresso,Coffee,"Espresso Beans, Water",3,219,657,Card,3,January,1,Wednesday,31,13
275,9807,Riya,31-01-2024,5.20.36 PM,Mocha,Coffee,"Espresso, Chocolate Syrup, Milk",1,246,246,Cash,1,January,1,Wednesday,31,17
276,5182,Rahul,31-01-2024,10.45.17 PM,Cold Brew,Coffee,"Coffee Beans, Cold Water",1,314,314,UPI,2,January,1,Wednesday,31,22
277,5762,Nikhil,31-01-2024,5.01.08 PM,Masala Tea,Tea,"Tea Leaves, Milk, Spices, Sugar",3,135,405,Card,1,January,1,Wednesday,31,17
278,9181,Pooja,31-01-2024,9.08.47 AM,Croissant,Bakery,"Flour, Butter, Yeast",2,169,338,Card,1,January,1,Wednesday,31,9
279,2901,Nikhil,31-01-2024,9.25.24 PM,Cappuccino,Coffee,"Espresso, Milk, Milk Foam",3,271,813,UPI,2,January,1,Wednesday,31,21
280,5808,Ananya,31-01-2024,11.55.29 AM,Espresso,Coffee,"Espresso Beans, Water",1,186,186,Card,3,January,1,Wednesday,31,11
281,9660,Rahul,01-02-2024,9.27.19 AM,Latte,Coffee,"Espresso, Steamed Milk",4,164,656,UPI,3,February,2,Thursday,1,9
282,9484,Simran,01-02-2024,3.01.32 PM,Hot Chocolate,Beverage,"Cocoa Powder, Milk, Sugar",3,191,573,Cash,2,February,2,Thursday,1,15
283,3005,Ananya,01-02-2024,2.02.23 PM,Americano,Coffee,"Espresso, Hot Water",4,231,924,Cash,3,February,2,Thursday,1,14
284,3807,Riya,01-02-2024,10.51.43 PM,Mocha,Coffee,"Espresso, Chocolate Syrup, Milk",4,257,1028,UPI,2,February,2,Thursday,1,22
285,1245,Nikhil,01-02-2024,1.12.26 PM,Cold Brew,Coffee,"Coffee Beans, Cold Water",1,155,155,UPI,2,February,2,Thursday,1,13
286,2488,Aarav,01-02-2024,1.18.52 PM,Cappuccino,Coffee,"Espresso, Milk, Milk Foam",2,195,390,Cash,3,February,2,Thursday,1,13
287,1060,Riya,01-02-2024,5.06.46 PM,Green Tea,Tea,"Green Tea Leaves, Water",4,130,520,UPI,3,February,2,Thursday,1,17
288,4198,Aarav,01-02-2024,10.45.18 PM,Mocha,Coffee,"Espresso, Chocolate Syrup, Milk",4,206,824,Card,3,February,2,Thursday,1,22
289,6442,Karan,01-02-2024,3.08.07 PM,Cold Brew,Coffee,"Coffee Beans, Cold Water",4,186,744,UPI,2,February,2,Thursday,1,15
290,7790,Karan,01-02-2024,10.07.18 PM,Green Tea,Tea,"Green Tea Leaves, Water",3,153,459,UPI,2,February,2,Thursday,1,22
291,2209,Karan,01-02-2024,7.13.53 PM,Mocha,Coffee,"Espresso, Chocolate Syrup, Milk",3,345,1035,Cash,1,February,2,Thursday,1,19
292,6870,Pooja,02-02-2024,4.11.35 PM,Espresso,Coffee,"Espresso Beans, Water",4,296,1184,Card,3,February,2,Friday,2,16
293,1360,Karan,02-02-2024,9.58.00 AM,Croissant,Bakery,"Flour, Butter, Yeast",1,212,212,Card,3,February,2,Friday,2,9
294,8922,Aarav,02-02-2024,10.20.21 PM,Croissant,Bakery,"Flour, Butter, Yeast",3,306,918,UPI,3,February,2,Friday,2,22
295,8986,Riya,02-02-2024,4.33.36 PM,Americano,Coffee,"Espresso, Hot Water",1,158,158,UPI,2,February,2,Friday,2,16
296,3291,Simran,02-02-2024,7.42.41 PM,Cold Brew,Coffee,"Coffee Beans, Cold Water",2,256,512,UPI,2,February,2,Friday,2,19
297,7967,Karan,02-02-2024,8.55.39 AM,Espresso,Coffee,"Espresso Beans, Water",3,286,858,Cash,1,February,2,Friday,2,8
298,7507,Ananya,02-02-2024,10.38.05 AM,Mocha,Coffee,"Espresso, Chocolate Syrup, Milk",4,326,1304,Card,1,February,2,Friday,2,10
299,7340,Karan,02-02-2024,7.28.54 PM,Masala Tea,Tea,"Tea Leaves, Milk, Spices, Sugar",3,349,1047,UPI,3,February,2,Friday,2,19
300,2627,Rahul,02-02-2024,8.18.16 AM,Croissant,Bakery,"Flour, Butter, Yeast",4,339,1356,Card,3,February,2,Friday,2,8
301,6076,Aarav,03-02-2024,1.46.19 PM,Americano,Coffee,"Espresso, Hot Water",3,268,804,Card,1,February,2,Saturday,3,13
302,3253,Simran,03-02-2024,9.55.24 PM,Cold Brew,Coffee,"Coffee Beans, Cold Water",4,172,688,Card,1,February,2,Saturday,3,21
303,3472,Aarav,03-02-2024,5.54.20 PM,Espresso,Coffee,"Espresso Beans, Water",3,179,537,Cash,1,February,2,Saturday,3,17
304,7140,Riya,03-02-2024,10.55.10 AM,Masala Tea,Tea,"Tea Leaves, Milk, Spices, Sugar",1,292,292,UPI,1,February,2,Saturday,3,10
305,2081,Pooja,03-02-2024,2.22.45 PM,Cold Brew,Coffee,"Coffee Beans, Cold Water",1,218,218,UPI,2,February,2,Saturday,3,14
306,5532,Ananya,03-02-2024,4.40.09 PM,Croissant,Bakery,"Flour, Butter, Yeast",1,148,148,Card,1,February,2,Saturday,3,16
307,8062,Rahul,04-02-2024,11.51.43 AM,Espresso,Coffee,"Espresso Beans, Water",2,322,644,Cash,2,February,2,Sunday,4,11
308,5904,Ananya,04-02-2024,3.11.32 PM,Hot Chocolate,Beverage,"Cocoa Powder, Milk, Sugar",1,278,278,Cash,2,February,2,Sunday,4,15
309,1668,Ananya,04-02-2024,7.26.04 AM,Mocha,Coffee,"Espresso, Chocolate Syrup, Milk",3,313,939,Cash,2,February,2,Sunday,4,7
310,1274,Riya,04-02-2024,5.17.05 PM,Espresso,Coffee,"Espresso Beans, Water",1,262,262,Cash,1,February,2,Sunday,4,17
311,5201,Riya,04-02-2024,10.47.26 AM,Latte,Coffee,"Espresso, Steamed Milk",1,197,197,UPI,1,February,2,Sunday,4,10
312,3181,Simran,04-02-2024,4.40.31 PM,Hot Chocolate,Beverage,"Cocoa Powder, Milk, Sugar",3,221,663,Cash,1,February,2,Sunday,4,16
313,7395,Nikhil,04-02-2024,9.04.31 AM,Cappuccino,Coffee,"Espresso, Milk, Milk Foam",1,209,209,Card,1,February,2,Sunday,4,9
314,4163,Riya,05-02-2024,9.30.14 PM,Latte,Coffee,"Espresso, Steamed Milk",4,226,904,Card,2,February,2,Monday,5,21
315,7405,Simran,05-02-2024,8.01.33 AM,Americano,Coffee,"Espresso, Hot Water",2,168,336,Card,1,February,2,Monday,5,8
316,7920,Nikhil,05-02-2024,9.05.36 AM,Latte,Coffee,"Espresso, Steamed Milk",4,144,576,Card,3,February,2,Monday,5,9
317,8751,Pooja,05-02-2024,12.43.23 PM,Cappuccino,Coffee,"Espresso, Milk, Milk Foam",1,327,327,Card,1,February,2,Monday,5,12
318,4505,Rahul,05-02-2024,7.42.40 AM,Latte,Coffee,"Espresso, Steamed Milk",4,312,1248,Cash,2,February,2,Monday,5,7
319,6806,Ananya,05-02-2024,7.26.30 AM,Croissant,Bakery,"Flour, Butter, Yeast",3,190,570,Cash,3,February,2,Monday,5,7
320,5713,Aarav,05-02-2024,7.12.42 PM,Masala Tea,Tea,"Tea Leaves, Milk, Spices, Sugar",4,229,916,UPI,3,February,2,Monday,5,19
321,6102,Rahul,05-02-2024,9.52.34 PM,Americano,Coffee,"Espresso, Hot Water",3,309,927,UPI,2,February,2,Monday,5,21
322,5471,Pooja,05-02-2024,3.52.58 PM,Masala Tea,Tea,"Tea Leaves, Milk, Spices, Sugar",2,320,640,UPI,1,February,2,Monday,5,15
323,9066,Rahul,06-02-2024,12.01.59 PM,Green Tea,Tea,"Green Tea Leaves, Water",1,195,195,UPI,1,February,2,Tuesday,6,12
324,7294,Karan,06-02-2024,1.25.22 PM,Cold Brew,Coffee,"Coffee Beans, Cold Water",2,191,382,Card,3,February,2,Tuesday,6,13
325,7127,Nikhil,06-02-2024,9.16.14 PM,Mocha,Coffee,"Espresso, Chocolate Syrup, Milk",3,179,537,Card,2,February,2,Tuesday,6,21
326,6708,Rahul,06-02-2024,9.19.59 AM,Americano,Coffee,"Espresso, Hot Water",4,128,512,Cash,2,February,2,Tuesday,6,9
327,2426,Nikhil,06-02-2024,12.46.40 PM,Green Tea,Tea,"Green Tea Leaves, Water",2,258,516,Cash,1,February,2,Tuesday,6,12
328,6352,Pooja,06-02-2024,1.14.57 PM,Masala Tea,Tea,"Tea Leaves, Milk, Spices, Sugar",3,129,387,Card,1,February,2,Tuesday,6,13
329,9540,Pooja,06-02-2024,3.27.58 PM,Masala Tea,Tea,"Tea Leaves, Milk, Spices, Sugar",2,339,678,Cash,2,February,2,Tuesday,6,15
330,3293,Simran,06-02-2024,11.41.41 AM,Cold Brew,Coffee,"Coffee Beans, Cold Water",1,318,318,UPI,3,February,2,Tuesday,6,11
331,8772,Nikhil,06-02-2024,3.24.48 PM,Green Tea,Tea,"Green Tea Leaves, Water",4,237,948,UPI,3,February,2,Tuesday,6,15
332,2402,Ananya,06-02-2024,5.19.47 PM,Mocha,Coffee,"Espresso, Chocolate Syrup, Milk",3,148,444,UPI,1,February,2,Tuesday,6,17
333,4561,Rahul,07-02-2024,2.53.22 PM,Mocha,Coffee,"Espresso, Chocolate Syrup, Milk",2,294,588,UPI,1,February,2,Wednesday,7,14
334,3436,Ananya,07-02-2024,4.52.41 PM,Green Tea,Tea,"Green Tea Leaves, Water",1,229,229,UPI,2,February,2,Wednesday,7,16
335,6460,Ananya,07-02-2024,8.26.58 AM,Croissant,Bakery,"Flour, Butter, Yeast",1,346,346,Cash,2,February,2,Wednesday,7,8
336,2091,Pooja,07-02-2024,9.38.45 PM,Green Tea,Tea,"Green Tea Leaves, Water",1,292,292,Card,1,February,2,Wednesday,7,21
337,8706,Karan,07-02-2024,10.51.14 PM,Latte,Coffee,"Espresso, Steamed Milk",4,274,1096,UPI,2,February,2,Wednesday,7,22
338,8068,Aarav,07-02-2024,7.39.28 AM,Masala Tea,Tea,"Tea Leaves, Milk, Spices, Sugar",4,266,1064,Cash,3,February,2,Wednesday,7,7
339,6838,Aarav,07-02-2024,12.30.04 PM,Cold Brew,Coffee,"Coffee Beans, Cold Water",1,226,226,Card,2,February,2,Wednesday,7,12
340,5255,Aarav,08-02-2024,8.52.18 PM,Cappuccino,Coffee,"Espresso, Milk, Milk Foam",3,270,810,UPI,2,February,2,Thursday,8,20
341,8210,Karan,08-02-2024,9.37.21 AM,Croissant,Bakery,"Flour, Butter, Yeast",2,287,574,Card,1,February,2,Thursday,8,9
342,5648,Pooja,08-02-2024,8.52.29 AM,Cold Brew,Coffee,"Coffee Beans, Cold Water",1,300,300,Cash,1,February,2,Thursday,8,8
343,4101,Riya,08-02-2024,12.12.01 PM,Mocha,Coffee,"Espresso, Chocolate Syrup, Milk",2,209,418,UPI,1,February,2,Thursday,8,12
344,5127,Nikhil,08-02-2024,5.39.03 PM,Hot Chocolate,Beverage,"Cocoa Powder, Milk, Sugar",4,204,816,UPI,2,February,2,Thursday,8,17
345,7201,Karan,09-02-2024,8.07.54 AM,Green Tea,Tea,"Green Tea Leaves, Water",1,121,121,Card,1,February,2,Friday,9,8
346,8308,Rahul,09-02-2024,10.33.38 AM,Espresso,Coffee,"Espresso Beans, Water",2,312,624,Card,2,February,2,Friday,9,10
347,4281,Rahul,09-02-2024,7.16.49 PM,Green Tea,Tea,"Green Tea Leaves, Water",2,209,418,UPI,3,February,2,Friday,9,19
348,1999,Pooja,09-02-2024,11.46.26 AM,Croissant,Bakery,"Flour, Butter, Yeast",1,319,319,UPI,3,February,2,Friday,9,11
349,5709,Karan,09-02-2024,7.36.23 AM,Latte,Coffee,"Espresso, Steamed Milk",4,309,1236,Card,2,February,2,Friday,9,7
350,7942,Ananya,09-02-2024,8.36.20 AM,Espresso,Coffee,"Espresso Beans, Water",2,291,582,Card,2,February,2,Friday,9,8
351,7915,Aarav,10-02-2024,10.47.36 PM,Hot Chocolate,Beverage,"Cocoa Powder, Milk, Sugar",3,333,999,Card,1,February,2,Saturday,10,22
352,2667,Karan,10-02-2024,5.53.36 PM,Cappuccino,Coffee,"Espresso, Milk, Milk Foam",2,281,562,UPI,2,February,2,Saturday,10,17
353,9290,Simran,10-02-2024,5.36.59 PM,Cold Brew,Coffee,"Coffee Beans, Cold Water",2,237,474,Cash,2,February,2,Saturday,10,17
354,2185,Nikhil,10-02-2024,7.09.18 AM,Green Tea,Tea,"Green Tea Leaves, Water",2,152,304,UPI,3,February,2,Saturday,10,7
355,1160,Rahul,10-02-2024,1.21.56 PM,Hot Chocolate,Beverage,"Cocoa Powder, Milk, Sugar",1,302,302,Card,3,February,2,Saturday,10,13
356,3480,Rahul,10-02-2024,8.48.33 PM,Americano,Coffee,"Espresso, Hot Water",4,349,1396,UPI,1,February,2,Saturday,10,20
357,4147,Riya,10-02-2024,1.17.47 PM,Latte,Coffee,"Espresso, Steamed Milk",2,338,676,Cash,1,February,2,Saturday,10,13
358,2115,Aarav,10-02-2024,8.20.37 AM,Green Tea,Tea,"Green Tea Leaves, Water",4,214,856,Card,3,February,2,Saturday,10,8
359,2895,Nikhil,11-02-2024,9.59.12 AM,Latte,Coffee,"Espresso, Steamed Milk",2,317,634,Card,2,February,2,Sunday,11,9
360,2774,Pooja,11-02-2024,6.26.44 PM,Mocha,Coffee,"Espresso, Chocolate Syrup, Milk",1,316,316,UPI,2,February,2,Sunday,11,18
361,8932,Aarav,11-02-2024,5.01.03 PM,Americano,Coffee,"Espresso, Hot Water",3,196,588,UPI,1,February,2,Sunday,11,17
362,2444,Nikhil,11-02-2024,2.20.53 PM,Green Tea,Tea,"Green Tea Leaves, Water",3,152,456,Card,3,February,2,Sunday,11,14
363,2391,Simran,11-02-2024,9.33.02 PM,Cold Brew,Coffee,"Coffee Beans, Cold Water",2,219,438,Cash,1,February,2,Sunday,11,21
364,2200,Nikhil,11-02-2024,7.24.50 PM,Hot Chocolate,Beverage,"Cocoa Powder, Milk, Sugar",2,330,660,Cash,3,February,2,Sunday,11,19
365,5540,Simran,11-02-2024,10.29.38 PM,Croissant,Bakery,"Flour, Butter, Yeast",4,149,596,Card,3,February,2,Sunday,11,22
366,4764,Aarav,12-02-2024,10.56.05 PM,Croissant,Bakery,"Flour, Butter, Yeast",4,198,792,Cash,1,February,2,Monday,12,22
367,3306,Karan,12-02-2024,3.13.38 PM,Cold Brew,Coffee,"Coffee Beans, Cold Water",3,265,795,UPI,1,February,2,Monday,12,15
368,5091,Karan,12-02-2024,8.01.51 PM,Latte,Coffee,"Espresso, Steamed Milk",4,323,1292,Cash,3,February,2,Monday,12,20
369,6701,Pooja,12-02-2024,7.54.02 PM,Hot Chocolate,Beverage,"Cocoa Powder, Milk, Sugar",2,247,494,UPI,3,February,2,Monday,12,19
370,1472,Ananya,12-02-2024,9.39.59 PM,Americano,Coffee,"Espresso, Hot Water",3,180,540,Cash,1,February,2,Monday,12,21
371,8802,Aarav,12-02-2024,1.54.04 PM,Hot Chocolate,Beverage,"Cocoa Powder, Milk, Sugar",3,153,459,Card,2,February,2,Monday,12,13
372,2932,Karan,12-02-2024,8.44.25 AM,Green Tea,Tea,"Green Tea Leaves, Water",2,159,318,Card,3,February,2,Monday,12,8
373,4385,Rahul,12-02-2024,2.29.57 PM,Masala Tea,Tea,"Tea Leaves, Milk, Spices, Sugar",1,200,200,Card,3,February,2,Monday,12,14
374,2804,Rahul,13-02-2024,8.44.42 AM,Masala Tea,Tea,"Tea Leaves, Milk, Spices, Sugar",2,181,362,Cash,1,February,2,Tuesday,13,8
375,3639,Rahul,13-02-2024,12.39.05 PM,Mocha,Coffee,"Espresso, Chocolate Syrup, Milk",2,308,616,Card,1,February,2,Tuesday,13,12
376,1261,Rahul,13-02-2024,2.35.42 PM,Cappuccino,Coffee,"Espresso, Milk, Milk Foam",3,155,465,Cash,3,February,2,Tuesday,13,14
377,3592,Simran,13-02-2024,10.52.42 AM,Cold Brew,Coffee,"Coffee Beans, Cold Water",3,300,900,UPI,1,February,2,Tuesday,13,10
378,1297,Karan,13-02-2024,3.35.11 PM,Americano,Coffee,"Espresso, Hot Water",2,342,684,UPI,2,February,2,Tuesday,13,15
379,6847,Pooja,13-02-2024,7.26.35 PM,Masala Tea,Tea,"Tea Leaves, Milk, Spices, Sugar",2,279,558,Card,1,February,2,Tuesday,13,19
380,6196,Simran,13-02-2024,7.26.41 PM,Croissant,Bakery,"Flour, Butter, Yeast",1,309,309,UPI,2,February,2,Tuesday,13,19
381,9987,Rahul,13-02-2024,5.26.47 PM,Cappuccino,Coffee,"Espresso, Milk, Milk Foam",3,123,369,UPI,3,February,2,Tuesday,13,17
382,3535,Simran,13-02-2024,10.02.20 AM,Mocha,Coffee,"Espresso, Chocolate Syrup, Milk",4,186,744,UPI,1,February,2,Tuesday,13,10
383,8259,Aarav,13-02-2024,12.04.09 PM,Cappuccino,Coffee,"Espresso, Milk, Milk Foam",2,284,568,Cash,3,February,2,Tuesday,13,12
384,4445,Rahul,13-02-2024,10.38.04 AM,Cold Brew,Coffee,"Coffee Beans, Cold Water",1,308,308,Card,3,February,2,Tuesday,13,10
385,3261,Simran,13-02-2024,10.41.24 PM,Masala Tea,Tea,"Tea Leaves, Milk, Spices, Sugar",3,345,1035,Cash,3,February,2,Tuesday,13,22
386,2717,Riya,14-02-2024,10.30.36 PM,Hot Chocolate,Beverage,"Cocoa Powder, Milk, Sugar",3,331,993,Cash,2,February,2,Wednesday,14,22
387,6997,Nikhil,14-02-2024,11.21.09 AM,Cold Brew,Coffee,"Coffee Beans, Cold Water",2,288,576,Card,2,February,2,Wednesday,14,11
388,3179,Riya,14-02-2024,8.03.32 PM,Mocha,Coffee,"Espresso, Chocolate Syrup, Milk",2,319,638,Card,1,February,2,Wednesday,14,20
389,2708,Nikhil,14-02-2024,11.44.55 AM,Green Tea,Tea,"Green Tea Leaves, Water",3,309,927,UPI,1,February,2,Wednesday,14,11
390,4450,Rahul,14-02-2024,12.14.56 PM,Cold Brew,Coffee,"Coffee Beans, Cold Water",4,309,1236,Card,1,February,2,Wednesday,14,12
391,6304,Nikhil,14-02-2024,8.53.53 PM,Croissant,Bakery,"Flour, Butter, Yeast",1,140,140,Cash,2,February,2,Wednesday,14,20
392,7800,Simran,15-02-2024,1.37.08 PM,Latte,Coffee,"Espresso, Steamed Milk",4,205,820,Card,3,February,2,Thursday,15,13
393,8870,Ananya,15-02-2024,5.41.36 PM,Espresso,Coffee,"Espresso Beans, Water",2,301,602,UPI,3,February,2,Thursday,15,17
394,9729,Simran,15-02-2024,12.18.17 PM,Espresso,Coffee,"Espresso Beans, Water",3,126,378,Card,3,February,2,Thursday,15,12
395,2969,Riya,15-02-2024,11.25.38 AM,Croissant,Bakery,"Flour, Butter, Yeast",1,350,350,Card,2,February,2,Thursday,15,11
396,4484,Karan,15-02-2024,8.28.00 AM,Cappuccino,Coffee,"Espresso, Milk, Milk Foam",4,295,1180,UPI,3,February,2,Thursday,15,8
397,5494,Ananya,16-02-2024,7.47.19 PM,Croissant,Bakery,"Flour, Butter, Yeast",4,170,680,Cash,1,February,2,Friday,16,19
398,9678,Simran,16-02-2024,8.20.11 PM,Green Tea,Tea,"Green Tea Leaves, Water",4,192,768,Cash,1,February,2,Friday,16,20
399,3810,Riya,16-02-2024,9.30.33 AM,Americano,Coffee,"Espresso, Hot Water",3,163,489,Cash,3,February,2,Friday,16,9
400,7728,Aarav,16-02-2024,2.36.55 PM,Hot Chocolate,Beverage,"Cocoa Powder, Milk, Sugar",2,330,660,UPI,1,February,2,Friday,16,14
401,6413,Karan,16-02-2024,6.44.06 PM,Hot Chocolate,Beverage,"Cocoa Powder, Milk, Sugar",4,259,1036,Card,3,February,2,Friday,16,18
402,7715,Aarav,16-02-2024,10.22.02 PM,Latte,Coffee,"Espresso, Steamed Milk",1,263,263,Cash,2,February,2,Friday,16,22
403,9646,Nikhil,16-02-2024,9.42.32 AM,Masala Tea,Tea,"Tea Leaves, Milk, Spices, Sugar",4,257,1028,Card,3,February,2,Friday,16,9
404,1617,Pooja,16-02-2024,5.13.58 PM,Hot Chocolate,Beverage,"Cocoa Powder, Milk, Sugar",1,281,281,Card,2,February,2,Friday,16,17
405,7885,Rahul,16-02-2024,10.09.55 AM,Cold Brew,Coffee,"Coffee Beans, Cold Water",3,236,708,Cash,1,February,2,Friday,16,10
406,5879,Karan,17-02-2024,9.51.09 PM,Cold Brew,Coffee,"Coffee Beans, Cold Water",2,233,466,UPI,3,February,2,Saturday,17,21
407,3983,Pooja,17-02-2024,10.54.24 AM,Cappuccino,Coffee,"Espresso, Milk, Milk Foam",2,242,484,UPI,1,February,2,Saturday,17,10
408,6732,Aarav,17-02-2024,7.59.34 PM,Cappuccino,Coffee,"Espresso, Milk, Milk Foam",4,260,1040,UPI,1,February,2,Saturday,17,19
409,7685,Aarav,17-02-2024,12.33.14 PM,Cold Brew,Coffee,"Coffee Beans, Cold Water",1,317,317,Cash,2,February,2,Saturday,17,12
410,9154,Riya,17-02-2024,9.09.46 AM,Mocha,Coffee,"Espresso, Chocolate Syrup, Milk",1,163,163,Card,1,February,2,Saturday,17,9
411,3095,Aarav,17-02-2024,6.40.03 PM,Latte,Coffee,"Espresso, Steamed Milk",2,287,574,Card,1,February,2,Saturday,17,18
412,3111,Karan,17-02-2024,9.01.56 PM,Mocha,Coffee,"Espresso, Chocolate Syrup, Milk",3,133,399,Card,2,February,2,Saturday,17,21
413,6650,Pooja,17-02-2024,4.51.08 PM,Latte,Coffee,"Espresso, Steamed Milk",3,315,945,Cash,1,February,2,Saturday,17,16
414,6693,Ananya,17-02-2024,5.13.25 PM,Cold Brew,Coffee,"Coffee Beans, Cold Water",1,234,234,UPI,1,February,2,Saturday,17,17
415,7234,Pooja,18-02-2024,3.16.11 PM,Latte,Coffee,"Espresso, Steamed Milk",2,283,566,UPI,3,February,2,Sunday,18,15
416,8663,Rahul,18-02-2024,5.20.29 PM,Espresso,Coffee,"Espresso Beans, Water",2,207,414,UPI,1,February,2,Sunday,18,17
417,7218,Riya,18-02-2024,3.12.18 PM,Green Tea,Tea,"Green Tea Leaves, Water",2,180,360,Card,2,February,2,Sunday,18,15
418,6476,Rahul,18-02-2024,5.56.28 PM,Cold Brew,Coffee,"Coffee Beans, Cold Water",4,282,1128,UPI,3,February,2,Sunday,18,17
419,2558,Nikhil,18-02-2024,6.52.09 PM,Green Tea,Tea,"Green Tea Leaves, Water",1,278,278,UPI,3,February,2,Sunday,18,18
420,7903,Aarav,18-02-2024,10.48.48 PM,Mocha,Coffee,"Espresso, Chocolate Syrup, Milk",1,193,193,Card,1,February,2,Sunday,18,22
421,5574,Riya,18-02-2024,7.59.45 PM,Cold Brew,Coffee,"Coffee Beans, Cold Water",4,217,868,UPI,2,February,2,Sunday,18,19
422,7355,Simran,19-02-2024,9.59.11 PM,Cappuccino,Coffee,"Espresso, Milk, Milk Foam",2,228,456,UPI,2,February,2,Monday,19,21
423,3031,Nikhil,19-02-2024,6.26.02 PM,Masala Tea,Tea,"Tea Leaves, Milk, Spices, Sugar",2,281,562,UPI,2,February,2,Monday,19,18
424,6503,Aarav,19-02-2024,10.53.31 PM,Green Tea,Tea,"Green Tea Leaves, Water",2,183,366,UPI,3,February,2,Monday,19,22
425,5600,Nikhil,19-02-2024,8.14.00 PM,Hot Chocolate,Beverage,"Cocoa Powder, Milk, Sugar",1,308,308,Card,3,February,2,Monday,19,20
426,3676,Karan,19-02-2024,8.28.30 AM,Hot Chocolate,Beverage,"Cocoa Powder, Milk, Sugar",4,342,1368,Card,2,February,2,Monday,19,8
427,3856,Simran,19-02-2024,9.20.57 AM,Espresso,Coffee,"Espresso Beans, Water",4,263,1052,Cash,3,February,2,Monday,19,9
428,6667,Simran,19-02-2024,2.22.04 PM,Mocha,Coffee,"Espresso, Chocolate Syrup, Milk",1,177,177,Cash,3,February,2,Monday,19,14
429,4131,Nikhil,19-02-2024,8.00.11 PM,Hot Chocolate,Beverage,"Cocoa Powder, Milk, Sugar",1,294,294,Card,2,February,2,Monday,19,20
430,2937,Karan,19-02-2024,3.34.12 PM,Cappuccino,Coffee,"Espresso, Milk, Milk Foam",2,177,354,Card,1,February,2,Monday,19,15
431,5520,Ananya,20-02-2024,9.41.55 AM,Latte,Coffee,"Espresso, Steamed Milk",2,258,516,Card,2,February,2,Tuesday,20,9
432,5403,Nikhil,20-02-2024,1.59.48 PM,Hot Chocolate,Beverage,"Cocoa Powder, Milk, Sugar",1,297,297,Cash,2,February,2,Tuesday,20,13
433,5073,Rahul,20-02-2024,9.07.38 PM,Americano,Coffee,"Espresso, Hot Water",4,291,1164,Cash,3,February,2,Tuesday,20,21
434,9074,Ananya,20-02-2024,8.18.54 AM,Hot Chocolate,Beverage,"Cocoa Powder, Milk, Sugar",4,163,652,Card,1,February,2,Tuesday,20,8
435,7882,Karan,20-02-2024,8.20.28 AM,Latte,Coffee,"Espresso, Steamed Milk",2,229,458,Card,1,February,2,Tuesday,20,8
436,8202,Riya,21-02-2024,9.21.24 AM,Mocha,Coffee,"Espresso, Chocolate Syrup, Milk",2,149,298,Card,1,February,2,Wednesday,21,9
437,7533,Nikhil,21-02-2024,12.22.45 PM,Cold Brew,Coffee,"Coffee Beans, Cold Water",4,300,1200,UPI,1,February,2,Wednesday,21,12
438,3584,Aarav,21-02-2024,9.42.05 PM,Croissant,Bakery,"Flour, Butter, Yeast",3,273,819,Cash,1,February,2,Wednesday,21,21
439,7605,Riya,21-02-2024,2.35.04 PM,Masala Tea,Tea,"Tea Leaves, Milk, Spices, Sugar",4,315,1260,UPI,3,February,2,Wednesday,21,14
440,6199,Pooja,21-02-2024,8.31.39 PM,Cappuccino,Coffee,"Espresso, Milk, Milk Foam",4,166,664,Card,1,February,2,Wednesday,21,20
441,3353,Simran,21-02-2024,8.49.00 AM,Latte,Coffee,"Espresso, Steamed Milk",2,292,584,Card,3,February,2,Wednesday,21,8
442,3054,Ananya,21-02-2024,10.45.02 PM,Hot Chocolate,Beverage,"Cocoa Powder, Milk, Sugar",1,171,171,Cash,2,February,2,Wednesday,21,22
443,3304,Ananya,21-02-2024,8.50.44 AM,Mocha,Coffee,"Espresso, Chocolate Syrup, Milk",4,132,528,UPI,3,February,2,Wednesday,21,8
444,5354,Ananya,21-02-2024,11.18.15 AM,Masala Tea,Tea,"Tea Leaves, Milk, Spices, Sugar",4,259,1036,Cash,3,February,2,Wednesday,21,11
445,2628,Pooja,21-02-2024,12.52.59 PM,Cappuccino,Coffee,"Espresso, Milk, Milk Foam",4,282,1128,Cash,3,February,2,Wednesday,21,12
446,9139,Nikhil,22-02-2024,2.25.56 PM,Cold Brew,Coffee,"Coffee Beans, Cold Water",3,328,984,UPI,3,February,2,Thursday,22,14
447,2530,Pooja,22-02-2024,8.34.53 AM,Cold Brew,Coffee,"Coffee Beans, Cold Water",4,350,1400,Cash,3,February,2,Thursday,22,8
448,5806,Pooja,22-02-2024,9.04.40 PM,Croissant,Bakery,"Flour, Butter, Yeast",1,209,209,Card,2,February,2,Thursday,22,21
449,5661,Riya,22-02-2024,2.35.16 PM,Americano,Coffee,"Espresso, Hot Water",4,325,1300,UPI,1,February,2,Thursday,22,14
450,7255,Karan,22-02-2024,10.24.01 AM,Hot Chocolate,Beverage,"Cocoa Powder, Milk, Sugar",1,126,126,Cash,1,February,2,Thursday,22,10
451,5470,Pooja,22-02-2024,8.05.27 PM,Cappuccino,Coffee,"Espresso, Milk, Milk Foam",2,177,354,UPI,2,February,2,Thursday,22,20
452,6895,Ananya,22-02-2024,6.58.40 PM,Espresso,Coffee,"Espresso Beans, Water",2,161,322,UPI,3,February,2,Thursday,22,18
453,7293,Aarav,22-02-2024,9.35.38 AM,Cappuccino,Coffee,"Espresso, Milk, Milk Foam",1,307,307,Cash,2,February,2,Thursday,22,9
454,4258,Ananya,23-02-2024,7.04.20 PM,Cappuccino,Coffee,"Espresso, Milk, Milk Foam",2,121,242,Cash,3,February,2,Friday,23,19
455,2526,Simran,23-02-2024,8.16.19 PM,Masala Tea,Tea,"Tea Leaves, Milk, Spices, Sugar",4,278,1112,UPI,3,February,2,Friday,23,20
456,9422,Simran,23-02-2024,8.20.49 PM,Green Tea,Tea,"Green Tea Leaves, Water",2,127,254,Cash,2,February,2,Friday,23,20
457,1244,Nikhil,23-02-2024,7.34.58 PM,Cold Brew,Coffee,"Coffee Beans, Cold Water",2,280,560,Card,2,February,2,Friday,23,19
458,6039,Rahul,23-02-2024,11.50.56 AM,Hot Chocolate,Beverage,"Cocoa Powder, Milk, Sugar",2,346,692,Cash,2,February,2,Friday,23,11
459,7306,Pooja,23-02-2024,5.50.29 PM,Mocha,Coffee,"Espresso, Chocolate Syrup, Milk",2,190,380,Cash,1,February,2,Friday,23,17
460,4295,Ananya,23-02-2024,7.01.03 AM,Masala Tea,Tea,"Tea Leaves, Milk, Spices, Sugar",1,200,200,Cash,2,February,2,Friday,23,7
461,2628,Pooja,23-02-2024,1.05.08 PM,Latte,Coffee,"Espresso, Steamed Milk",1,208,208,Cash,3,February,2,Friday,23,13
462,5367,Ananya,24-02-2024,6.55.45 PM,Latte,Coffee,"Espresso, Steamed Milk",2,321,642,Card,3,February,2,Saturday,24,18
463,6949,Nikhil,24-02-2024,8.19.27 PM,Espresso,Coffee,"Espresso Beans, Water",1,230,230,Cash,1,February,2,Saturday,24,20
464,2336,Pooja,24-02-2024,8.14.44 AM,Cappuccino,Coffee,"Espresso, Milk, Milk Foam",2,138,276,Card,3,February,2,Saturday,24,8
465,3950,Karan,24-02-2024,4.43.49 PM,Americano,Coffee,"Espresso, Hot Water",1,223,223,Card,3,February,2,Saturday,24,16
466,1571,Nikhil,24-02-2024,10.57.26 PM,Mocha,Coffee,"Espresso, Chocolate Syrup, Milk",4,161,644,Card,1,February,2,Saturday,24,22
467,3208,Aarav,24-02-2024,8.14.00 PM,Croissant,Bakery,"Flour, Butter, Yeast",1,231,231,Card,1,February,2,Saturday,24,20
468,1540,Simran,24-02-2024,9.33.12 AM,Croissant,Bakery,"Flour, Butter, Yeast",3,231,693,UPI,2,February,2,Saturday,24,9
469,1719,Karan,24-02-2024,4.16.35 PM,Croissant,Bakery,"Flour, Butter, Yeast",1,168,168,UPI,1,February,2,Saturday,24,16
470,7811,Nikhil,24-02-2024,7.30.01 PM,Mocha,Coffee,"Espresso, Chocolate Syrup, Milk",2,198,396,Cash,2,February,2,Saturday,24,19
471,3624,Aarav,24-02-2024,10.23.05 AM,Espresso,Coffee,"Espresso Beans, Water",2,151,302,Cash,1,February,2,Saturday,24,10
472,1456,Ananya,24-02-2024,9.17.36 PM,Espresso,Coffee,"Espresso Beans, Water",1,170,170,UPI,2,February,2,Saturday,24,21
473,9714,Riya,25-02-2024,12.13.41 PM,Green Tea,Tea,"Green Tea Leaves, Water",2,200,400,Cash,1,February,2,Sunday,25,12
474,5923,Riya,25-02-2024,2.52.33 PM,Green Tea,Tea,"Green Tea Leaves, Water",2,228,456,Cash,3,February,2,Sunday,25,14
475,7250,Pooja,25-02-2024,9.36.41 PM,Latte,Coffee,"Espresso, Steamed Milk",3,255,765,Card,2,February,2,Sunday,25,21
476,5895,Rahul,25-02-2024,10.04.14 AM,Latte,Coffee,"Espresso, Steamed Milk",1,132,132,Card,2,February,2,Sunday,25,10
477,4015,Pooja,25-02-2024,11.46.44 AM,Americano,Coffee,"Espresso, Hot Water",1,327,327,UPI,3,February,2,Sunday,25,11
478,9519,Karan,25-02-2024,11.25.07 AM,Espresso,Coffee,"Espresso Beans, Water",3,228,684,Cash,2,February,2,Sunday,25,11
479,2925,Aarav,25-02-2024,3.07.08 PM,Latte,Coffee,"Espresso, Steamed Milk",2,322,644,UPI,3,February,2,Sunday,25,15
480,7881,Aarav,25-02-2024,12.31.45 PM,Mocha,Coffee,"Espresso, Chocolate Syrup, Milk",2,218,436,UPI,1,February,2,Sunday,25,12
481,4484,Riya,25-02-2024,8.41.29 AM,Green Tea,Tea,"Green Tea Leaves, Water",2,306,612,Card,2,February,2,Sunday,25,8
482,1442,Aarav,25-02-2024,9.00.01 PM,Espresso,Coffee,"Espresso Beans, Water",4,269,1076,UPI,2,February,2,Sunday,25,21
483,5891,Rahul,25-02-2024,10.48.08 PM,Cold Brew,Coffee,"Coffee Beans, Cold Water",3,168,504,Card,2,February,2,Sunday,25,22
484,6650,Ananya,25-02-2024,9.35.47 PM,Americano,Coffee,"Espresso, Hot Water",3,188,564,Card,2,February,2,Sunday,25,21
485,2677,Rahul,26-02-2024,7.26.20 PM,Green Tea,Tea,"Green Tea Leaves, Water",1,330,330,UPI,1,February,2,Monday,26,19
486,8394,Nikhil,26-02-2024,12.12.39 PM,Espresso,Coffee,"Espresso Beans, Water",4,120,480,UPI,3,February,2,Monday,26,12
487,5545,Pooja,26-02-2024,10.14.57 AM,Latte,Coffee,"Espresso, Steamed Milk",2,303,606,Card,2,February,2,Monday,26,10
488,4783,Riya,26-02-2024,8.35.28 AM,Latte,Coffee,"Espresso, Steamed Milk",2,278,556,UPI,2,February,2,Monday,26,8
489,6653,Karan,26-02-2024,12.15.14 PM,Mocha,Coffee,"Espresso, Chocolate Syrup, Milk",2,181,362,Cash,3,February,2,Monday,26,12
490,4385,Simran,26-02-2024,9.41.10 PM,Mocha,Coffee,"Espresso, Chocolate Syrup, Milk",1,124,124,Card,3,February,2,Monday,26,21
491,1463,Rahul,26-02-2024,6.29.07 PM,Espresso,Coffee,"Espresso Beans, Water",3,202,606,Card,3,February,2,Monday,26,18
492,4344,Rahul,26-02-2024,12.57.32 PM,Croissant,Bakery,"Flour, Butter, Yeast",4,162,648,UPI,1,February,2,Monday,26,12
493,8629,Rahul,26-02-2024,7.09.14 PM,Croissant,Bakery,"Flour, Butter, Yeast",4,290,1160,UPI,2,February,2,Monday,26,19
494,1586,Riya,27-02-2024,9.17.03 PM,Espresso,Coffee,"Espresso Beans, Water",1,298,298,Card,2,February,2,Tuesday,27,21
495,6549,Aarav,27-02-2024,8.23.01 PM,Americano,Coffee,"Espresso, Hot Water",4,132,528,UPI,2,February,2,Tuesday,27,20
496,7167,Pooja,27-02-2024,10.27.31 AM,Croissant,Bakery,"Flour, Butter, Yeast",2,295,590,Cash,3,February,2,Tuesday,27,10
497,4774,Nikhil,27-02-2024,10.44.34 PM,Green Tea,Tea,"Green Tea Leaves, Water",1,262,262,Card,2,February,2,Tuesday,27,22
498,7742,Karan,27-02-2024,1.29.40 PM,Croissant,Bakery,"Flour, Butter, Yeast",1,242,242,Card,3,February,2,Tuesday,27,13
499,1685,Simran,27-02-2024,6.04.25 PM,Americano,Coffee,"Espresso, Hot Water",3,323,969,Cash,3,February,2,Tuesday,27,18
500,1717,Karan,27-02-2024,9.56.40 PM,Latte,Coffee,"Espresso, Steamed Milk",4,204,816,UPI,1,February,2,Tuesday,27,21
501,5281,Riya,28-02-2024,12.53.59 PM,Espresso,Coffee,"Espresso Beans, Water",1,253,253,Card,3,February,2,Wednesday,28,12
502,8171,Simran,28-02-2024,7.52.42 PM,Masala Tea,Tea,"Tea Leaves, Milk, Spices, Sugar",4,127,508,Cash,1,February,2,Wednesday,28,19
503,4035,Simran,28-02-2024,6.29.54 PM,Mocha,Coffee,"Espresso, Chocolate Syrup, Milk",3,129,387,UPI,2,February,2,Wednesday,28,18
504,7992,Pooja,28-02-2024,8.40.28 AM,Latte,Coffee,"Espresso, Steamed Milk",3,277,831,Cash,1,February,2,Wednesday,28,8
505,6673,Aarav,28-02-2024,2.31.01 PM,Croissant,Bakery,"Flour, Butter, Yeast",4,122,488,Card,3,February,2,Wednesday,28,14
506,7838,Riya,29-02-2024,2.38.21 PM,Masala Tea,Tea,"Tea Leaves, Milk, Spices, Sugar",4,253,1012,Card,2,February,2,Thursday,29,14
507,8370,Pooja,29-02-2024,2.56.57 PM,Cold Brew,Coffee,"Coffee Beans, Cold Water",2,301,602,UPI,2,February,2,Thursday,29,14
508,3726,Riya,29-02-2024,2.30.58 PM,Croissant,Bakery,"Flour, Butter, Yeast",4,224,896,Cash,1,February,2,Thursday,29,14
509,5984,Ananya,29-02-2024,11.51.59 AM,Espresso,Coffee,"Espresso Beans, Water",1,231,231,Cash,2,February,2,Thursday,29,11
510,6722,Rahul,29-02-2024,10.04.32 AM,Green Tea,Tea,"Green Tea Leaves, Water",3,301,903,Card,1,February,2,Thursday,29,10
511,9003,Nikhil,29-02-2024,7.20.45 AM,Hot Chocolate,Beverage,"Cocoa Powder, Milk, Sugar",2,210,420,Card,1,February,2,Thursday,29,7
512,9533,Karan,29-02-2024,7.16.10 PM,Hot Chocolate,Beverage,"Cocoa Powder, Milk, Sugar",3,325,975,Card,2,February,2,Thursday,29,19
513,8995,Simran,29-02-2024,2.21.56 PM,Green Tea,Tea,"Green Tea Leaves, Water",1,336,336,UPI,1,February,2,Thursday,29,14
514,1035,Rahul,29-02-2024,6.14.59 PM,Green Tea,Tea,"Green Tea Leaves, Water",2,259,518,Cash,1,February,2,Thursday,29,18
515,3208,Pooja,29-02-2024,10.43.13 AM,Green Tea,Tea,"Green Tea Leaves, Water",3,326,978,Card,2,February,2,Thursday,29,10
516,1080,Nikhil,01-03-2024,9.36.46 AM,Latte,Coffee,"Espresso, Steamed Milk",3,250,750,Cash,2,March,3,Friday,1,9
517,3879,Karan,01-03-2024,10.29.43 AM,Cold Brew,Coffee,"Coffee Beans, Cold Water",1,302,302,Card,1,March,3,Friday,1,10
518,9540,Nikhil,01-03-2024,7.47.00 AM,Croissant,Bakery,"Flour, Butter, Yeast",2,199,398,Cash,3,March,3,Friday,1,7
519,4535,Karan,01-03-2024,6.04.41 PM,Green Tea,Tea,"Green Tea Leaves, Water",2,251,502,Card,3,March,3,Friday,1,18
520,2439,Ananya,01-03-2024,9.10.09 PM,Espresso,Coffee,"Espresso Beans, Water",1,239,239,Card,3,March,3,Friday,1,21
521,8679,Simran,01-03-2024,7.39.32 PM,Latte,Coffee,"Espresso, Steamed Milk",4,347,1388,UPI,2,March,3,Friday,1,19
522,8946,Aarav,01-03-2024,3.46.56 PM,Mocha,Coffee,"Espresso, Chocolate Syrup, Milk",4,258,1032,Cash,2,March,3,Friday,1,15
523,1571,Riya,01-03-2024,8.34.05 AM,Cold Brew,Coffee,"Coffee Beans, Cold Water",1,284,284,Card,1,March,3,Friday,1,8
524,6572,Karan,01-03-2024,9.23.48 PM,Hot Chocolate,Beverage,"Cocoa Powder, Milk, Sugar",2,160,320,Cash,2,March,3,Friday,1,21
525,5037,Simran,01-03-2024,7.46.48 AM,Espresso,Coffee,"Espresso Beans, Water",4,328,1312,Cash,1,March,3,Friday,1,7
526,8671,Rahul,01-03-2024,4.16.37 PM,Americano,Coffee,"Espresso, Hot Water",2,148,296,Card,2,March,3,Friday,1,16
527,2515,Ananya,01-03-2024,11.47.17 AM,Croissant,Bakery,"Flour, Butter, Yeast",3,194,582,Cash,3,March,3,Friday,1,11
528,6413,Aarav,02-03-2024,7.36.48 PM,Hot Chocolate,Beverage,"Cocoa Powder, Milk, Sugar",3,138,414,Cash,1,March,3,Saturday,2,19
529,6995,Ananya,02-03-2024,5.07.02 PM,Espresso,Coffee,"Espresso Beans, Water",3,348,1044,Card,1,March,3,Saturday,2,17
530,3033,Nikhil,02-03-2024,9.54.11 AM,Americano,Coffee,"Espresso, Hot Water",4,186,744,UPI,3,March,3,Saturday,2,9
531,2671,Ananya,02-03-2024,9.31.11 PM,Masala Tea,Tea,"Tea Leaves, Milk, Spices, Sugar",2,267,534,UPI,3,March,3,Saturday,2,21
532,5174,Pooja,02-03-2024,8.07.44 AM,Latte,Coffee,"Espresso, Steamed Milk",2,178,356,UPI,2,March,3,Saturday,2,8
533,1679,Nikhil,03-03-2024,10.33.48 PM,Croissant,Bakery,"Flour, Butter, Yeast",3,134,402,UPI,3,March,3,Sunday,3,22
534,3986,Simran,03-03-2024,4.03.21 PM,Mocha,Coffee,"Espresso, Chocolate Syrup, Milk",2,282,564,Card,1,March,3,Sunday,3,16
535,7203,Simran,03-03-2024,12.37.32 PM,Croissant,Bakery,"Flour, Butter, Yeast",2,139,278,Card,3,March,3,Sunday,3,12
536,4193,Aarav,03-03-2024,12.39.56 PM,Latte,Coffee,"Espresso, Steamed Milk",1,224,224,Cash,2,March,3,Sunday,3,12
537,8888,Pooja,03-03-2024,12.16.58 PM,Masala Tea,Tea,"Tea Leaves, Milk, Spices, Sugar",4,337,1348,UPI,1,March,3,Sunday,3,12
538,2329,Aarav,03-03-2024,4.47.33 PM,Masala Tea,Tea,"Tea Leaves, Milk, Spices, Sugar",1,325,325,Cash,3,March,3,Sunday,3,16
539,6863,Karan,03-03-2024,7.00.06 PM,Cappuccino,Coffee,"Espresso, Milk, Milk Foam",4,148,592,Card,2,March,3,Sunday,3,19
540,4524,Nikhil,03-03-2024,4.20.18 PM,Mocha,Coffee,"Espresso, Chocolate Syrup, Milk",3,313,939,UPI,1,March,3,Sunday,3,16
541,9535,Nikhil,03-03-2024,6.11.45 PM,Cold Brew,Coffee,"Coffee Beans, Cold Water",3,135,405,UPI,3,March,3,Sunday,3,18
542,4451,Riya,04-03-2024,1.00.18 PM,Green Tea,Tea,"Green Tea Leaves, Water",4,283,1132,Card,2,March,3,Monday,4,13
543,7114,Karan,04-03-2024,7.50.22 AM,Green Tea,Tea,"Green Tea Leaves, Water",4,269,1076,UPI,3,March,3,Monday,4,7
544,4883,Rahul,04-03-2024,10.46.32 PM,Americano,Coffee,"Espresso, Hot Water",4,164,656,UPI,3,March,3,Monday,4,22
545,2721,Riya,04-03-2024,6.34.05 PM,Hot Chocolate,Beverage,"Cocoa Powder, Milk, Sugar",3,132,396,Cash,2,March,3,Monday,4,18
546,9818,Aarav,04-03-2024,7.30.33 AM,Cold Brew,Coffee,"Coffee Beans, Cold Water",3,281,843,Card,2,March,3,Monday,4,7
547,6681,Nikhil,04-03-2024,4.19.42 PM,Mocha,Coffee,"Espresso, Chocolate Syrup, Milk",2,316,632,UPI,1,March,3,Monday,4,16
548,6936,Rahul,04-03-2024,10.11.44 PM,Green Tea,Tea,"Green Tea Leaves, Water",3,257,771,Card,3,March,3,Monday,4,22
549,3466,Ananya,04-03-2024,5.32.05 PM,Latte,Coffee,"Espresso, Steamed Milk",2,239,478,UPI,2,March,3,Monday,4,17
550,1290,Ananya,04-03-2024,2.01.33 PM,Croissant,Bakery,"Flour, Butter, Yeast",4,279,1116,Card,1,March,3,Monday,4,14
551,2658,Riya,04-03-2024,2.11.06 PM,Hot Chocolate,Beverage,"Cocoa Powder, Milk, Sugar",2,332,664,Cash,1,March,3,Monday,4,14
552,7243,Karan,04-03-2024,7.59.03 PM,Cappuccino,Coffee,"Espresso, Milk, Milk Foam",4,295,1180,UPI,2,March,3,Monday,4,19
553,6687,Simran,04-03-2024,12.13.07 PM,Espresso,Coffee,"Espresso Beans, Water",1,246,246,Cash,1,March,3,Monday,4,12
554,9170,Simran,05-03-2024,8.23.38 PM,Mocha,Coffee,"Espresso, Chocolate Syrup, Milk",2,142,284,Cash,2,March,3,Tuesday,5,20
555,6122,Aarav,05-03-2024,5.04.03 PM,Hot Chocolate,Beverage,"Cocoa Powder, Milk, Sugar",1,186,186,Card,1,March,3,Tuesday,5,17
556,2008,Karan,05-03-2024,9.06.59 PM,Espresso,Coffee,"Espresso Beans, Water",3,313,939,UPI,2,March,3,Tuesday,5,21
557,9791,Ananya,05-03-2024,9.48.14 PM,Espresso,Coffee,"Espresso Beans, Water",4,337,1348,Cash,3,March,3,Tuesday,5,21
558,8771,Aarav,05-03-2024,11.35.05 AM,Masala Tea,Tea,"Tea Leaves, Milk, Spices, Sugar",3,329,987,Cash,2,March,3,Tuesday,5,11
559,1247,Nikhil,05-03-2024,4.19.56 PM,Green Tea,Tea,"Green Tea Leaves, Water",3,210,630,Card,2,March,3,Tuesday,5,16
560,2695,Ananya,05-03-2024,5.57.54 PM,Mocha,Coffee,"Espresso, Chocolate Syrup, Milk",4,347,1388,UPI,3,March,3,Tuesday,5,17
561,8782,Rahul,05-03-2024,11.01.38 AM,Masala Tea,Tea,"Tea Leaves, Milk, Spices, Sugar",2,184,368,UPI,3,March,3,Tuesday,5,11
562,7964,Nikhil,05-03-2024,7.00.24 PM,Cappuccino,Coffee,"Espresso, Milk, Milk Foam",4,120,480,UPI,2,March,3,Tuesday,5,19
563,7838,Rahul,05-03-2024,2.59.36 PM,Cold Brew,Coffee,"Coffee Beans, Cold Water",1,283,283,Card,1,March,3,Tuesday,5,14
564,1455,Aarav,06-03-2024,7.22.14 PM,Cappuccino,Coffee,"Espresso, Milk, Milk Foam",2,232,464,Card,1,March,3,Wednesday,6,19
565,4624,Aarav,06-03-2024,8.27.21 PM,Cappuccino,Coffee,"Espresso, Milk, Milk Foam",2,266,532,Card,2,March,3,Wednesday,6,20
566,4587,Pooja,06-03-2024,8.09.31 AM,Americano,Coffee,"Espresso, Hot Water",4,137,548,Cash,2,March,3,Wednesday,6,8
567,2314,Ananya,06-03-2024,1.53.25 PM,Cold Brew,Coffee,"Coffee Beans, Cold Water",2,139,278,Cash,3,March,3,Wednesday,6,13
568,7829,Karan,06-03-2024,8.56.14 PM,Hot Chocolate,Beverage,"Cocoa Powder, Milk, Sugar",2,208,416,Card,3,March,3,Wednesday,6,20
569,5785,Pooja,06-03-2024,7.24.18 AM,Masala Tea,Tea,"Tea Leaves, Milk, Spices, Sugar",2,240,480,UPI,2,March,3,Wednesday,6,7
570,4675,Pooja,07-03-2024,4.46.38 PM,Hot Chocolate,Beverage,"Cocoa Powder, Milk, Sugar",2,291,582,Cash,1,March,3,Thursday,7,16
571,7864,Riya,07-03-2024,10.40.15 PM,Mocha,Coffee,"Espresso, Chocolate Syrup, Milk",1,235,235,Card,1,March,3,Thursday,7,22
572,1708,Pooja,07-03-2024,8.49.37 PM,Masala Tea,Tea,"Tea Leaves, Milk, Spices, Sugar",2,240,480,Cash,2,March,3,Thursday,7,20
573,8960,Karan,07-03-2024,3.45.52 PM,Green Tea,Tea,"Green Tea Leaves, Water",4,170,680,Cash,2,March,3,Thursday,7,15
574,4130,Rahul,07-03-2024,1.43.48 PM,Cappuccino,Coffee,"Espresso, Milk, Milk Foam",4,187,748,UPI,1,March,3,Thursday,7,13
575,7739,Pooja,07-03-2024,10.33.18 PM,Cappuccino,Coffee,"Espresso, Milk, Milk Foam",3,330,990,Cash,3,March,3,Thursday,7,22
576,5897,Simran,07-03-2024,1.14.17 PM,Hot Chocolate,Beverage,"Cocoa Powder, Milk, Sugar",1,183,183,Card,3,March,3,Thursday,7,13
577,5600,Aarav,07-03-2024,9.07.20 AM,Cappuccino,Coffee,"Espresso, Milk, Milk Foam",4,337,1348,UPI,3,March,3,Thursday,7,9
578,9084,Ananya,08-03-2024,9.26.04 AM,Croissant,Bakery,"Flour, Butter, Yeast",3,217,651,Card,1,March,3,Friday,8,9
579,1994,Rahul,08-03-2024,1.15.19 PM,Espresso,Coffee,"Espresso Beans, Water",4,176,704,Card,3,March,3,Friday,8,13
580,6228,Simran,08-03-2024,1.21.23 PM,Croissant,Bakery,"Flour, Butter, Yeast",4,305,1220,UPI,3,March,3,Friday,8,13
581,6993,Ananya,08-03-2024,7.02.06 PM,Masala Tea,Tea,"Tea Leaves, Milk, Spices, Sugar",4,221,884,UPI,1,March,3,Friday,8,19
582,1171,Simran,08-03-2024,9.13.32 PM,Mocha,Coffee,"Espresso, Chocolate Syrup, Milk",3,255,765,Card,2,March,3,Friday,8,21
583,9984,Simran,08-03-2024,6.52.00 PM,Americano,Coffee,"Espresso, Hot Water",4,121,484,Cash,1,March,3,Friday,8,18
584,2604,Aarav,08-03-2024,9.55.38 AM,Mocha,Coffee,"Espresso, Chocolate Syrup, Milk",4,205,820,UPI,3,March,3,Friday,8,9
585,1314,Ananya,08-03-2024,3.47.52 PM,Green Tea,Tea,"Green Tea Leaves, Water",4,220,880,UPI,1,March,3,Friday,8,15
586,1060,Pooja,08-03-2024,5.59.04 PM,Croissant,Bakery,"Flour, Butter, Yeast",2,258,516,Cash,3,March,3,Friday,8,17
587,5032,Karan,08-03-2024,9.29.22 PM,Mocha,Coffee,"Espresso, Chocolate Syrup, Milk",4,137,548,Card,2,March,3,Friday,8,21
588,7865,Aarav,08-03-2024,10.23.25 AM,Espresso,Coffee,"Espresso Beans, Water",2,221,442,Card,1,March,3,Friday,8,10
589,1331,Karan,08-03-2024,1.25.41 PM,Cappuccino,Coffee,"Espresso, Milk, Milk Foam",2,165,330,Cash,1,March,3,Friday,8,13
590,6321,Riya,09-03-2024,11.57.54 AM,Espresso,Coffee,"Espresso Beans, Water",2,134,268,UPI,3,March,3,Saturday,9,11
591,7916,Karan,09-03-2024,8.35.35 PM,Espresso,Coffee,"Espresso Beans, Water",2,277,554,Card,3,March,3,Saturday,9,20
592,6290,Nikhil,09-03-2024,9.30.50 PM,Hot Chocolate,Beverage,"Cocoa Powder, Milk, Sugar",4,188,752,Card,2,March,3,Saturday,9,21
593,6540,Simran,09-03-2024,5.41.57 PM,Espresso,Coffee,"Espresso Beans, Water",2,294,588,Cash,3,March,3,Saturday,9,17
594,7632,Rahul,09-03-2024,11.58.21 AM,Espresso,Coffee,"Espresso Beans, Water",1,180,180,UPI,3,March,3,Saturday,9,11
595,3777,Simran,09-03-2024,7.26.43 AM,Latte,Coffee,"Espresso, Steamed Milk",1,278,278,Card,1,March,3,Saturday,9,7
596,1062,Ananya,09-03-2024,2.44.12 PM,Americano,Coffee,"Espresso, Hot Water",4,274,1096,Cash,1,March,3,Saturday,9,14
597,1418,Pooja,09-03-2024,10.08.33 PM,Americano,Coffee,"Espresso, Hot Water",1,203,203,Card,1,March,3,Saturday,9,22
598,9527,Ananya,09-03-2024,4.35.03 PM,Americano,Coffee,"Espresso, Hot Water",3,148,444,Card,2,March,3,Saturday,9,16
599,6874,Nikhil,10-03-2024,7.02.57 AM,Green Tea,Tea,"Green Tea Leaves, Water",1,346,346,Card,2,March,3,Sunday,10,7
600,6238,Karan,10-03-2024,6.58.28 PM,Espresso,Coffee,"Espresso Beans, Water",4,205,820,UPI,1,March,3,Sunday,10,18
601,2695,Pooja,10-03-2024,8.40.57 PM,Mocha,Coffee,"Espresso, Chocolate Syrup, Milk",1,173,173,Card,3,March,3,Sunday,10,20
602,2640,Aarav,10-03-2024,11.45.20 AM,Americano,Coffee,"Espresso, Hot Water",4,264,1056,UPI,2,March,3,Sunday,10,11
603,6527,Simran,10-03-2024,8.52.52 AM,Green Tea,Tea,"Green Tea Leaves, Water",1,125,125,UPI,3,March,3,Sunday,10,8
604,6533,Rahul,10-03-2024,10.14.34 AM,Cappuccino,Coffee,"Espresso, Milk, Milk Foam",3,185,555,Card,2,March,3,Sunday,10,10
605,7057,Karan,10-03-2024,2.14.16 PM,Green Tea,Tea,"Green Tea Leaves, Water",1,307,307,UPI,1,March,3,Sunday,10,14
606,5801,Karan,10-03-2024,3.04.20 PM,Croissant,Bakery,"Flour, Butter, Yeast",3,314,942,Card,2,March,3,Sunday,10,15
607,8098,Simran,10-03-2024,5.03.50 PM,Hot Chocolate,Beverage,"Cocoa Powder, Milk, Sugar",1,315,315,UPI,2,March,3,Sunday,10,17
608,2903,Aarav,10-03-2024,7.42.12 AM,Hot Chocolate,Beverage,"Cocoa Powder, Milk, Sugar",2,320,640,Card,1,March,3,Sunday,10,7
609,7472,Aarav,10-03-2024,1.51.05 PM,Americano,Coffee,"Espresso, Hot Water",2,249,498,UPI,3,March,3,Sunday,10,13
610,8472,Karan,11-03-2024,8.40.36 AM,Espresso,Coffee,"Espresso Beans, Water",4,170,680,UPI,1,March,3,Monday,11,8
611,2230,Rahul,11-03-2024,5.36.39 PM,Espresso,Coffee,"Espresso Beans, Water",3,305,915,Card,1,March,3,Monday,11,17
612,9497,Karan,11-03-2024,7.14.38 AM,Hot Chocolate,Beverage,"Cocoa Powder, Milk, Sugar",1,341,341,Cash,3,March,3,Monday,11,7
613,6702,Pooja,11-03-2024,8.19.49 PM,Americano,Coffee,"Espresso, Hot Water",4,239,956,Card,2,March,3,Monday,11,20
614,5820,Aarav,11-03-2024,7.26.57 AM,Masala Tea,Tea,"Tea Leaves, Milk, Spices, Sugar",3,246,738,UPI,2,March,3,Monday,11,7
615,5228,Pooja,11-03-2024,3.57.22 PM,Cappuccino,Coffee,"Espresso, Milk, Milk Foam",1,333,333,Cash,3,March,3,Monday,11,15
616,2314,Aarav,11-03-2024,5.03.21 PM,Green Tea,Tea,"Green Tea Leaves, Water",4,244,976,UPI,2,March,3,Monday,11,17
617,9550,Aarav,12-03-2024,12.58.11 PM,Masala Tea,Tea,"Tea Leaves, Milk, Spices, Sugar",3,216,648,UPI,3,March,3,Tuesday,12,12
618,6089,Simran,12-03-2024,7.57.42 PM,Green Tea,Tea,"Green Tea Leaves, Water",3,283,849,UPI,3,March,3,Tuesday,12,19
619,8442,Nikhil,12-03-2024,1.06.53 PM,Hot Chocolate,Beverage,"Cocoa Powder, Milk, Sugar",1,150,150,Cash,2,March,3,Tuesday,12,13
620,5837,Nikhil,12-03-2024,3.46.11 PM,Cappuccino,Coffee,"Espresso, Milk, Milk Foam",3,210,630,UPI,3,March,3,Tuesday,12,15
621,5953,Rahul,12-03-2024,1.09.30 PM,Mocha,Coffee,"Espresso, Chocolate Syrup, Milk",4,236,944,Cash,2,March,3,Tuesday,12,13
622,6248,Aarav,12-03-2024,10.07.36 PM,Croissant,Bakery,"Flour, Butter, Yeast",3,258,774,UPI,2,March,3,Tuesday,12,22
623,3677,Ananya,13-03-2024,3.37.02 PM,Hot Chocolate,Beverage,"Cocoa Powder, Milk, Sugar",1,195,195,Cash,2,March,3,Wednesday,13,15
624,8258,Simran,13-03-2024,7.24.29 PM,Cold Brew,Coffee,"Coffee Beans, Cold Water",1,187,187,Card,2,March,3,Wednesday,13,19
625,7008,Pooja,13-03-2024,2.57.32 PM,Cappuccino,Coffee,"Espresso, Milk, Milk Foam",3,171,513,UPI,2,March,3,Wednesday,13,14
626,5451,Ananya,13-03-2024,10.33.53 AM,Americano,Coffee,"Espresso, Hot Water",2,203,406,UPI,3,March,3,Wednesday,13,10
627,2218,Nikhil,13-03-2024,11.49.47 AM,Green Tea,Tea,"Green Tea Leaves, Water",1,338,338,Cash,1,March,3,Wednesday,13,11
628,6312,Simran,13-03-2024,2.21.24 PM,Latte,Coffee,"Espresso, Steamed Milk",3,325,975,Cash,1,March,3,Wednesday,13,14
629,8516,Ananya,13-03-2024,8.00.43 PM,Espresso,Coffee,"Espresso Beans, Water",3,144,432,UPI,1,March,3,Wednesday,13,20
630,7211,Ananya,13-03-2024,7.52.53 AM,Americano,Coffee,"Espresso, Hot Water",3,305,915,UPI,2,March,3,Wednesday,13,7
631,6580,Karan,13-03-2024,7.18.35 PM,Green Tea,Tea,"Green Tea Leaves, Water",3,139,417,UPI,3,March,3,Wednesday,13,19
632,1985,Ananya,14-03-2024,7.49.49 PM,Cappuccino,Coffee,"Espresso, Milk, Milk Foam",4,191,764,UPI,1,March,3,Thursday,14,19
633,3902,Ananya,14-03-2024,9.18.13 PM,Hot Chocolate,Beverage,"Cocoa Powder, Milk, Sugar",2,162,324,Card,2,March,3,Thursday,14,21
634,7077,Karan,14-03-2024,8.09.25 AM,Latte,Coffee,"Espresso, Steamed Milk",2,162,324,UPI,2,March,3,Thursday,14,8
635,4835,Rahul,14-03-2024,1.49.19 PM,Americano,Coffee,"Espresso, Hot Water",4,282,1128,UPI,3,March,3,Thursday,14,13
636,9861,Rahul,14-03-2024,7.34.23 PM,Mocha,Coffee,"Espresso, Chocolate Syrup, Milk",4,138,552,Cash,1,March,3,Thursday,14,19
637,9988,Simran,14-03-2024,1.00.05 PM,Croissant,Bakery,"Flour, Butter, Yeast",1,247,247,Card,2,March,3,Thursday,14,13
638,6217,Aarav,14-03-2024,6.04.10 PM,Hot Chocolate,Beverage,"Cocoa Powder, Milk, Sugar",4,225,900,UPI,1,March,3,Thursday,14,18
639,3288,Riya,14-03-2024,10.24.22 PM,Americano,Coffee,"Espresso, Hot Water",2,345,690,Card,3,March,3,Thursday,14,22
640,5846,Pooja,14-03-2024,7.35.02 AM,Green Tea,Tea,"Green Tea Leaves, Water",1,315,315,Cash,1,March,3,Thursday,14,7
641,1720,Simran,14-03-2024,7.34.35 PM,Americano,Coffee,"Espresso, Hot Water",4,268,1072,Card,2,March,3,Thursday,14,19
642,8023,Nikhil,15-03-2024,6.46.04 PM,Americano,Coffee,"Espresso, Hot Water",1,231,231,Card,1,March,3,Friday,15,18
643,1632,Nikhil,15-03-2024,10.31.49 PM,Green Tea,Tea,"Green Tea Leaves, Water",4,199,796,Cash,2,March,3,Friday,15,22
644,7446,Karan,15-03-2024,5.55.40 PM,Hot Chocolate,Beverage,"Cocoa Powder, Milk, Sugar",1,203,203,UPI,3,March,3,Friday,15,17
645,7667,Nikhil,15-03-2024,7.37.44 AM,Cold Brew,Coffee,"Coffee Beans, Cold Water",2,304,608,UPI,2,March,3,Friday,15,7
646,2547,Simran,15-03-2024,9.05.50 AM,Mocha,Coffee,"Espresso, Chocolate Syrup, Milk",1,129,129,UPI,1,March,3,Friday,15,9
647,5781,Rahul,15-03-2024,3.09.04 PM,Espresso,Coffee,"Espresso Beans, Water",1,239,239,UPI,1,March,3,Friday,15,15
648,2705,Riya,15-03-2024,11.15.49 AM,Latte,Coffee,"Espresso, Steamed Milk",2,282,564,Card,2,March,3,Friday,15,11
649,7187,Rahul,15-03-2024,7.32.06 AM,Hot Chocolate,Beverage,"Cocoa Powder, Milk, Sugar",3,194,582,Card,3,March,3,Friday,15,7
650,7133,Riya,16-03-2024,10.20.45 PM,Hot Chocolate,Beverage,"Cocoa Powder, Milk, Sugar",3,162,486,Cash,3,March,3,Saturday,16,22
651,5183,Rahul,16-03-2024,4.24.21 PM,Latte,Coffee,"Espresso, Steamed Milk",4,175,700,Card,1,March,3,Saturday,16,16
652,4477,Rahul,16-03-2024,7.11.53 AM,Hot Chocolate,Beverage,"Cocoa Powder, Milk, Sugar",2,316,632,Cash,1,March,3,Saturday,16,7
653,6621,Karan,16-03-2024,10.33.59 AM,Croissant,Bakery,"Flour, Butter, Yeast",3,219,657,UPI,2,March,3,Saturday,16,10
654,1560,Rahul,16-03-2024,10.02.13 PM,Green Tea,Tea,"Green Tea Leaves, Water",2,239,478,Card,3,March,3,Saturday,16,22
655,6997,Aarav,16-03-2024,10.12.44 PM,Cappuccino,Coffee,"Espresso, Milk, Milk Foam",1,169,169,Cash,2,March,3,Saturday,16,22
656,9081,Rahul,16-03-2024,3.29.41 PM,Cold Brew,Coffee,"Coffee Beans, Cold Water",1,342,342,UPI,1,March,3,Saturday,16,15
657,7033,Ananya,16-03-2024,9.40.25 AM,Croissant,Bakery,"Flour, Butter, Yeast",2,291,582,Cash,3,March,3,Saturday,16,9
658,8006,Aarav,16-03-2024,7.11.42 AM,Cappuccino,Coffee,"Espresso, Milk, Milk Foam",4,154,616,Cash,3,March,3,Saturday,16,7
659,4058,Aarav,16-03-2024,10.08.54 AM,Green Tea,Tea,"Green Tea Leaves, Water",2,334,668,Cash,2,March,3,Saturday,16,10
660,4629,Simran,16-03-2024,12.37.16 PM,Croissant,Bakery,"Flour, Butter, Yeast",4,190,760,Cash,3,March,3,Saturday,16,12
661,2561,Karan,17-03-2024,10.44.03 AM,Hot Chocolate,Beverage,"Cocoa Powder, Milk, Sugar",4,349,1396,Card,1,March,3,Sunday,17,10
662,8206,Aarav,17-03-2024,1.30.01 PM,Cappuccino,Coffee,"Espresso, Milk, Milk Foam",2,121,242,Cash,2,March,3,Sunday,17,13
663,7877,Pooja,17-03-2024,11.08.33 AM,Mocha,Coffee,"Espresso, Chocolate Syrup, Milk",2,220,440,Cash,2,March,3,Sunday,17,11
664,6431,Nikhil,17-03-2024,10.34.53 AM,Mocha,Coffee,"Espresso, Chocolate Syrup, Milk",1,122,122,Card,2,March,3,Sunday,17,10
665,5667,Ananya,17-03-2024,9.53.50 PM,Hot Chocolate,Beverage,"Cocoa Powder, Milk, Sugar",3,318,954,UPI,1,March,3,Sunday,17,21
666,9651,Riya,17-03-2024,11.18.19 AM,Cold Brew,Coffee,"Coffee Beans, Cold Water",4,263,1052,Cash,2,March,3,Sunday,17,11
667,7095,Karan,17-03-2024,2.43.39 PM,Croissant,Bakery,"Flour, Butter, Yeast",4,149,596,Card,2,March,3,Sunday,17,14
668,7934,Ananya,17-03-2024,12.18.46 PM,Mocha,Coffee,"Espresso, Chocolate Syrup, Milk",4,276,1104,Cash,2,March,3,Sunday,17,12
669,5180,Aarav,17-03-2024,12.36.44 PM,Croissant,Bakery,"Flour, Butter, Yeast",3,334,1002,Card,1,March,3,Sunday,17,12
670,7070,Simran,17-03-2024,11.01.04 AM,Mocha,Coffee,"Espresso, Chocolate Syrup, Milk",3,316,948,Card,3,March,3,Sunday,17,11
671,9981,Nikhil,17-03-2024,8.31.55 PM,Hot Chocolate,Beverage,"Cocoa Powder, Milk, Sugar",3,215,645,Card,3,March,3,Sunday,17,20
672,5928,Simran,18-03-2024,5.44.34 PM,Masala Tea,Tea,"Tea Leaves, Milk, Spices, Sugar",1,148,148,Card,2,March,3,Monday,18,17
673,8565,Riya,18-03-2024,8.44.11 PM,Hot Chocolate,Beverage,"Cocoa Powder, Milk, Sugar",2,193,386,UPI,1,March,3,Monday,18,20
674,2833,Nikhil,18-03-2024,9.41.54 AM,Mocha,Coffee,"Espresso, Chocolate Syrup, Milk",1,324,324,Card,2,March,3,Monday,18,9
675,6691,Ananya,18-03-2024,10.05.46 AM,Croissant,Bakery,"Flour, Butter, Yeast",3,218,654,Cash,2,March,3,Monday,18,10
676,2527,Nikhil,18-03-2024,11.27.17 AM,Americano,Coffee,"Espresso, Hot Water",4,168,672,UPI,2,March,3,Monday,18,11
677,9658,Simran,18-03-2024,2.36.44 PM,Espresso,Coffee,"Espresso Beans, Water",4,182,728,UPI,3,March,3,Monday,18,14
678,7575,Ananya,18-03-2024,10.07.53 AM,Hot Chocolate,Beverage,"Cocoa Powder, Milk, Sugar",4,122,488,Cash,2,March,3,Monday,18,10
679,9176,Pooja,18-03-2024,5.55.10 PM,Latte,Coffee,"Espresso, Steamed Milk",4,240,960,UPI,1,March,3,Monday,18,17
680,1938,Simran,18-03-2024,11.20.08 AM,Americano,Coffee,"Espresso, Hot Water",4,253,1012,Cash,2,March,3,Monday,18,11
681,6247,Karan,19-03-2024,5.48.32 PM,Masala Tea,Tea,"Tea Leaves, Milk, Spices, Sugar",2,176,352,UPI,1,March,3,Tuesday,19,17
682,3992,Aarav,19-03-2024,9.05.04 AM,Espresso,Coffee,"Espresso Beans, Water",3,300,900,Cash,1,March,3,Tuesday,19,9
683,9311,Karan,19-03-2024,2.23.39 PM,Latte,Coffee,"Espresso, Steamed Milk",2,157,314,Card,2,March,3,Tuesday,19,14
684,9944,Rahul,19-03-2024,11.45.24 AM,Green Tea,Tea,"Green Tea Leaves, Water",2,160,320,Card,2,March,3,Tuesday,19,11
685,9773,Riya,19-03-2024,12.00.54 PM,Hot Chocolate,Beverage,"Cocoa Powder, Milk, Sugar",3,127,381,Card,2,March,3,Tuesday,19,12
686,3367,Aarav,20-03-2024,11.23.53 AM,Mocha,Coffee,"Espresso, Chocolate Syrup, Milk",2,257,514,Card,2,March,3,Wednesday,20,11
687,9767,Ananya,20-03-2024,9.22.47 AM,Green Tea,Tea,"Green Tea Leaves, Water",3,227,681,UPI,1,March,3,Wednesday,20,9
688,1614,Riya,20-03-2024,10.00.11 AM,Cold Brew,Coffee,"Coffee Beans, Cold Water",3,159,477,UPI,1,March,3,Wednesday,20,10
689,6863,Karan,20-03-2024,10.30.06 AM,Espresso,Coffee,"Espresso Beans, Water",2,134,268,Cash,1,March,3,Wednesday,20,10
690,5059,Rahul,20-03-2024,7.59.17 AM,Mocha,Coffee,"Espresso, Chocolate Syrup, Milk",1,316,316,Cash,2,March,3,Wednesday,20,7
691,3879,Simran,20-03-2024,7.32.37 PM,Latte,Coffee,"Espresso, Steamed Milk",2,265,530,Cash,2,March,3,Wednesday,20,19
692,9572,Ananya,20-03-2024,1.21.12 PM,Hot Chocolate,Beverage,"Cocoa Powder, Milk, Sugar",1,320,320,Card,1,March,3,Wednesday,20,13
693,4897,Simran,20-03-2024,10.04.57 PM,Masala Tea,Tea,"Tea Leaves, Milk, Spices, Sugar",1,168,168,Cash,3,March,3,Wednesday,20,22
694,4049,Nikhil,21-03-2024,9.21.13 AM,Espresso,Coffee,"Espresso Beans, Water",4,213,852,Card,2,March,3,Thursday,21,9
695,1213,Aarav,21-03-2024,1.45.45 PM,Masala Tea,Tea,"Tea Leaves, Milk, Spices, Sugar",1,342,342,Card,1,March,3,Thursday,21,13
696,4639,Nikhil,21-03-2024,11.37.10 AM,Cold Brew,Coffee,"Coffee Beans, Cold Water",4,259,1036,Card,3,March,3,Thursday,21,11
697,5407,Aarav,21-03-2024,9.34.27 PM,Latte,Coffee,"Espresso, Steamed Milk",1,316,316,Card,3,March,3,Thursday,21,21
698,4129,Rahul,21-03-2024,9.42.33 PM,Espresso,Coffee,"Espresso Beans, Water",1,259,259,Cash,2,March,3,Thursday,21,21
699,5851,Aarav,22-03-2024,9.20.08 AM,Latte,Coffee,"Espresso, Steamed Milk",4,124,496,Cash,2,March,3,Friday,22,9
700,8863,Rahul,22-03-2024,9.20.04 AM,Cold Brew,Coffee,"Coffee Beans, Cold Water",3,127,381,UPI,1,March,3,Friday,22,9
701,9486,Karan,22-03-2024,11.00.49 AM,Cappuccino,Coffee,"Espresso, Milk, Milk Foam",3,318,954,UPI,3,March,3,Friday,22,11
702,9981,Ananya,22-03-2024,8.25.58 AM,Cappuccino,Coffee,"Espresso, Milk, Milk Foam",4,213,852,Cash,2,March,3,Friday,22,8
703,3218,Nikhil,22-03-2024,7.20.21 AM,Croissant,Bakery,"Flour, Butter, Yeast",1,216,216,UPI,3,March,3,Friday,22,7
704,2359,Pooja,22-03-2024,8.00.47 AM,Cappuccino,Coffee,"Espresso, Milk, Milk Foam",2,229,458,Cash,2,March,3,Friday,22,8
705,5436,Simran,22-03-2024,5.17.24 PM,Latte,Coffee,"Espresso, Steamed Milk",2,211,422,Card,3,March,3,Friday,22,17
706,4903,Ananya,22-03-2024,10.12.09 PM,Cold Brew,Coffee,"Coffee Beans, Cold Water",4,217,868,Cash,3,March,3,Friday,22,22
707,1679,Nikhil,23-03-2024,8.44.02 AM,Croissant,Bakery,"Flour, Butter, Yeast",4,128,512,Cash,2,March,3,Saturday,23,8
708,8116,Rahul,23-03-2024,1.04.03 PM,Mocha,Coffee,"Espresso, Chocolate Syrup, Milk",4,210,840,Card,3,March,3,Saturday,23,13
709,6800,Karan,23-03-2024,5.15.53 PM,Americano,Coffee,"Espresso, Hot Water",2,152,304,Cash,1,March,3,Saturday,23,17
710,4057,Ananya,23-03-2024,2.51.12 PM,Mocha,Coffee,"Espresso, Chocolate Syrup, Milk",4,217,868,Card,2,March,3,Saturday,23,14
711,4032,Rahul,23-03-2024,3.52.35 PM,Espresso,Coffee,"Espresso Beans, Water",1,199,199,UPI,2,March,3,Saturday,23,15
712,9054,Nikhil,23-03-2024,7.19.18 PM,Americano,Coffee,"Espresso, Hot Water",2,292,584,UPI,3,March,3,Saturday,23,19
713,1742,Simran,23-03-2024,7.32.36 PM,Mocha,Coffee,"Espresso, Chocolate Syrup, Milk",2,270,540,Cash,1,March,3,Saturday,23,19
714,6355,Karan,23-03-2024,1.06.27 PM,Latte,Coffee,"Espresso, Steamed Milk",3,181,543,Cash,1,March,3,Saturday,23,13
715,6942,Karan,23-03-2024,1.11.23 PM,Croissant,Bakery,"Flour, Butter, Yeast",3,191,573,UPI,1,March,3,Saturday,23,13
716,6969,Simran,24-03-2024,6.44.02 PM,Croissant,Bakery,"Flour, Butter, Yeast",4,157,628,Card,1,March,3,Sunday,24,18
717,5275,Rahul,24-03-2024,12.38.00 PM,Green Tea,Tea,"Green Tea Leaves, Water",3,213,639,Card,1,March,3,Sunday,24,12
718,9039,Riya,24-03-2024,8.53.59 PM,Croissant,Bakery,"Flour, Butter, Yeast",2,275,550,Card,1,March,3,Sunday,24,20
719,1175,Riya,24-03-2024,8.33.37 AM,Mocha,Coffee,"Espresso, Chocolate Syrup, Milk",4,131,524,UPI,2,March,3,Sunday,24,8
720,9090,Nikhil,24-03-2024,12.30.25 PM,Hot Chocolate,Beverage,"Cocoa Powder, Milk, Sugar",1,143,143,Cash,1,March,3,Sunday,24,12
721,5980,Simran,24-03-2024,7.35.42 AM,Cold Brew,Coffee,"Coffee Beans, Cold Water",4,254,1016,Cash,3,March,3,Sunday,24,7
722,2266,Riya,24-03-2024,8.41.53 PM,Hot Chocolate,Beverage,"Cocoa Powder, Milk, Sugar",1,130,130,UPI,3,March,3,Sunday,24,20
723,4287,Riya,24-03-2024,7.52.50 AM,Cold Brew,Coffee,"Coffee Beans, Cold Water",4,257,1028,Card,2,March,3,Sunday,24,7
724,1586,Karan,24-03-2024,8.39.13 AM,Cold Brew,Coffee,"Coffee Beans, Cold Water",1,321,321,Cash,2,March,3,Sunday,24,8
725,1087,Riya,24-03-2024,10.57.17 PM,Hot Chocolate,Beverage,"Cocoa Powder, Milk, Sugar",4,181,724,UPI,3,March,3,Sunday,24,22
726,9755,Aarav,25-03-2024,4.35.42 PM,Cappuccino,Coffee,"Espresso, Milk, Milk Foam",4,172,688,Cash,2,March,3,Monday,25,16
727,4163,Aarav,25-03-2024,4.14.26 PM,Cappuccino,Coffee,"Espresso, Milk, Milk Foam",2,173,346,Card,3,March,3,Monday,25,16
728,4027,Karan,25-03-2024,4.37.44 PM,Croissant,Bakery,"Flour, Butter, Yeast",1,334,334,Cash,2,March,3,Monday,25,16
729,1289,Simran,25-03-2024,6.47.34 PM,Green Tea,Tea,"Green Tea Leaves, Water",4,178,712,UPI,3,March,3,Monday,25,18
730,6719,Karan,25-03-2024,8.21.30 PM,Croissant,Bakery,"Flour, Butter, Yeast",3,120,360,UPI,1,March,3,Monday,25,20
731,7502,Rahul,25-03-2024,9.02.51 AM,Americano,Coffee,"Espresso, Hot Water",2,210,420,UPI,3,March,3,Monday,25,9
732,9128,Pooja,26-03-2024,8.56.32 PM,Mocha,Coffee,"Espresso, Chocolate Syrup, Milk",2,235,470,UPI,3,March,3,Tuesday,26,20
733,9728,Pooja,26-03-2024,4.31.30 PM,Mocha,Coffee,"Espresso, Chocolate Syrup, Milk",3,253,759,Card,3,March,3,Tuesday,26,16
734,3769,Ananya,26-03-2024,9.05.04 AM,Croissant,Bakery,"Flour, Butter, Yeast",3,169,507,Card,3,March,3,Tuesday,26,9
735,7626,Aarav,26-03-2024,12.50.39 PM,Latte,Coffee,"Espresso, Steamed Milk",1,200,200,Card,3,March,3,Tuesday,26,12
736,7516,Riya,26-03-2024,8.21.48 PM,Cappuccino,Coffee,"Espresso, Milk, Milk Foam",3,129,387,Cash,2,March,3,Tuesday,26,20
737,7283,Ananya,26-03-2024,8.01.00 AM,Masala Tea,Tea,"Tea Leaves, Milk, Spices, Sugar",2,219,438,Card,2,March,3,Tuesday,26,8
738,2259,Simran,26-03-2024,5.30.46 PM,Espresso,Coffee,"Espresso Beans, Water",3,258,774,Card,2,March,3,Tuesday,26,17
739,6993,Simran,26-03-2024,6.44.37 PM,Cappuccino,Coffee,"Espresso, Milk, Milk Foam",2,302,604,Cash,3,March,3,Tuesday,26,18
740,7353,Karan,26-03-2024,7.36.39 PM,Green Tea,Tea,"Green Tea Leaves, Water",3,211,633,Card,1,March,3,Tuesday,26,19
741,5493,Aarav,26-03-2024,7.22.32 PM,Green Tea,Tea,"Green Tea Leaves, Water",4,186,744,Cash,1,March,3,Tuesday,26,19
742,2280,Pooja,27-03-2024,10.37.22 AM,Cappuccino,Coffee,"Espresso, Milk, Milk Foam",3,201,603,UPI,3,March,3,Wednesday,27,10
743,2560,Riya,27-03-2024,3.34.49 PM,Cappuccino,Coffee,"Espresso, Milk, Milk Foam",1,287,287,UPI,2,March,3,Wednesday,27,15
744,1446,Aarav,27-03-2024,10.07.15 PM,Espresso,Coffee,"Espresso Beans, Water",4,235,940,Cash,1,March,3,Wednesday,27,22
745,9249,Ananya,27-03-2024,6.19.39 PM,Latte,Coffee,"Espresso, Steamed Milk",3,120,360,UPI,1,March,3,Wednesday,27,18
746,5510,Pooja,27-03-2024,5.26.47 PM,Masala Tea,Tea,"Tea Leaves, Milk, Spices, Sugar",2,218,436,Card,2,March,3,Wednesday,27,17
747,5451,Karan,27-03-2024,5.20.09 PM,Green Tea,Tea,"Green Tea Leaves, Water",2,236,472,UPI,1,March,3,Wednesday,27,17
748,3018,Rahul,27-03-2024,8.15.07 PM,Croissant,Bakery,"Flour, Butter, Yeast",1,221,221,Card,1,March,3,Wednesday,27,20
749,7867,Pooja,27-03-2024,12.06.04 PM,Green Tea,Tea,"Green Tea Leaves, Water",1,327,327,UPI,3,March,3,Wednesday,27,12
750,3378,Karan,27-03-2024,10.16.15 PM,Espresso,Coffee,"Espresso Beans, Water",4,251,1004,UPI,3,March,3,Wednesday,27,22
751,1813,Riya,28-03-2024,2.39.34 PM,Espresso,Coffee,"Espresso Beans, Water",3,283,849,Cash,2,March,3,Thursday,28,14
752,3296,Ananya,28-03-2024,8.10.25 AM,Cappuccino,Coffee,"Espresso, Milk, Milk Foam",3,194,582,Cash,1,March,3,Thursday,28,8
753,1335,Nikhil,28-03-2024,9.23.58 AM,Latte,Coffee,"Espresso, Steamed Milk",2,319,638,Cash,3,March,3,Thursday,28,9
754,4367,Rahul,28-03-2024,10.50.03 AM,Masala Tea,Tea,"Tea Leaves, Milk, Spices, Sugar",2,348,696,UPI,3,March,3,Thursday,28,10
755,1473,Simran,28-03-2024,8.10.45 PM,Americano,Coffee,"Espresso, Hot Water",4,308,1232,Card,1,March,3,Thursday,28,20
756,4839,Riya,28-03-2024,7.07.51 PM,Cappuccino,Coffee,"Espresso, Milk, Milk Foam",2,313,626,Cash,2,March,3,Thursday,28,19
757,2654,Karan,28-03-2024,4.11.24 PM,Latte,Coffee,"Espresso, Steamed Milk",1,308,308,UPI,1,March,3,Thursday,28,16
758,6241,Karan,28-03-2024,8.00.37 AM,Masala Tea,Tea,"Tea Leaves, Milk, Spices, Sugar",3,307,921,Cash,1,March,3,Thursday,28,8
759,8344,Riya,29-03-2024,9.41.18 PM,Cappuccino,Coffee,"Espresso, Milk, Milk Foam",4,247,988,Card,3,March,3,Friday,29,21
760,3764,Simran,29-03-2024,6.54.47 PM,Espresso,Coffee,"Espresso Beans, Water",4,320,1280,Card,2,March,3,Friday,29,18
761,2187,Pooja,29-03-2024,9.16.04 AM,Espresso,Coffee,"Espresso Beans, Water",1,296,296,UPI,3,March,3,Friday,29,9
762,8857,Rahul,29-03-2024,2.09.06 PM,Green Tea,Tea,"Green Tea Leaves, Water",1,206,206,Cash,3,March,3,Friday,29,14
763,2029,Rahul,29-03-2024,9.52.37 PM,Cold Brew,Coffee,"Coffee Beans, Cold Water",3,293,879,Card,3,March,3,Friday,29,21
764,6812,Riya,29-03-2024,8.53.14 PM,Cold Brew,Coffee,"Coffee Beans, Cold Water",4,228,912,Cash,3,March,3,Friday,29,20
765,7713,Ananya,29-03-2024,10.54.01 AM,Espresso,Coffee,"Espresso Beans, Water",3,177,531,Cash,2,March,3,Friday,29,10
766,2224,Simran,29-03-2024,8.08.22 PM,Americano,Coffee,"Espresso, Hot Water",4,163,652,UPI,3,March,3,Friday,29,20
767,6430,Ananya,29-03-2024,11.53.36 AM,Hot Chocolate,Beverage,"Cocoa Powder, Milk, Sugar",3,147,441,Card,2,March,3,Friday,29,11
768,7857,Ananya,29-03-2024,8.03.58 AM,Latte,Coffee,"Espresso, Steamed Milk",1,173,173,Cash,1,March,3,Friday,29,8
769,7005,Karan,29-03-2024,12.08.55 PM,Green Tea,Tea,"Green Tea Leaves, Water",1,279,279,Cash,2,March,3,Friday,29,12
770,6618,Karan,29-03-2024,9.38.01 PM,Americano,Coffee,"Espresso, Hot Water",2,141,282,UPI,3,March,3,Friday,29,21
771,9063,Ananya,30-03-2024,8.14.27 AM,Cappuccino,Coffee,"Espresso, Milk, Milk Foam",3,314,942,Cash,1,March,3,Saturday,30,8
772,3792,Riya,30-03-2024,7.29.04 PM,Croissant,Bakery,"Flour, Butter, Yeast",1,141,141,Card,1,March,3,Saturday,30,19
773,7363,Aarav,30-03-2024,8.30.43 PM,Cappuccino,Coffee,"Espresso, Milk, Milk Foam",3,184,552,Cash,3,March,3,Saturday,30,20
774,6281,Karan,30-03-2024,12.00.18 PM,Masala Tea,Tea,"Tea Leaves, Milk, Spices, Sugar",1,274,274,Cash,2,March,3,Saturday,30,12
775,3485,Karan,30-03-2024,7.55.10 PM,Green Tea,Tea,"Green Tea Leaves, Water",2,257,514,Cash,1,March,3,Saturday,30,19
776,8719,Pooja,30-03-2024,5.57.33 PM,Croissant,Bakery,"Flour, Butter, Yeast",1,293,293,Card,1,March,3,Saturday,30,17
777,9138,Rahul,31-03-2024,3.41.39 PM,Mocha,Coffee,"Espresso, Chocolate Syrup, Milk",2,257,514,Cash,1,March,3,Sunday,31,15
778,8126,Riya,31-03-2024,10.09.18 PM,Espresso,Coffee,"Espresso Beans, Water",1,125,125,Cash,2,March,3,Sunday,31,22
779,4241,Karan,31-03-2024,7.45.05 AM,Americano,Coffee,"Espresso, Hot Water",1,309,309,Cash,3,March,3,Sunday,31,7
780,5040,Karan,31-03-2024,7.41.44 PM,Croissant,Bakery,"Flour, Butter, Yeast",1,273,273,Card,3,March,3,Sunday,31,19
781,7569,Ananya,31-03-2024,1.14.12 PM,Americano,Coffee,"Espresso, Hot Water",2,136,272,UPI,3,March,3,Sunday,31,13
782,9005,Nikhil,31-03-2024,6.16.57 PM,Mocha,Coffee,"Espresso, Chocolate Syrup, Milk",4,220,880,Card,2,March,3,Sunday,31,18
783,2848,Karan,31-03-2024,12.38.26 PM,Americano,Coffee,"Espresso, Hot Water",1,158,158,Cash,1,March,3,Sunday,31,12
784,7939,Nikhil,31-03-2024,10.27.07 AM,Masala Tea,Tea,"Tea Leaves, Milk, Spices, Sugar",3,222,666,Card,2,March,3,Sunday,31,10
785,4960,Pooja,31-03-2024,7.16.09 AM,Masala Tea,Tea,"Tea Leaves, Milk, Spices, Sugar",1,163,163,Card,1,March,3,Sunday,31,7
786,9413,Aarav,31-03-2024,8.59.33 AM,Cappuccino,Coffee,"Espresso, Milk, Milk Foam",3,329,987,Cash,3,March,3,Sunday,31,8
787,5322,Karan,01-04-2024,10.44.39 AM,Masala Tea,Tea,"Tea Leaves, Milk, Spices, Sugar",2,210,420,Card,3,April,4,Monday,1,10
788,7067,Rahul,01-04-2024,4.36.42 PM,Croissant,Bakery,"Flour, Butter, Yeast",2,338,676,Cash,2,April,4,Monday,1,16
789,8157,Ananya,01-04-2024,9.28.18 PM,Latte,Coffee,"Espresso, Steamed Milk",3,299,897,Cash,3,April,4,Monday,1,21
790,7511,Pooja,01-04-2024,6.34.36 PM,Masala Tea,Tea,"Tea Leaves, Milk, Spices, Sugar",3,193,579,UPI,3,April,4,Monday,1,18
791,3657,Nikhil,01-04-2024,5.04.55 PM,Espresso,Coffee,"Espresso Beans, Water",3,121,363,Cash,1,April,4,Monday,1,17
792,6313,Simran,01-04-2024,8.50.09 PM,Green Tea,Tea,"Green Tea Leaves, Water",2,149,298,UPI,3,April,4,Monday,1,20
793,1693,Aarav,01-04-2024,6.33.26 PM,Americano,Coffee,"Espresso, Hot Water",3,177,531,Cash,2,April,4,Monday,1,18
794,7540,Nikhil,01-04-2024,2.56.31 PM,Americano,Coffee,"Espresso, Hot Water",2,163,326,Card,1,April,4,Monday,1,14
795,5157,Simran,01-04-2024,3.03.26 PM,Masala Tea,Tea,"Tea Leaves, Milk, Spices, Sugar",1,269,269,Card,2,April,4,Monday,1,15
796,4581,Aarav,02-04-2024,7.34.08 PM,Cappuccino,Coffee,"Espresso, Milk, Milk Foam",2,309,618,UPI,3,April,4,Tuesday,2,19
797,3509,Simran,02-04-2024,1.07.50 PM,Cold Brew,Coffee,"Coffee Beans, Cold Water",3,249,747,UPI,2,April,4,Tuesday,2,13
798,4422,Ananya,02-04-2024,4.48.22 PM,Green Tea,Tea,"Green Tea Leaves, Water",4,339,1356,Cash,3,April,4,Tuesday,2,16
799,2273,Pooja,02-04-2024,2.29.15 PM,Mocha,Coffee,"Espresso, Chocolate Syrup, Milk",3,303,909,Card,2,April,4,Tuesday,2,14
800,2973,Ananya,02-04-2024,5.18.58 PM,Cappuccino,Coffee,"Espresso, Milk, Milk Foam",1,158,158,Card,2,April,4,Tuesday,2,17
801,1665,Riya,02-04-2024,6.38.26 PM,Green Tea,Tea,"Green Tea Leaves, Water",3,273,819,UPI,1,April,4,Tuesday,2,18
802,3719,Aarav,02-04-2024,5.32.29 PM,Green Tea,Tea,"Green Tea Leaves, Water",2,216,432,Card,1,April,4,Tuesday,2,17
803,1849,Riya,02-04-2024,9.55.57 AM,Cappuccino,Coffee,"Espresso, Milk, Milk Foam",4,173,692,Cash,2,April,4,Tuesday,2,9
804,8326,Ananya,02-04-2024,3.34.29 PM,Green Tea,Tea,"Green Tea Leaves, Water",4,166,664,Card,1,April,4,Tuesday,2,15
805,8328,Nikhil,02-04-2024,12.51.10 PM,Mocha,Coffee,"Espresso, Chocolate Syrup, Milk",2,241,482,UPI,3,April,4,Tuesday,2,12
806,2997,Nikhil,02-04-2024,4.26.11 PM,Cappuccino,Coffee,"Espresso, Milk, Milk Foam",1,323,323,Cash,2,April,4,Tuesday,2,16
807,2939,Ananya,03-04-2024,2.14.50 PM,Croissant,Bakery,"Flour, Butter, Yeast",4,214,856,Card,1,April,4,Wednesday,3,14
808,6650,Aarav,03-04-2024,8.03.41 PM,Green Tea,Tea,"Green Tea Leaves, Water",4,277,1108,Card,3,April,4,Wednesday,3,20
809,9922,Ananya,03-04-2024,12.53.38 PM,Espresso,Coffee,"Espresso Beans, Water",1,134,134,Cash,2,April,4,Wednesday,3,12
810,1419,Nikhil,03-04-2024,10.36.37 AM,Green Tea,Tea,"Green Tea Leaves, Water",1,186,186,Cash,2,April,4,Wednesday,3,10
811,2794,Simran,03-04-2024,11.09.15 AM,Latte,Coffee,"Espresso, Steamed Milk",4,331,1324,Card,3,April,4,Wednesday,3,11
812,2156,Pooja,04-04-2024,7.13.54 PM,Americano,Coffee,"Espresso, Hot Water",1,126,126,Cash,3,April,4,Thursday,4,19
813,6640,Nikhil,04-04-2024,9.12.44 AM,Green Tea,Tea,"Green Tea Leaves, Water",3,323,969,Card,2,April,4,Thursday,4,9
814,4462,Karan,04-04-2024,8.38.46 AM,Hot Chocolate,Beverage,"Cocoa Powder, Milk, Sugar",1,306,306,UPI,1,April,4,Thursday,4,8
815,4915,Ananya,04-04-2024,8.07.37 AM,Green Tea,Tea,"Green Tea Leaves, Water",2,257,514,Cash,3,April,4,Thursday,4,8
816,1192,Karan,04-04-2024,4.04.35 PM,Latte,Coffee,"Espresso, Steamed Milk",3,281,843,UPI,1,April,4,Thursday,4,16
817,6187,Nikhil,04-04-2024,9.00.16 PM,Croissant,Bakery,"Flour, Butter, Yeast",3,208,624,Cash,3,April,4,Thursday,4,21
818,2498,Pooja,04-04-2024,12.13.53 PM,Croissant,Bakery,"Flour, Butter, Yeast",3,189,567,UPI,1,April,4,Thursday,4,12
819,3334,Ananya,04-04-2024,11.02.17 AM,Americano,Coffee,"Espresso, Hot Water",1,202,202,Card,2,April,4,Thursday,4,11
820,3404,Rahul,04-04-2024,3.03.37 PM,Cold Brew,Coffee,"Coffee Beans, Cold Water",4,306,1224,Card,1,April,4,Thursday,4,15
821,5110,Ananya,04-04-2024,9.03.31 PM,Cappuccino,Coffee,"Espresso, Milk, Milk Foam",1,261,261,Card,2,April,4,Thursday,4,21
822,4407,Karan,05-04-2024,8.33.02 AM,Espresso,Coffee,"Espresso Beans, Water",3,234,702,Cash,3,April,4,Friday,5,8
823,5543,Karan,05-04-2024,3.01.01 PM,Espresso,Coffee,"Espresso Beans, Water",2,212,424,UPI,2,April,4,Friday,5,15
824,2530,Pooja,05-04-2024,6.49.03 PM,Espresso,Coffee,"Espresso Beans, Water",2,125,250,Card,3,April,4,Friday,5,18
825,4489,Nikhil,05-04-2024,12.58.26 PM,Americano,Coffee,"Espresso, Hot Water",2,166,332,Cash,2,April,4,Friday,5,12
826,4868,Riya,05-04-2024,10.04.34 AM,Latte,Coffee,"Espresso, Steamed Milk",4,133,532,UPI,1,April,4,Friday,5,10
827,1638,Nikhil,05-04-2024,4.54.21 PM,Espresso,Coffee,"Espresso Beans, Water",2,275,550,Cash,1,April,4,Friday,5,16
828,6920,Simran,05-04-2024,1.01.05 PM,Latte,Coffee,"Espresso, Steamed Milk",3,184,552,UPI,3,April,4,Friday,5,13
829,8180,Ananya,05-04-2024,3.40.57 PM,Cappuccino,Coffee,"Espresso, Milk, Milk Foam",1,257,257,UPI,1,April,4,Friday,5,15
830,1784,Karan,05-04-2024,10.20.00 AM,Cappuccino,Coffee,"Espresso, Milk, Milk Foam",3,283,849,UPI,3,April,4,Friday,5,10
831,5854,Simran,05-04-2024,7.16.47 PM,Latte,Coffee,"Espresso, Steamed Milk",2,222,444,UPI,1,April,4,Friday,5,19
832,3678,Simran,05-04-2024,4.02.01 PM,Croissant,Bakery,"Flour, Butter, Yeast",3,180,540,Card,1,April,4,Friday,5,16
833,8439,Pooja,06-04-2024,12.59.30 PM,Hot Chocolate,Beverage,"Cocoa Powder, Milk, Sugar",3,209,627,Card,2,April,4,Saturday,6,12
834,7151,Riya,06-04-2024,10.15.33 PM,Latte,Coffee,"Espresso, Steamed Milk",4,305,1220,Cash,1,April,4,Saturday,6,22
835,7996,Rahul,06-04-2024,12.11.00 PM,Cappuccino,Coffee,"Espresso, Milk, Milk Foam",1,233,233,UPI,2,April,4,Saturday,6,12
836,1415,Karan,06-04-2024,9.33.12 PM,Espresso,Coffee,"Espresso Beans, Water",3,345,1035,Card,1,April,4,Saturday,6,21
837,1183,Riya,06-04-2024,1.07.56 PM,Cold Brew,Coffee,"Coffee Beans, Cold Water",1,226,226,Cash,2,April,4,Saturday,6,13
838,7305,Simran,06-04-2024,7.40.23 AM,Espresso,Coffee,"Espresso Beans, Water",3,153,459,Card,2,April,4,Saturday,6,7
839,1735,Simran,06-04-2024,4.25.36 PM,Cold Brew,Coffee,"Coffee Beans, Cold Water",2,165,330,Card,3,April,4,Saturday,6,16
840,8975,Karan,06-04-2024,10.36.27 AM,Americano,Coffee,"Espresso, Hot Water",1,237,237,Card,1,April,4,Saturday,6,10
841,9967,Pooja,06-04-2024,10.20.48 PM,Green Tea,Tea,"Green Tea Leaves, Water",1,169,169,Cash,1,April,4,Saturday,6,22
842,7769,Pooja,06-04-2024,10.22.16 AM,Cold Brew,Coffee,"Coffee Beans, Cold Water",4,280,1120,Cash,3,April,4,Saturday,6,10
843,1178,Rahul,07-04-2024,1.52.37 PM,Masala Tea,Tea,"Tea Leaves, Milk, Spices, Sugar",4,338,1352,Card,1,April,4,Sunday,7,13
844,9935,Aarav,07-04-2024,3.18.06 PM,Mocha,Coffee,"Espresso, Chocolate Syrup, Milk",1,149,149,UPI,2,April,4,Sunday,7,15
845,4913,Karan,07-04-2024,2.35.15 PM,Latte,Coffee,"Espresso, Steamed Milk",1,265,265,UPI,3,April,4,Sunday,7,14
846,5834,Nikhil,07-04-2024,10.56.55 AM,Latte,Coffee,"Espresso, Steamed Milk",1,193,193,Card,3,April,4,Sunday,7,10
847,9343,Nikhil,07-04-2024,1.45.15 PM,Cappuccino,Coffee,"Espresso, Milk, Milk Foam",3,275,825,UPI,1,April,4,Sunday,7,13
848,5369,Ananya,07-04-2024,11.59.31 AM,Cold Brew,Coffee,"Coffee Beans, Cold Water",1,132,132,Cash,3,April,4,Sunday,7,11
849,3054,Karan,07-04-2024,5.18.06 PM,Hot Chocolate,Beverage,"Cocoa Powder, Milk, Sugar",2,212,424,UPI,2,April,4,Sunday,7,17
850,8530,Simran,07-04-2024,11.56.11 AM,Croissant,Bakery,"Flour, Butter, Yeast",1,126,126,UPI,1,April,4,Sunday,7,11
851,3923,Karan,07-04-2024,11.58.52 AM,Cappuccino,Coffee,"Espresso, Milk, Milk Foam",2,231,462,Card,2,April,4,Sunday,7,11
852,5969,Nikhil,08-04-2024,9.19.56 PM,Croissant,Bakery,"Flour, Butter, Yeast",4,266,1064,Cash,2,April,4,Monday,8,21
853,6383,Nikhil,08-04-2024,12.19.06 PM,Latte,Coffee,"Espresso, Steamed Milk",2,265,530,UPI,3,April,4,Monday,8,12
854,8419,Simran,08-04-2024,4.54.48 PM,Croissant,Bakery,"Flour, Butter, Yeast",4,136,544,UPI,1,April,4,Monday,8,16
855,3926,Rahul,08-04-2024,8.37.16 AM,Latte,Coffee,"Espresso, Steamed Milk",3,294,882,UPI,2,April,4,Monday,8,8
856,9876,Nikhil,08-04-2024,11.40.14 AM,Hot Chocolate,Beverage,"Cocoa Powder, Milk, Sugar",4,285,1140,UPI,2,April,4,Monday,8,11
857,7014,Rahul,09-04-2024,8.37.00 AM,Mocha,Coffee,"Espresso, Chocolate Syrup, Milk",1,263,263,UPI,3,April,4,Tuesday,9,8
858,8960,Rahul,09-04-2024,4.41.16 PM,Mocha,Coffee,"Espresso, Chocolate Syrup, Milk",1,157,157,UPI,2,April,4,Tuesday,9,16
859,9965,Nikhil,09-04-2024,6.29.59 PM,Green Tea,Tea,"Green Tea Leaves, Water",3,162,486,Cash,3,April,4,Tuesday,9,18
860,9064,Rahul,09-04-2024,7.23.15 AM,Americano,Coffee,"Espresso, Hot Water",3,163,489,UPI,3,April,4,Tuesday,9,7
861,8209,Aarav,09-04-2024,10.53.29 PM,Croissant,Bakery,"Flour, Butter, Yeast",1,214,214,Card,2,April,4,Tuesday,9,22
862,7767,Rahul,09-04-2024,8.08.48 PM,Mocha,Coffee,"Espresso, Chocolate Syrup, Milk",2,133,266,Card,3,April,4,Tuesday,9,20
863,2683,Ananya,09-04-2024,7.22.23 PM,Masala Tea,Tea,"Tea Leaves, Milk, Spices, Sugar",2,242,484,Cash,3,April,4,Tuesday,9,19
864,1664,Nikhil,09-04-2024,12.08.05 PM,Cappuccino,Coffee,"Espresso, Milk, Milk Foam",4,253,1012,UPI,3,April,4,Tuesday,9,12
865,5259,Ananya,09-04-2024,3.13.04 PM,Masala Tea,Tea,"Tea Leaves, Milk, Spices, Sugar",4,292,1168,UPI,3,April,4,Tuesday,9,15
866,3534,Nikhil,09-04-2024,2.21.30 PM,Latte,Coffee,"Espresso, Steamed Milk",3,306,918,Card,1,April,4,Tuesday,9,14
867,4298,Riya,09-04-2024,3.34.17 PM,Green Tea,Tea,"Green Tea Leaves, Water",3,278,834,UPI,1,April,4,Tuesday,9,15
868,5495,Riya,09-04-2024,7.03.09 PM,Cold Brew,Coffee,"Coffee Beans, Cold Water",3,224,672,Cash,2,April,4,Tuesday,9,19
869,3746,Simran,10-04-2024,6.13.55 PM,Espresso,Coffee,"Espresso Beans, Water",4,196,784,Card,3,April,4,Wednesday,10,18
870,3721,Simran,10-04-2024,4.09.25 PM,Hot Chocolate,Beverage,"Cocoa Powder, Milk, Sugar",4,230,920,Cash,3,April,4,Wednesday,10,16
871,7894,Simran,10-04-2024,4.34.49 PM,Green Tea,Tea,"Green Tea Leaves, Water",1,176,176,Card,3,April,4,Wednesday,10,16
872,1289,Nikhil,10-04-2024,1.59.16 PM,Espresso,Coffee,"Espresso Beans, Water",1,159,159,Cash,3,April,4,Wednesday,10,13
873,9098,Riya,10-04-2024,10.02.00 PM,Cold Brew,Coffee,"Coffee Beans, Cold Water",3,343,1029,Card,2,April,4,Wednesday,10,22
874,9781,Aarav,10-04-2024,8.09.26 AM,Green Tea,Tea,"Green Tea Leaves, Water",3,136,408,Cash,2,April,4,Wednesday,10,8
875,8313,Pooja,10-04-2024,9.33.54 PM,Croissant,Bakery,"Flour, Butter, Yeast",2,257,514,Card,2,April,4,Wednesday,10,21
876,9150,Ananya,10-04-2024,8.10.46 AM,Hot Chocolate,Beverage,"Cocoa Powder, Milk, Sugar",2,346,692,Card,1,April,4,Wednesday,10,8
877,7269,Ananya,10-04-2024,1.16.24 PM,Hot Chocolate,Beverage,"Cocoa Powder, Milk, Sugar",3,344,1032,Card,1,April,4,Wednesday,10,13
878,9099,Ananya,10-04-2024,11.01.02 AM,Latte,Coffee,"Espresso, Steamed Milk",2,213,426,Cash,2,April,4,Wednesday,10,11
879,1343,Rahul,10-04-2024,8.56.00 PM,Cappuccino,Coffee,"Espresso, Milk, Milk Foam",2,224,448,Card,1,April,4,Wednesday,10,20
880,7390,Riya,11-04-2024,10.32.01 AM,Masala Tea,Tea,"Tea Leaves, Milk, Spices, Sugar",3,336,1008,Card,2,April,4,Thursday,11,10
881,7608,Nikhil,11-04-2024,7.05.36 AM,Cold Brew,Coffee,"Coffee Beans, Cold Water",2,148,296,UPI,1,April,4,Thursday,11,7
882,6964,Simran,11-04-2024,10.43.04 AM,Masala Tea,Tea,"Tea Leaves, Milk, Spices, Sugar",4,158,632,UPI,3,April,4,Thursday,11,10
883,2399,Aarav,11-04-2024,10.36.25 PM,Cappuccino,Coffee,"Espresso, Milk, Milk Foam",3,207,621,UPI,3,April,4,Thursday,11,22
884,3046,Aarav,11-04-2024,7.13.36 AM,Hot Chocolate,Beverage,"Cocoa Powder, Milk, Sugar",2,222,444,Cash,3,April,4,Thursday,11,7
885,1878,Karan,11-04-2024,9.41.39 PM,Americano,Coffee,"Espresso, Hot Water",1,136,136,UPI,1,April,4,Thursday,11,21
886,3786,Nikhil,11-04-2024,9.50.02 AM,Croissant,Bakery,"Flour, Butter, Yeast",1,227,227,Card,1,April,4,Thursday,11,9
887,8890,Rahul,11-04-2024,7.45.55 AM,Latte,Coffee,"Espresso, Steamed Milk",3,246,738,UPI,1,April,4,Thursday,11,7
888,2635,Nikhil,12-04-2024,9.38.46 AM,Masala Tea,Tea,"Tea Leaves, Milk, Spices, Sugar",1,232,232,Card,2,April,4,Friday,12,9
889,9068,Karan,12-04-2024,10.13.28 AM,Hot Chocolate,Beverage,"Cocoa Powder, Milk, Sugar",3,211,633,Cash,1,April,4,Friday,12,10
890,3675,Simran,12-04-2024,2.26.59 PM,Mocha,Coffee,"Espresso, Chocolate Syrup, Milk",2,151,302,Card,2,April,4,Friday,12,14
891,7066,Rahul,12-04-2024,7.12.50 AM,Mocha,Coffee,"Espresso, Chocolate Syrup, Milk",1,306,306,Card,2,April,4,Friday,12,7
892,6750,Ananya,12-04-2024,10.25.54 PM,Croissant,Bakery,"Flour, Butter, Yeast",3,127,381,UPI,2,April,4,Friday,12,22
893,5432,Rahul,12-04-2024,9.43.43 AM,Hot Chocolate,Beverage,"Cocoa Powder, Milk, Sugar",1,247,247,Cash,3,April,4,Friday,12,9
894,9053,Simran,12-04-2024,9.54.27 PM,Mocha,Coffee,"Espresso, Chocolate Syrup, Milk",4,130,520,Card,2,April,4,Friday,12,21
895,7438,Nikhil,12-04-2024,8.54.00 PM,Cappuccino,Coffee,"Espresso, Milk, Milk Foam",2,261,522,Cash,3,April,4,Friday,12,20
896,5063,Karan,12-04-2024,8.16.57 PM,Hot Chocolate,Beverage,"Cocoa Powder, Milk, Sugar",3,135,405,Cash,3,April,4,Friday,12,20
897,1185,Riya,12-04-2024,9.34.47 AM,Americano,Coffee,"Espresso, Hot Water",3,126,378,UPI,2,April,4,Friday,12,9
898,7965,Ananya,12-04-2024,1.52.28 PM,Cappuccino,Coffee,"Espresso, Milk, Milk Foam",3,319,957,Cash,3,April,4,Friday,12,13
899,5349,Rahul,12-04-2024,8.33.35 AM,Cappuccino,Coffee,"Espresso, Milk, Milk Foam",2,289,578,UPI,2,April,4,Friday,12,8
900,8601,Nikhil,13-04-2024,8.09.45 AM,Croissant,Bakery,"Flour, Butter, Yeast",3,303,909,Card,1,April,4,Saturday,13,8
901,8065,Ananya,13-04-2024,11.12.02 AM,Masala Tea,Tea,"Tea Leaves, Milk, Spices, Sugar",4,224,896,Cash,2,April,4,Saturday,13,11
902,3129,Aarav,13-04-2024,4.48.59 PM,Hot Chocolate,Beverage,"Cocoa Powder, Milk, Sugar",1,290,290,UPI,1,April,4,Saturday,13,16
903,9329,Karan,13-04-2024,10.33.58 PM,Mocha,Coffee,"Espresso, Chocolate Syrup, Milk",2,165,330,UPI,2,April,4,Saturday,13,22
904,2979,Karan,13-04-2024,8.52.35 PM,Croissant,Bakery,"Flour, Butter, Yeast",2,326,652,Cash,3,April,4,Saturday,13,20
905,1331,Simran,13-04-2024,9.04.30 AM,Espresso,Coffee,"Espresso Beans, Water",3,159,477,UPI,3,April,4,Saturday,13,9
906,9541,Rahul,13-04-2024,10.28.58 PM,Masala Tea,Tea,"Tea Leaves, Milk, Spices, Sugar",2,128,256,Cash,1,April,4,Saturday,13,22
907,5924,Ananya,13-04-2024,10.12.48 PM,Masala Tea,Tea,"Tea Leaves, Milk, Spices, Sugar",2,207,414,Cash,2,April,4,Saturday,13,22
908,2838,Simran,14-04-2024,1.12.15 PM,Latte,Coffee,"Espresso, Steamed Milk",1,258,258,UPI,2,April,4,Sunday,14,13
909,9123,Rahul,14-04-2024,11.07.08 AM,Masala Tea,Tea,"Tea Leaves, Milk, Spices, Sugar",1,155,155,Card,3,April,4,Sunday,14,11
910,7310,Nikhil,14-04-2024,9.47.15 AM,Masala Tea,Tea,"Tea Leaves, Milk, Spices, Sugar",4,189,756,UPI,1,April,4,Sunday,14,9
911,5406,Aarav,14-04-2024,11.02.50 AM,Espresso,Coffee,"Espresso Beans, Water",4,122,488,Cash,2,April,4,Sunday,14,11
912,1519,Simran,14-04-2024,9.36.07 PM,Cappuccino,Coffee,"Espresso, Milk, Milk Foam",2,253,506,UPI,3,April,4,Sunday,14,21
913,7592,Rahul,14-04-2024,3.59.24 PM,Hot Chocolate,Beverage,"Cocoa Powder, Milk, Sugar",1,217,217,UPI,3,April,4,Sunday,14,15
914,1295,Simran,14-04-2024,8.38.18 AM,Masala Tea,Tea,"Tea Leaves, Milk, Spices, Sugar",4,331,1324,UPI,2,April,4,Sunday,14,8
915,7091,Ananya,14-04-2024,3.35.11 PM,Masala Tea,Tea,"Tea Leaves, Milk, Spices, Sugar",3,246,738,Cash,3,April,4,Sunday,14,15
916,8654,Ananya,14-04-2024,11.04.08 AM,Green Tea,Tea,"Green Tea Leaves, Water",4,330,1320,Cash,1,April,4,Sunday,14,11
917,4353,Simran,14-04-2024,10.51.01 AM,Cold Brew,Coffee,"Coffee Beans, Cold Water",3,257,771,Card,2,April,4,Sunday,14,10
918,9955,Rahul,14-04-2024,12.45.04 PM,Americano,Coffee,"Espresso, Hot Water",4,183,732,Cash,3,April,4,Sunday,14,12
919,1455,Pooja,14-04-2024,12.32.24 PM,Croissant,Bakery,"Flour, Butter, Yeast",3,240,720,Card,1,April,4,Sunday,14,12
920,5313,Simran,15-04-2024,4.05.08 PM,Espresso,Coffee,"Espresso Beans, Water",1,291,291,Card,3,April,4,Monday,15,16
921,3265,Karan,15-04-2024,9.34.11 PM,Cappuccino,Coffee,"Espresso, Milk, Milk Foam",1,335,335,Cash,2,April,4,Monday,15,21
922,4820,Nikhil,15-04-2024,4.12.22 PM,Croissant,Bakery,"Flour, Butter, Yeast",1,229,229,Card,2,April,4,Monday,15,16
923,6521,Riya,15-04-2024,4.12.16 PM,Green Tea,Tea,"Green Tea Leaves, Water",3,284,852,Cash,1,April,4,Monday,15,16
924,1151,Simran,15-04-2024,9.02.48 PM,Cold Brew,Coffee,"Coffee Beans, Cold Water",2,174,348,Card,3,April,4,Monday,15,21
925,2263,Riya,15-04-2024,8.04.01 PM,Green Tea,Tea,"Green Tea Leaves, Water",3,256,768,UPI,1,April,4,Monday,15,20
926,8377,Ananya,15-04-2024,10.45.25 AM,Masala Tea,Tea,"Tea Leaves, Milk, Spices, Sugar",3,261,783,UPI,2,April,4,Monday,15,10
927,8135,Karan,15-04-2024,12.33.23 PM,Croissant,Bakery,"Flour, Butter, Yeast",3,283,849,Card,2,April,4,Monday,15,12
928,6734,Aarav,15-04-2024,4.33.04 PM,Hot Chocolate,Beverage,"Cocoa Powder, Milk, Sugar",3,266,798,Card,3,April,4,Monday,15,16
929,8233,Simran,15-04-2024,3.46.44 PM,Masala Tea,Tea,"Tea Leaves, Milk, Spices, Sugar",2,182,364,Cash,3,April,4,Monday,15,15
930,4340,Simran,16-04-2024,7.25.12 AM,Croissant,Bakery,"Flour, Butter, Yeast",2,281,562,UPI,3,April,4,Tuesday,16,7
931,9341,Riya,16-04-2024,3.56.34 PM,Cold Brew,Coffee,"Coffee Beans, Cold Water",4,135,540,Cash,2,April,4,Tuesday,16,15
932,9782,Ananya,16-04-2024,9.10.20 PM,Green Tea,Tea,"Green Tea Leaves, Water",3,204,612,UPI,2,April,4,Tuesday,16,21
933,5335,Riya,16-04-2024,8.36.57 AM,Cappuccino,Coffee,"Espresso, Milk, Milk Foam",3,329,987,Cash,1,April,4,Tuesday,16,8
934,2369,Riya,16-04-2024,1.40.42 PM,Green Tea,Tea,"Green Tea Leaves, Water",4,343,1372,Card,2,April,4,Tuesday,16,13
935,3675,Riya,16-04-2024,4.50.18 PM,Cappuccino,Coffee,"Espresso, Milk, Milk Foam",2,214,428,Card,1,April,4,Tuesday,16,16
936,4237,Simran,16-04-2024,7.01.10 AM,Croissant,Bakery,"Flour, Butter, Yeast",3,299,897,Cash,2,April,4,Tuesday,16,7
937,2396,Pooja,16-04-2024,7.43.30 AM,Americano,Coffee,"Espresso, Hot Water",4,171,684,Cash,3,April,4,Tuesday,16,7
938,5660,Aarav,16-04-2024,9.11.51 PM,Green Tea,Tea,"Green Tea Leaves, Water",3,161,483,Cash,1,April,4,Tuesday,16,21
939,3476,Aarav,16-04-2024,9.40.07 AM,Americano,Coffee,"Espresso, Hot Water",2,349,698,Cash,3,April,4,Tuesday,16,9
940,6888,Karan,16-04-2024,5.25.07 PM,Masala Tea,Tea,"Tea Leaves, Milk, Spices, Sugar",3,263,789,UPI,1,April,4,Tuesday,16,17
941,7673,Pooja,17-04-2024,3.12.17 PM,Cappuccino,Coffee,"Espresso, Milk, Milk Foam",4,267,1068,Card,3,April,4,Wednesday,17,15
942,1455,Riya,17-04-2024,8.47.34 AM,Espresso,Coffee,"Espresso Beans, Water",1,234,234,Cash,1,April,4,Wednesday,17,8
943,1006,Ananya,17-04-2024,8.13.21 PM,Masala Tea,Tea,"Tea Leaves, Milk, Spices, Sugar",4,272,1088,Card,1,April,4,Wednesday,17,20
944,6231,Aarav,17-04-2024,12.33.20 PM,Americano,Coffee,"Espresso, Hot Water",2,273,546,Card,2,April,4,Wednesday,17,12
945,7894,Riya,17-04-2024,9.42.53 PM,Hot Chocolate,Beverage,"Cocoa Powder, Milk, Sugar",1,157,157,UPI,2,April,4,Wednesday,17,21
946,6925,Simran,17-04-2024,5.13.18 PM,Mocha,Coffee,"Espresso, Chocolate Syrup, Milk",3,230,690,Cash,3,April,4,Wednesday,17,17
947,3385,Nikhil,17-04-2024,8.59.44 AM,Americano,Coffee,"Espresso, Hot Water",4,201,804,Cash,1,April,4,Wednesday,17,8
948,8213,Riya,17-04-2024,7.04.36 PM,Espresso,Coffee,"Espresso Beans, Water",4,308,1232,Card,2,April,4,Wednesday,17,19
949,1491,Pooja,17-04-2024,12.08.13 PM,Espresso,Coffee,"Espresso Beans, Water",4,322,1288,UPI,3,April,4,Wednesday,17,12
950,1207,Pooja,17-04-2024,9.48.53 PM,Mocha,Coffee,"Espresso, Chocolate Syrup, Milk",4,258,1032,UPI,2,April,4,Wednesday,17,21
951,4922,Pooja,17-04-2024,3.37.35 PM,Latte,Coffee,"Espresso, Steamed Milk",3,267,801,UPI,3,April,4,Wednesday,17,15
952,6296,Riya,17-04-2024,1.34.20 PM,Cappuccino,Coffee,"Espresso, Milk, Milk Foam",4,153,612,Card,3,April,4,Wednesday,17,13
953,5226,Simran,18-04-2024,8.54.54 AM,Cappuccino,Coffee,"Espresso, Milk, Milk Foam",1,222,222,UPI,3,April,4,Thursday,18,8
954,5680,Pooja,18-04-2024,9.32.30 AM,Green Tea,Tea,"Green Tea Leaves, Water",4,200,800,Cash,3,April,4,Thursday,18,9
955,8398,Karan,18-04-2024,1.36.47 PM,Americano,Coffee,"Espresso, Hot Water",1,258,258,Cash,2,April,4,Thursday,18,13
956,5601,Ananya,18-04-2024,7.33.34 PM,Mocha,Coffee,"Espresso, Chocolate Syrup, Milk",3,266,798,UPI,1,April,4,Thursday,18,19
957,8217,Karan,18-04-2024,12.44.34 PM,Croissant,Bakery,"Flour, Butter, Yeast",1,241,241,Cash,1,April,4,Thursday,18,12
958,7450,Rahul,18-04-2024,2.13.47 PM,Masala Tea,Tea,"Tea Leaves, Milk, Spices, Sugar",3,120,360,UPI,2,April,4,Thursday,18,14
959,9435,Rahul,18-04-2024,9.49.04 PM,Cold Brew,Coffee,"Coffee Beans, Cold Water",2,295,590,UPI,3,April,4,Thursday,18,21
960,9006,Nikhil,19-04-2024,12.23.06 PM,Latte,Coffee,"Espresso, Steamed Milk",2,253,506,UPI,1,April,4,Friday,19,12
961,8710,Riya,19-04-2024,1.27.30 PM,Cold Brew,Coffee,"Coffee Beans, Cold Water",1,215,215,Cash,2,April,4,Friday,19,13
962,4067,Rahul,19-04-2024,10.17.09 PM,Americano,Coffee,"Espresso, Hot Water",3,152,456,UPI,3,April,4,Friday,19,22
963,7569,Aarav,19-04-2024,3.10.57 PM,Americano,Coffee,"Espresso, Hot Water",2,289,578,UPI,3,April,4,Friday,19,15
964,8474,Aarav,19-04-2024,7.33.29 PM,Hot Chocolate,Beverage,"Cocoa Powder, Milk, Sugar",3,163,489,Card,2,April,4,Friday,19,19
965,8297,Simran,19-04-2024,10.13.52 AM,Latte,Coffee,"Espresso, Steamed Milk",2,243,486,Card,2,April,4,Friday,19,10
966,5226,Pooja,19-04-2024,3.41.16 PM,Espresso,Coffee,"Espresso Beans, Water",4,306,1224,UPI,1,April,4,Friday,19,15
967,3925,Riya,19-04-2024,1.57.41 PM,Green Tea,Tea,"Green Tea Leaves, Water",1,314,314,Cash,3,April,4,Friday,19,13
968,5289,Karan,19-04-2024,9.58.57 PM,Espresso,Coffee,"Espresso Beans, Water",1,325,325,Cash,1,April,4,Friday,19,21
969,4432,Simran,19-04-2024,8.43.12 PM,Latte,Coffee,"Espresso, Steamed Milk",2,142,284,UPI,1,April,4,Friday,19,20
970,8434,Rahul,20-04-2024,2.33.27 PM,Espresso,Coffee,"Espresso Beans, Water",1,191,191,Card,3,April,4,Saturday,20,14
971,2589,Aarav,20-04-2024,1.32.11 PM,Croissant,Bakery,"Flour, Butter, Yeast",3,136,408,Card,1,April,4,Saturday,20,13
972,8202,Pooja,20-04-2024,10.34.20 PM,Cold Brew,Coffee,"Coffee Beans, Cold Water",2,326,652,UPI,2,April,4,Saturday,20,22
973,1780,Simran,20-04-2024,10.42.40 PM,Masala Tea,Tea,"Tea Leaves, Milk, Spices, Sugar",3,238,714,Card,1,April,4,Saturday,20,22
974,7369,Simran,20-04-2024,7.35.17 AM,Latte,Coffee,"Espresso, Steamed Milk",2,131,262,Card,1,April,4,Saturday,20,7
975,4227,Aarav,20-04-2024,11.23.38 AM,Americano,Coffee,"Espresso, Hot Water",3,211,633,Cash,1,April,4,Saturday,20,11
976,1848,Aarav,21-04-2024,7.26.24 AM,Mocha,Coffee,"Espresso, Chocolate Syrup, Milk",1,259,259,Card,3,April,4,Sunday,21,7
977,9463,Pooja,21-04-2024,9.37.16 AM,Masala Tea,Tea,"Tea Leaves, Milk, Spices, Sugar",4,275,1100,Cash,1,April,4,Sunday,21,9
978,6237,Simran,21-04-2024,1.08.25 PM,Croissant,Bakery,"Flour, Butter, Yeast",4,223,892,Cash,2,April,4,Sunday,21,13
979,7020,Ananya,21-04-2024,8.18.19 PM,Espresso,Coffee,"Espresso Beans, Water",2,333,666,Card,2,April,4,Sunday,21,20
980,7749,Nikhil,21-04-2024,7.01.37 PM,Cold Brew,Coffee,"Coffee Beans, Cold Water",4,152,608,UPI,2,April,4,Sunday,21,19
981,7208,Aarav,22-04-2024,11.04.02 AM,Americano,Coffee,"Espresso, Hot Water",2,155,310,Cash,2,April,4,Monday,22,11
982,6894,Simran,22-04-2024,3.26.39 PM,Hot Chocolate,Beverage,"Cocoa Powder, Milk, Sugar",3,150,450,UPI,1,April,4,Monday,22,15
983,4956,Nikhil,22-04-2024,4.13.54 PM,Hot Chocolate,Beverage,"Cocoa Powder, Milk, Sugar",4,187,748,Cash,2,April,4,Monday,22,16
984,6907,Nikhil,22-04-2024,1.19.43 PM,Cold Brew,Coffee,"Coffee Beans, Cold Water",3,305,915,Cash,3,April,4,Monday,22,13
985,5930,Nikhil,22-04-2024,6.40.54 PM,Green Tea,Tea,"Green Tea Leaves, Water",2,133,266,Card,1,April,4,Monday,22,18
986,4861,Nikhil,22-04-2024,11.42.24 AM,Green Tea,Tea,"Green Tea Leaves, Water",3,284,852,UPI,2,April,4,Monday,22,11
987,5312,Nikhil,22-04-2024,10.47.32 AM,Espresso,Coffee,"Espresso Beans, Water",2,239,478,Cash,2,April,4,Monday,22,10
988,6355,Aarav,22-04-2024,3.26.01 PM,Cappuccino,Coffee,"Espresso, Milk, Milk Foam",3,151,453,Cash,2,April,4,Monday,22,15
989,8793,Ananya,22-04-2024,6.51.02 PM,Green Tea,Tea,"Green Tea Leaves, Water",2,294,588,Cash,2,April,4,Monday,22,18
990,8065,Karan,22-04-2024,2.55.52 PM,Americano,Coffee,"Espresso, Hot Water",1,161,161,UPI,2,April,4,Monday,22,14
991,2996,Aarav,22-04-2024,12.08.09 PM,Croissant,Bakery,"Flour, Butter, Yeast",4,191,764,UPI,2,April,4,Monday,22,12
992,7687,Aarav,23-04-2024,5.38.42 PM,Espresso,Coffee,"Espresso Beans, Water",4,296,1184,Card,2,April,4,Tuesday,23,17
993,8208,Riya,23-04-2024,7.46.49 PM,Croissant,Bakery,"Flour, Butter, Yeast",4,204,816,UPI,1,April,4,Tuesday,23,19
994,9764,Aarav,23-04-2024,8.34.15 PM,Mocha,Coffee,"Espresso, Chocolate Syrup, Milk",3,179,537,Cash,2,April,4,Tuesday,23,20
995,6043,Aarav,23-04-2024,2.09.34 PM,Cold Brew,Coffee,"Coffee Beans, Cold Water",4,128,512,UPI,3,April,4,Tuesday,23,14
996,3469,Karan,23-04-2024,6.30.58 PM,Americano,Coffee,"Espresso, Hot Water",1,230,230,Cash,3,April,4,Tuesday,23,18
997,9450,Nikhil,24-04-2024,9.24.24 PM,Cappuccino,Coffee,"Espresso, Milk, Milk Foam",1,294,294,Cash,3,April,4,Wednesday,24,21
998,8226,Aarav,24-04-2024,2.12.15 PM,Cold Brew,Coffee,"Coffee Beans, Cold Water",1,321,321,Card,1,April,4,Wednesday,24,14
999,6314,Riya,24-04-2024,10.29.00 PM,Green Tea,Tea,"Green Tea Leaves, Water",1,217,217,Card,3,April,4,Wednesday,24,22
1000,9636,Nikhil,24-04-2024,7.19.02 PM,Mocha,Coffee,"Espresso, Chocolate Syrup, Milk",1,201,201,Card,3,April,4,Wednesday,24,19
1001,7770,Pooja,24-04-2024,2.01.12 PM,Americano,Coffee,"Espresso, Hot Water",2,130,260,UPI,2,April,4,Wednesday,24,14
1002,4932,Aarav,24-04-2024,8.28.20 PM,Cold Brew,Coffee,"Coffee Beans, Cold Water",1,260,260,UPI,1,April,4,Wednesday,24,20
1003,4673,Ananya,24-04-2024,11.20.15 AM,Espresso,Coffee,"Espresso Beans, Water",1,135,135,Card,1,April,4,Wednesday,24,11
1004,8448,Riya,24-04-2024,6.02.03 PM,Cold Brew,Coffee,"Coffee Beans, Cold Water",4,233,932,Cash,2,April,4,Wednesday,24,18
1005,1651,Ananya,24-04-2024,9.50.31 AM,Croissant,Bakery,"Flour, Butter, Yeast",1,142,142,Card,2,April,4,Wednesday,24,9
1006,5082,Karan,24-04-2024,8.52.35 PM,Latte,Coffee,"Espresso, Steamed Milk",4,219,876,UPI,3,April,4,Wednesday,24,20
1007,1902,Aarav,24-04-2024,2.00.00 PM,Cappuccino,Coffee,"Espresso, Milk, Milk Foam",2,242,484,Card,1,April,4,Wednesday,24,14
1008,6406,Rahul,25-04-2024,4.02.14 PM,Americano,Coffee,"Espresso, Hot Water",1,130,130,Card,1,April,4,Thursday,25,16
1009,2156,Riya,25-04-2024,4.51.30 PM,Americano,Coffee,"Espresso, Hot Water",2,316,632,Cash,2,April,4,Thursday,25,16
1010,4297,Simran,25-04-2024,9.23.54 PM,Green Tea,Tea,"Green Tea Leaves, Water",3,135,405,Cash,1,April,4,Thursday,25,21
1011,2681,Nikhil,25-04-2024,5.16.13 PM,Cold Brew,Coffee,"Coffee Beans, Cold Water",1,324,324,Card,3,April,4,Thursday,25,17
1012,4898,Simran,25-04-2024,9.09.31 PM,Espresso,Coffee,"Espresso Beans, Water",2,131,262,Cash,2,April,4,Thursday,25,21
1013,7686,Karan,25-04-2024,10.59.03 PM,Masala Tea,Tea,"Tea Leaves, Milk, Spices, Sugar",1,193,193,UPI,2,April,4,Thursday,25,22
1014,5534,Simran,25-04-2024,11.00.50 AM,Latte,Coffee,"Espresso, Steamed Milk",4,194,776,UPI,2,April,4,Thursday,25,11
1015,6024,Nikhil,25-04-2024,8.05.17 PM,Espresso,Coffee,"Espresso Beans, Water",2,325,650,Cash,3,April,4,Thursday,25,20
1016,6380,Ananya,25-04-2024,9.24.39 PM,Mocha,Coffee,"Espresso, Chocolate Syrup, Milk",1,199,199,Cash,2,April,4,Thursday,25,21
1017,8539,Karan,26-04-2024,12.11.43 PM,Croissant,Bakery,"Flour, Butter, Yeast",2,192,384,UPI,2,April,4,Friday,26,12
1018,2384,Riya,26-04-2024,5.58.59 PM,Cold Brew,Coffee,"Coffee Beans, Cold Water",2,185,370,Card,2,April,4,Friday,26,17
1019,6844,Pooja,26-04-2024,2.22.05 PM,Cold Brew,Coffee,"Coffee Beans, Cold Water",3,342,1026,Card,1,April,4,Friday,26,14
1020,8150,Rahul,26-04-2024,7.53.12 PM,Espresso,Coffee,"Espresso Beans, Water",2,346,692,UPI,1,April,4,Friday,26,19
1021,9263,Pooja,26-04-2024,10.53.11 AM,Cappuccino,Coffee,"Espresso, Milk, Milk Foam",2,257,514,Card,1,April,4,Friday,26,10
1022,4819,Rahul,26-04-2024,8.32.20 PM,Americano,Coffee,"Espresso, Hot Water",2,243,486,Card,3,April,4,Friday,26,20
1023,2004,Pooja,27-04-2024,8.03.13 PM,Croissant,Bakery,"Flour, Butter, Yeast",3,152,456,Card,1,April,4,Saturday,27,20
1024,7183,Aarav,27-04-2024,9.08.27 AM,Cappuccino,Coffee,"Espresso, Milk, Milk Foam",2,131,262,Cash,1,April,4,Saturday,27,9
1025,1403,Aarav,27-04-2024,10.46.42 PM,Green Tea,Tea,"Green Tea Leaves, Water",1,292,292,UPI,1,April,4,Saturday,27,22
1026,4430,Pooja,27-04-2024,12.33.03 PM,Cold Brew,Coffee,"Coffee Beans, Cold Water",1,287,287,Cash,3,April,4,Saturday,27,12
1027,7692,Aarav,27-04-2024,9.44.11 AM,Hot Chocolate,Beverage,"Cocoa Powder, Milk, Sugar",4,300,1200,UPI,1,April,4,Saturday,27,9
1028,8037,Ananya,27-04-2024,11.55.07 AM,Espresso,Coffee,"Espresso Beans, Water",4,241,964,Cash,1,April,4,Saturday,27,11
1029,4469,Pooja,27-04-2024,12.20.41 PM,Hot Chocolate,Beverage,"Cocoa Powder, Milk, Sugar",3,208,624,Card,1,April,4,Saturday,27,12
1030,7314,Simran,27-04-2024,11.45.17 AM,Latte,Coffee,"Espresso, Steamed Milk",2,122,244,Cash,2,April,4,Saturday,27,11
1031,9728,Nikhil,27-04-2024,10.41.12 AM,Croissant,Bakery,"Flour, Butter, Yeast",1,269,269,UPI,3,April,4,Saturday,27,10
1032,2243,Aarav,27-04-2024,10.00.45 PM,Croissant,Bakery,"Flour, Butter, Yeast",2,242,484,UPI,2,April,4,Saturday,27,22
1033,3720,Pooja,27-04-2024,9.48.16 AM,Green Tea,Tea,"Green Tea Leaves, Water",2,271,542,Card,2,April,4,Saturday,27,9
1034,6801,Nikhil,27-04-2024,8.33.40 PM,Espresso,Coffee,"Espresso Beans, Water",4,204,816,Card,1,April,4,Saturday,27,20
1035,2332,Nikhil,28-04-2024,8.14.18 PM,Latte,Coffee,"Espresso, Steamed Milk",3,140,420,UPI,3,April,4,Sunday,28,20
1036,3556,Ananya,28-04-2024,12.46.26 PM,Masala Tea,Tea,"Tea Leaves, Milk, Spices, Sugar",3,275,825,Cash,3,April,4,Sunday,28,12
1037,8877,Ananya,28-04-2024,9.59.23 AM,Mocha,Coffee,"Espresso, Chocolate Syrup, Milk",1,154,154,Card,1,April,4,Sunday,28,9
1038,1338,Nikhil,28-04-2024,10.58.49 PM,Cold Brew,Coffee,"Coffee Beans, Cold Water",2,289,578,Cash,1,April,4,Sunday,28,22
1039,6539,Karan,28-04-2024,11.51.39 AM,Latte,Coffee,"Espresso, Steamed Milk",2,229,458,Card,3,April,4,Sunday,28,11
1040,4347,Rahul,28-04-2024,11.10.06 AM,Croissant,Bakery,"Flour, Butter, Yeast",4,223,892,Card,3,April,4,Sunday,28,11
1041,4136,Rahul,28-04-2024,4.05.38 PM,Masala Tea,Tea,"Tea Leaves, Milk, Spices, Sugar",2,164,328,Card,1,April,4,Sunday,28,16
1042,8059,Karan,28-04-2024,8.03.34 AM,Americano,Coffee,"Espresso, Hot Water",2,252,504,UPI,3,April,4,Sunday,28,8
1043,4580,Aarav,29-04-2024,9.40.37 AM,Latte,Coffee,"Espresso, Steamed Milk",1,311,311,Card,3,April,4,Monday,29,9
1044,6976,Nikhil,29-04-2024,9.29.23 AM,Croissant,Bakery,"Flour, Butter, Yeast",4,235,940,UPI,1,April,4,Monday,29,9
1045,9837,Pooja,29-04-2024,3.05.29 PM,Masala Tea,Tea,"Tea Leaves, Milk, Spices, Sugar",4,272,1088,Card,1,April,4,Monday,29,15
1046,1083,Rahul,29-04-2024,7.14.49 PM,Cold Brew,Coffee,"Coffee Beans, Cold Water",2,180,360,Cash,1,April,4,Monday,29,19
1047,2956,Ananya,29-04-2024,7.11.53 PM,Green Tea,Tea,"Green Tea Leaves, Water",1,309,309,UPI,3,April,4,Monday,29,19
1048,4357,Pooja,29-04-2024,6.38.11 PM,Cappuccino,Coffee,"Espresso, Milk, Milk Foam",3,215,645,Cash,2,April,4,Monday,29,18
1049,1916,Aarav,29-04-2024,2.23.40 PM,Cold Brew,Coffee,"Coffee Beans, Cold Water",3,146,438,UPI,2,April,4,Monday,29,14
1050,3909,Karan,29-04-2024,4.50.23 PM,Latte,Coffee,"Espresso, Steamed Milk",4,267,1068,UPI,2,April,4,Monday,29,16
1051,1506,Pooja,29-04-2024,1.31.04 PM,Mocha,Coffee,"Espresso, Chocolate Syrup, Milk",2,147,294,Card,3,April,4,Monday,29,13
1052,8594,Pooja,29-04-2024,4.29.29 PM,Americano,Coffee,"Espresso, Hot Water",2,292,584,Card,3,April,4,Monday,29,16
1053,5626,Karan,30-04-2024,9.35.29 PM,Cold Brew,Coffee,"Coffee Beans, Cold Water",1,265,265,Card,1,April,4,Tuesday,30,21
1054,8775,Nikhil,30-04-2024,7.53.30 PM,Croissant,Bakery,"Flour, Butter, Yeast",4,287,1148,Card,2,April,4,Tuesday,30,19
1055,1867,Riya,30-04-2024,7.14.44 AM,Americano,Coffee,"Espresso, Hot Water",1,255,255,UPI,2,April,4,Tuesday,30,7
1056,8478,Riya,30-04-2024,12.25.32 PM,Masala Tea,Tea,"Tea Leaves, Milk, Spices, Sugar",1,321,321,UPI,2,April,4,Tuesday,30,12
1057,4168,Ananya,30-04-2024,7.31.55 PM,Mocha,Coffee,"Espresso, Chocolate Syrup, Milk",1,230,230,Cash,2,April,4,Tuesday,30,19
1058,6317,Aarav,30-04-2024,12.45.37 PM,Americano,Coffee,"Espresso, Hot Water",4,165,660,UPI,2,April,4,Tuesday,30,12
1059,4063,Aarav,30-04-2024,11.31.46 AM,Americano,Coffee,"Espresso, Hot Water",1,321,321,UPI,2,April,4,Tuesday,30,11
1060,6098,Riya,30-04-2024,10.30.20 AM,Mocha,Coffee,"Espresso, Chocolate Syrup, Milk",1,301,301,Card,1,April,4,Tuesday,30,10
1061,3338,Karan,30-04-2024,7.30.24 PM,Croissant,Bakery,"Flour, Butter, Yeast",2,302,604,UPI,3,April,4,Tuesday,30,19
1062,4233,Rahul,01-05-2024,10.17.23 AM,Cappuccino,Coffee,"Espresso, Milk, Milk Foam",1,289,289,Cash,3,May,5,Wednesday,1,10
1063,4861,Simran,01-05-2024,1.58.16 PM,Green Tea,Tea,"Green Tea Leaves, Water",1,327,327,UPI,3,May,5,Wednesday,1,13
1064,1920,Ananya,01-05-2024,4.31.40 PM,Americano,Coffee,"Espresso, Hot Water",1,175,175,Card,3,May,5,Wednesday,1,16
1065,5213,Karan,01-05-2024,6.18.52 PM,Cold Brew,Coffee,"Coffee Beans, Cold Water",2,310,620,Cash,3,May,5,Wednesday,1,18
1066,7880,Simran,01-05-2024,8.22.52 PM,Cold Brew,Coffee,"Coffee Beans, Cold Water",3,259,777,Cash,1,May,5,Wednesday,1,20
1067,8643,Rahul,02-05-2024,1.57.59 PM,Hot Chocolate,Beverage,"Cocoa Powder, Milk, Sugar",3,124,372,UPI,1,May,5,Thursday,2,13
1068,8442,Ananya,02-05-2024,3.24.39 PM,Mocha,Coffee,"Espresso, Chocolate Syrup, Milk",1,251,251,UPI,2,May,5,Thursday,2,15
1069,6876,Riya,02-05-2024,7.03.11 PM,Espresso,Coffee,"Espresso Beans, Water",2,304,608,UPI,1,May,5,Thursday,2,19
1070,8975,Nikhil,02-05-2024,3.48.39 PM,Cold Brew,Coffee,"Coffee Beans, Cold Water",2,224,448,Card,1,May,5,Thursday,2,15
1071,6645,Karan,02-05-2024,6.05.20 PM,Masala Tea,Tea,"Tea Leaves, Milk, Spices, Sugar",3,332,996,Cash,3,May,5,Thursday,2,18
1072,7027,Riya,03-05-2024,8.51.35 PM,Masala Tea,Tea,"Tea Leaves, Milk, Spices, Sugar",3,121,363,Cash,2,May,5,Friday,3,20
1073,7587,Simran,03-05-2024,10.56.20 AM,Espresso,Coffee,"Espresso Beans, Water",2,243,486,UPI,1,May,5,Friday,3,10
1074,6568,Simran,03-05-2024,10.44.18 AM,Americano,Coffee,"Espresso, Hot Water",4,312,1248,Cash,1,May,5,Friday,3,10
1075,7315,Riya,03-05-2024,6.04.39 PM,Croissant,Bakery,"Flour, Butter, Yeast",3,174,522,Cash,2,May,5,Friday,3,18
1076,5109,Pooja,03-05-2024,9.51.03 AM,Cold Brew,Coffee,"Coffee Beans, Cold Water",3,128,384,Cash,3,May,5,Friday,3,9
1077,6415,Aarav,03-05-2024,4.22.32 PM,Espresso,Coffee,"Espresso Beans, Water",3,231,693,Card,1,May,5,Friday,3,16
1078,3094,Nikhil,03-05-2024,12.40.30 PM,Latte,Coffee,"Espresso, Steamed Milk",1,184,184,Cash,1,May,5,Friday,3,12
1079,4967,Karan,03-05-2024,2.42.39 PM,Croissant,Bakery,"Flour, Butter, Yeast",1,213,213,Card,2,May,5,Friday,3,14
1080,1960,Riya,03-05-2024,8.15.28 AM,Americano,Coffee,"Espresso, Hot Water",4,136,544,UPI,2,May,5,Friday,3,8
1081,4565,Simran,03-05-2024,7.18.07 AM,Masala Tea,Tea,"Tea Leaves, Milk, Spices, Sugar",1,261,261,UPI,2,May,5,Friday,3,7
1082,7433,Riya,03-05-2024,7.59.48 PM,Cold Brew,Coffee,"Coffee Beans, Cold Water",3,335,1005,UPI,1,May,5,Friday,3,19
1083,3343,Karan,04-05-2024,11.19.16 AM,Masala Tea,Tea,"Tea Leaves, Milk, Spices, Sugar",4,180,720,UPI,1,May,5,Saturday,4,11
1084,4130,Rahul,04-05-2024,11.27.11 AM,Green Tea,Tea,"Green Tea Leaves, Water",1,319,319,UPI,3,May,5,Saturday,4,11
1085,9954,Rahul,04-05-2024,4.14.41 PM,Croissant,Bakery,"Flour, Butter, Yeast",3,338,1014,Card,2,May,5,Saturday,4,16
1086,1589,Ananya,04-05-2024,10.26.13 AM,Cold Brew,Coffee,"Coffee Beans, Cold Water",4,214,856,Cash,2,May,5,Saturday,4,10
1087,8120,Nikhil,04-05-2024,9.22.39 AM,Latte,Coffee,"Espresso, Steamed Milk",3,310,930,Cash,2,May,5,Saturday,4,9
1088,4236,Aarav,04-05-2024,11.52.03 AM,Mocha,Coffee,"Espresso, Chocolate Syrup, Milk",4,341,1364,Cash,1,May,5,Saturday,4,11
1089,5557,Ananya,04-05-2024,10.46.26 AM,Cold Brew,Coffee,"Coffee Beans, Cold Water",2,275,550,UPI,3,May,5,Saturday,4,10
1090,5450,Nikhil,04-05-2024,9.38.23 AM,Espresso,Coffee,"Espresso Beans, Water",3,209,627,Cash,3,May,5,Saturday,4,9
1091,4311,Ananya,04-05-2024,9.52.12 AM,Mocha,Coffee,"Espresso, Chocolate Syrup, Milk",4,317,1268,UPI,2,May,5,Saturday,4,9
1092,8555,Riya,05-05-2024,6.44.12 PM,Mocha,Coffee,"Espresso, Chocolate Syrup, Milk",1,242,242,Cash,2,May,5,Sunday,5,18
1093,6158,Pooja,05-05-2024,8.57.38 AM,Americano,Coffee,"Espresso, Hot Water",4,259,1036,UPI,3,May,5,Sunday,5,8
1094,2614,Simran,05-05-2024,10.29.50 PM,Cold Brew,Coffee,"Coffee Beans, Cold Water",2,189,378,Card,2,May,5,Sunday,5,22
1095,3075,Nikhil,05-05-2024,8.15.13 AM,Latte,Coffee,"Espresso, Steamed Milk",1,147,147,Cash,3,May,5,Sunday,5,8
1096,4394,Simran,05-05-2024,6.47.41 PM,Americano,Coffee,"Espresso, Hot Water",3,189,567,Cash,3,May,5,Sunday,5,18
1097,3707,Aarav,05-05-2024,1.32.42 PM,Cold Brew,Coffee,"Coffee Beans, Cold Water",3,293,879,UPI,2,May,5,Sunday,5,13
1098,5220,Riya,06-05-2024,10.53.41 PM,Americano,Coffee,"Espresso, Hot Water",1,257,257,Card,3,May,5,Monday,6,22
1099,5169,Ananya,06-05-2024,5.59.38 PM,Green Tea,Tea,"Green Tea Leaves, Water",1,251,251,UPI,1,May,5,Monday,6,17
1100,7903,Karan,06-05-2024,5.59.22 PM,Espresso,Coffee,"Espresso Beans, Water",4,120,480,Cash,2,May,5,Monday,6,17
1101,2167,Simran,06-05-2024,6.53.33 PM,Croissant,Bakery,"Flour, Butter, Yeast",2,314,628,Cash,1,May,5,Monday,6,18
1102,7270,Karan,06-05-2024,1.53.13 PM,Hot Chocolate,Beverage,"Cocoa Powder, Milk, Sugar",3,336,1008,Card,1,May,5,Monday,6,13
1103,1107,Aarav,06-05-2024,8.24.15 AM,Masala Tea,Tea,"Tea Leaves, Milk, Spices, Sugar",2,195,390,Cash,3,May,5,Monday,6,8
1104,5071,Ananya,07-05-2024,8.18.18 AM,Masala Tea,Tea,"Tea Leaves, Milk, Spices, Sugar",3,256,768,UPI,3,May,5,Tuesday,7,8
1105,8260,Rahul,07-05-2024,9.26.44 AM,Masala Tea,Tea,"Tea Leaves, Milk, Spices, Sugar",1,218,218,UPI,3,May,5,Tuesday,7,9
1106,8659,Karan,07-05-2024,8.16.08 PM,Espresso,Coffee,"Espresso Beans, Water",4,298,1192,UPI,2,May,5,Tuesday,7,20
1107,8449,Karan,07-05-2024,9.13.26 PM,Mocha,Coffee,"Espresso, Chocolate Syrup, Milk",4,276,1104,Cash,2,May,5,Tuesday,7,21
1108,6528,Aarav,07-05-2024,7.57.38 AM,Mocha,Coffee,"Espresso, Chocolate Syrup, Milk",1,215,215,UPI,2,May,5,Tuesday,7,7
1109,8113,Karan,08-05-2024,12.17.11 PM,Cold Brew,Coffee,"Coffee Beans, Cold Water",3,280,840,Card,3,May,5,Wednesday,8,12
1110,9526,Ananya,08-05-2024,2.22.31 PM,Latte,Coffee,"Espresso, Steamed Milk",4,322,1288,Card,1,May,5,Wednesday,8,14
1111,2267,Ananya,08-05-2024,7.42.01 PM,Americano,Coffee,"Espresso, Hot Water",1,221,221,Card,2,May,5,Wednesday,8,19
1112,4994,Riya,08-05-2024,9.38.03 PM,Cold Brew,Coffee,"Coffee Beans, Cold Water",4,256,1024,Card,2,May,5,Wednesday,8,21
1113,6347,Ananya,08-05-2024,6.05.42 PM,Green Tea,Tea,"Green Tea Leaves, Water",4,249,996,UPI,3,May,5,Wednesday,8,18
1114,3269,Karan,08-05-2024,12.32.33 PM,Americano,Coffee,"Espresso, Hot Water",3,168,504,Card,2,May,5,Wednesday,8,12
1115,2436,Ananya,08-05-2024,8.34.54 AM,Cappuccino,Coffee,"Espresso, Milk, Milk Foam",1,161,161,Card,1,May,5,Wednesday,8,8
1116,5016,Nikhil,08-05-2024,10.01.31 AM,Green Tea,Tea,"Green Tea Leaves, Water",4,125,500,Cash,1,May,5,Wednesday,8,10
1117,4964,Aarav,08-05-2024,5.22.21 PM,Masala Tea,Tea,"Tea Leaves, Milk, Spices, Sugar",2,208,416,UPI,3,May,5,Wednesday,8,17
1118,6398,Ananya,09-05-2024,7.35.30 PM,Hot Chocolate,Beverage,"Cocoa Powder, Milk, Sugar",3,195,585,UPI,1,May,5,Thursday,9,19
1119,4225,Simran,09-05-2024,2.47.36 PM,Green Tea,Tea,"Green Tea Leaves, Water",1,256,256,Cash,1,May,5,Thursday,9,14
1120,7825,Karan,09-05-2024,8.56.24 AM,Cold Brew,Coffee,"Coffee Beans, Cold Water",3,340,1020,Cash,2,May,5,Thursday,9,8
1121,3844,Aarav,09-05-2024,6.14.37 PM,Cappuccino,Coffee,"Espresso, Milk, Milk Foam",2,211,422,Card,1,May,5,Thursday,9,18
1122,2921,Rahul,09-05-2024,9.48.54 AM,Green Tea,Tea,"Green Tea Leaves, Water",3,140,420,Card,3,May,5,Thursday,9,9
1123,8617,Riya,09-05-2024,6.21.39 PM,Espresso,Coffee,"Espresso Beans, Water",2,308,616,Card,1,May,5,Thursday,9,18
1124,8000,Riya,09-05-2024,10.58.17 PM,Cappuccino,Coffee,"Espresso, Milk, Milk Foam",3,269,807,UPI,1,May,5,Thursday,9,22
1125,3025,Nikhil,09-05-2024,1.10.28 PM,Hot Chocolate,Beverage,"Cocoa Powder, Milk, Sugar",3,269,807,UPI,3,May,5,Thursday,9,13
1126,3315,Nikhil,09-05-2024,7.34.39 PM,Espresso,Coffee,"Espresso Beans, Water",1,309,309,Cash,3,May,5,Thursday,9,19
1127,4721,Ananya,09-05-2024,5.27.22 PM,Latte,Coffee,"Espresso, Steamed Milk",3,143,429,Card,3,May,5,Thursday,9,17
1128,8768,Pooja,09-05-2024,8.01.26 AM,Mocha,Coffee,"Espresso, Chocolate Syrup, Milk",4,179,716,Card,3,May,5,Thursday,9,8
1129,3544,Nikhil,10-05-2024,2.06.33 PM,Croissant,Bakery,"Flour, Butter, Yeast",4,172,688,UPI,2,May,5,Friday,10,14
1130,3369,Riya,10-05-2024,11.49.05 AM,Cold Brew,Coffee,"Coffee Beans, Cold Water",4,258,1032,Cash,1,May,5,Friday,10,11
1131,3528,Rahul,10-05-2024,2.37.05 PM,Masala Tea,Tea,"Tea Leaves, Milk, Spices, Sugar",4,156,624,Card,3,May,5,Friday,10,14
1132,3835,Simran,10-05-2024,4.07.36 PM,Green Tea,Tea,"Green Tea Leaves, Water",3,336,1008,Card,1,May,5,Friday,10,16
1133,2122,Aarav,10-05-2024,10.01.45 AM,Espresso,Coffee,"Espresso Beans, Water",2,305,610,UPI,2,May,5,Friday,10,10
1134,9369,Rahul,10-05-2024,8.57.39 AM,Cold Brew,Coffee,"Coffee Beans, Cold Water",1,310,310,Card,1,May,5,Friday,10,8
1135,1549,Pooja,10-05-2024,9.23.19 PM,Americano,Coffee,"Espresso, Hot Water",4,129,516,UPI,2,May,5,Friday,10,21
1136,2293,Ananya,10-05-2024,6.58.18 PM,Hot Chocolate,Beverage,"Cocoa Powder, Milk, Sugar",1,257,257,Cash,3,May,5,Friday,10,18
1137,3390,Riya,11-05-2024,11.09.04 AM,Hot Chocolate,Beverage,"Cocoa Powder, Milk, Sugar",2,308,616,UPI,1,May,5,Saturday,11,11
1138,6591,Pooja,11-05-2024,8.24.45 PM,Green Tea,Tea,"Green Tea Leaves, Water",4,200,800,UPI,2,May,5,Saturday,11,20
1139,6775,Simran,11-05-2024,6.26.46 PM,Cappuccino,Coffee,"Espresso, Milk, Milk Foam",2,337,674,Card,3,May,5,Saturday,11,18
1140,9199,Rahul,11-05-2024,11.32.04 AM,Hot Chocolate,Beverage,"Cocoa Powder, Milk, Sugar",2,203,406,Cash,1,May,5,Saturday,11,11
1141,4078,Simran,11-05-2024,5.07.00 PM,Latte,Coffee,"Espresso, Steamed Milk",4,190,760,Card,2,May,5,Saturday,11,17
1142,9481,Rahul,11-05-2024,11.15.08 AM,Latte,Coffee,"Espresso, Steamed Milk",1,166,166,UPI,3,May,5,Saturday,11,11
1143,3417,Aarav,11-05-2024,7.23.47 PM,Cappuccino,Coffee,"Espresso, Milk, Milk Foam",3,273,819,Cash,1,May,5,Saturday,11,19
1144,9792,Riya,11-05-2024,10.36.28 PM,Mocha,Coffee,"Espresso, Chocolate Syrup, Milk",4,325,1300,UPI,1,May,5,Saturday,11,22
1145,1531,Ananya,11-05-2024,10.44.25 AM,Latte,Coffee,"Espresso, Steamed Milk",3,321,963,UPI,2,May,5,Saturday,11,10
1146,2366,Pooja,11-05-2024,8.32.03 AM,Green Tea,Tea,"Green Tea Leaves, Water",4,213,852,Card,1,May,5,Saturday,11,8
1147,5838,Pooja,12-05-2024,3.40.36 PM,Espresso,Coffee,"Espresso Beans, Water",3,338,1014,Cash,1,May,5,Sunday,12,15
1148,5057,Nikhil,12-05-2024,7.39.55 PM,Cold Brew,Coffee,"Coffee Beans, Cold Water",2,152,304,UPI,3,May,5,Sunday,12,19
1149,8027,Riya,12-05-2024,3.46.18 PM,Latte,Coffee,"Espresso, Steamed Milk",1,273,273,UPI,1,May,5,Sunday,12,15
1150,7923,Aarav,12-05-2024,5.47.26 PM,Americano,Coffee,"Espresso, Hot Water",2,276,552,Card,2,May,5,Sunday,12,17
1151,7015,Ananya,12-05-2024,4.34.02 PM,Cappuccino,Coffee,"Espresso, Milk, Milk Foam",3,342,1026,Cash,3,May,5,Sunday,12,16
1152,6134,Simran,12-05-2024,9.17.56 AM,Masala Tea,Tea,"Tea Leaves, Milk, Spices, Sugar",2,188,376,Cash,3,May,5,Sunday,12,9
1153,5464,Ananya,13-05-2024,8.35.47 AM,Americano,Coffee,"Espresso, Hot Water",4,290,1160,Card,1,May,5,Monday,13,8
1154,2108,Nikhil,13-05-2024,12.15.05 PM,Espresso,Coffee,"Espresso Beans, Water",4,226,904,UPI,3,May,5,Monday,13,12
1155,8078,Karan,13-05-2024,2.33.58 PM,Masala Tea,Tea,"Tea Leaves, Milk, Spices, Sugar",2,159,318,Card,3,May,5,Monday,13,14
1156,7914,Ananya,13-05-2024,10.53.36 PM,Green Tea,Tea,"Green Tea Leaves, Water",4,169,676,Card,1,May,5,Monday,13,22
1157,9500,Karan,13-05-2024,10.42.13 AM,Croissant,Bakery,"Flour, Butter, Yeast",1,339,339,UPI,1,May,5,Monday,13,10
1158,8163,Ananya,14-05-2024,8.37.12 AM,Mocha,Coffee,"Espresso, Chocolate Syrup, Milk",4,220,880,Cash,2,May,5,Tuesday,14,8
1159,4663,Karan,14-05-2024,9.34.22 PM,Hot Chocolate,Beverage,"Cocoa Powder, Milk, Sugar",4,220,880,UPI,1,May,5,Tuesday,14,21
1160,7938,Nikhil,14-05-2024,6.31.10 PM,Cappuccino,Coffee,"Espresso, Milk, Milk Foam",4,204,816,Card,3,May,5,Tuesday,14,18
1161,1729,Karan,14-05-2024,6.52.07 PM,Cold Brew,Coffee,"Coffee Beans, Cold Water",2,123,246,Card,3,May,5,Tuesday,14,18
1162,7220,Rahul,14-05-2024,7.19.45 AM,Green Tea,Tea,"Green Tea Leaves, Water",2,290,580,Cash,2,May,5,Tuesday,14,7
1163,4340,Rahul,15-05-2024,7.38.30 AM,Cappuccino,Coffee,"Espresso, Milk, Milk Foam",2,256,512,Cash,1,May,5,Wednesday,15,7
1164,2394,Karan,15-05-2024,12.58.08 PM,Latte,Coffee,"Espresso, Steamed Milk",3,220,660,Card,1,May,5,Wednesday,15,12
1165,1505,Aarav,15-05-2024,10.05.27 AM,Cappuccino,Coffee,"Espresso, Milk, Milk Foam",4,331,1324,Cash,1,May,5,Wednesday,15,10
1166,3657,Simran,15-05-2024,8.12.53 PM,Cold Brew,Coffee,"Coffee Beans, Cold Water",4,327,1308,UPI,1,May,5,Wednesday,15,20
1167,3265,Nikhil,15-05-2024,2.54.51 PM,Cappuccino,Coffee,"Espresso, Milk, Milk Foam",3,211,633,Card,1,May,5,Wednesday,15,14
1168,2852,Pooja,15-05-2024,11.48.30 AM,Croissant,Bakery,"Flour, Butter, Yeast",3,309,927,Card,1,May,5,Wednesday,15,11
1169,2721,Nikhil,15-05-2024,7.17.19 PM,Americano,Coffee,"Espresso, Hot Water",4,179,716,Cash,2,May,5,Wednesday,15,19
1170,6775,Aarav,15-05-2024,10.41.14 PM,Americano,Coffee,"Espresso, Hot Water",4,260,1040,Cash,1,May,5,Wednesday,15,22
1171,8539,Nikhil,15-05-2024,12.47.55 PM,Masala Tea,Tea,"Tea Leaves, Milk, Spices, Sugar",3,345,1035,Card,3,May,5,Wednesday,15,12
1172,1302,Ananya,15-05-2024,10.13.20 AM,Espresso,Coffee,"Espresso Beans, Water",2,283,566,Card,2,May,5,Wednesday,15,10
1173,4194,Simran,16-05-2024,6.40.13 PM,Americano,Coffee,"Espresso, Hot Water",1,279,279,Card,1,May,5,Thursday,16,18
1174,5898,Ananya,16-05-2024,9.39.09 AM,Americano,Coffee,"Espresso, Hot Water",4,296,1184,UPI,3,May,5,Thursday,16,9
1175,3485,Aarav,16-05-2024,11.10.26 AM,Croissant,Bakery,"Flour, Butter, Yeast",2,293,586,Cash,3,May,5,Thursday,16,11
1176,5910,Simran,16-05-2024,4.27.45 PM,Cappuccino,Coffee,"Espresso, Milk, Milk Foam",1,195,195,UPI,3,May,5,Thursday,16,16
1177,7244,Rahul,16-05-2024,4.32.12 PM,Green Tea,Tea,"Green Tea Leaves, Water",4,144,576,Card,2,May,5,Thursday,16,16
1178,2025,Rahul,17-05-2024,10.46.38 PM,Masala Tea,Tea,"Tea Leaves, Milk, Spices, Sugar",4,200,800,UPI,3,May,5,Friday,17,22
1179,5398,Nikhil,17-05-2024,5.16.33 PM,Mocha,Coffee,"Espresso, Chocolate Syrup, Milk",4,229,916,Card,3,May,5,Friday,17,17
1180,4629,Nikhil,17-05-2024,11.15.03 AM,Cold Brew,Coffee,"Coffee Beans, Cold Water",1,205,205,UPI,2,May,5,Friday,17,11
1181,6740,Ananya,17-05-2024,10.01.08 AM,Cold Brew,Coffee,"Coffee Beans, Cold Water",4,262,1048,UPI,3,May,5,Friday,17,10
1182,5755,Riya,17-05-2024,8.42.37 AM,Latte,Coffee,"Espresso, Steamed Milk",2,296,592,Card,2,May,5,Friday,17,8
1183,4482,Ananya,17-05-2024,10.59.46 PM,Cappuccino,Coffee,"Espresso, Milk, Milk Foam",1,313,313,UPI,3,May,5,Friday,17,22
1184,8956,Aarav,18-05-2024,6.49.12 PM,Mocha,Coffee,"Espresso, Chocolate Syrup, Milk",2,246,492,Card,2,May,5,Saturday,18,18
1185,5302,Riya,18-05-2024,4.36.32 PM,Espresso,Coffee,"Espresso Beans, Water",3,136,408,Cash,2,May,5,Saturday,18,16
1186,6734,Karan,18-05-2024,1.42.11 PM,Masala Tea,Tea,"Tea Leaves, Milk, Spices, Sugar",4,266,1064,UPI,2,May,5,Saturday,18,13
1187,1301,Riya,18-05-2024,8.17.39 AM,Cold Brew,Coffee,"Coffee Beans, Cold Water",2,166,332,Cash,2,May,5,Saturday,18,8
1188,1407,Karan,18-05-2024,6.26.02 PM,Mocha,Coffee,"Espresso, Chocolate Syrup, Milk",2,134,268,UPI,1,May,5,Saturday,18,18
1189,9030,Rahul,18-05-2024,6.40.17 PM,Latte,Coffee,"Espresso, Steamed Milk",3,267,801,UPI,1,May,5,Saturday,18,18
1190,3085,Aarav,18-05-2024,7.24.29 PM,Cappuccino,Coffee,"Espresso, Milk, Milk Foam",4,252,1008,Card,3,May,5,Saturday,18,19
1191,5107,Rahul,18-05-2024,5.29.25 PM,Hot Chocolate,Beverage,"Cocoa Powder, Milk, Sugar",3,337,1011,UPI,1,May,5,Saturday,18,17
1192,2977,Ananya,18-05-2024,10.16.53 PM,Hot Chocolate,Beverage,"Cocoa Powder, Milk, Sugar",4,275,1100,Card,3,May,5,Saturday,18,22
1193,6293,Nikhil,18-05-2024,1.16.20 PM,Latte,Coffee,"Espresso, Steamed Milk",2,283,566,UPI,2,May,5,Saturday,18,13
1194,7278,Ananya,18-05-2024,4.53.30 PM,Cold Brew,Coffee,"Coffee Beans, Cold Water",4,289,1156,Card,2,May,5,Saturday,18,16
1195,3475,Nikhil,18-05-2024,9.03.11 PM,Masala Tea,Tea,"Tea Leaves, Milk, Spices, Sugar",1,319,319,Card,2,May,5,Saturday,18,21
1196,9899,Simran,19-05-2024,4.48.05 PM,Mocha,Coffee,"Espresso, Chocolate Syrup, Milk",1,301,301,Card,2,May,5,Sunday,19,16
1197,1262,Simran,19-05-2024,8.26.56 AM,Cold Brew,Coffee,"Coffee Beans, Cold Water",1,260,260,UPI,3,May,5,Sunday,19,8
1198,6999,Nikhil,19-05-2024,12.01.03 PM,Mocha,Coffee,"Espresso, Chocolate Syrup, Milk",2,219,438,Cash,1,May,5,Sunday,19,12
1199,9054,Karan,19-05-2024,3.10.51 PM,Masala Tea,Tea,"Tea Leaves, Milk, Spices, Sugar",3,127,381,Cash,2,May,5,Sunday,19,15
1200,2746,Aarav,19-05-2024,9.32.23 AM,Hot Chocolate,Beverage,"Cocoa Powder, Milk, Sugar",2,120,240,UPI,1,May,5,Sunday,19,9
1201,6892,Pooja,19-05-2024,2.26.18 PM,Cappuccino,Coffee,"Espresso, Milk, Milk Foam",3,240,720,UPI,1,May,5,Sunday,19,14
1202,8653,Riya,19-05-2024,8.25.15 PM,Masala Tea,Tea,"Tea Leaves, Milk, Spices, Sugar",4,301,1204,Cash,2,May,5,Sunday,19,20
1203,9903,Karan,19-05-2024,9.47.48 AM,Croissant,Bakery,"Flour, Butter, Yeast",3,141,423,UPI,3,May,5,Sunday,19,9
1204,7209,Riya,19-05-2024,4.08.22 PM,Espresso,Coffee,"Espresso Beans, Water",3,148,444,Cash,1,May,5,Sunday,19,16
1205,6301,Ananya,19-05-2024,3.20.13 PM,Masala Tea,Tea,"Tea Leaves, Milk, Spices, Sugar",3,144,432,Card,1,May,5,Sunday,19,15
1206,5393,Simran,19-05-2024,3.41.39 PM,Mocha,Coffee,"Espresso, Chocolate Syrup, Milk",4,155,620,Cash,3,May,5,Sunday,19,15
1207,5341,Karan,20-05-2024,11.15.33 AM,Espresso,Coffee,"Espresso Beans, Water",4,350,1400,UPI,3,May,5,Monday,20,11
1208,9202,Nikhil,20-05-2024,8.07.29 PM,Green Tea,Tea,"Green Tea Leaves, Water",3,293,879,Cash,3,May,5,Monday,20,20
1209,8145,Ananya,20-05-2024,9.04.43 PM,Green Tea,Tea,"Green Tea Leaves, Water",3,332,996,UPI,2,May,5,Monday,20,21
1210,2879,Riya,20-05-2024,4.41.21 PM,Americano,Coffee,"Espresso, Hot Water",2,336,672,UPI,2,May,5,Monday,20,16
1211,4352,Ananya,20-05-2024,4.38.58 PM,Latte,Coffee,"Espresso, Steamed Milk",1,208,208,Card,1,May,5,Monday,20,16
1212,8221,Pooja,20-05-2024,10.50.08 PM,Latte,Coffee,"Espresso, Steamed Milk",2,260,520,Cash,2,May,5,Monday,20,22
1213,7407,Riya,21-05-2024,8.26.24 PM,Latte,Coffee,"Espresso, Steamed Milk",4,297,1188,Cash,1,May,5,Tuesday,21,20
1214,1670,Karan,21-05-2024,3.30.52 PM,Croissant,Bakery,"Flour, Butter, Yeast",2,322,644,Card,1,May,5,Tuesday,21,15
1215,8990,Pooja,21-05-2024,6.56.19 PM,Hot Chocolate,Beverage,"Cocoa Powder, Milk, Sugar",1,231,231,UPI,3,May,5,Tuesday,21,18
1216,8901,Ananya,21-05-2024,9.17.12 PM,Cappuccino,Coffee,"Espresso, Milk, Milk Foam",1,155,155,Card,1,May,5,Tuesday,21,21
1217,6344,Ananya,21-05-2024,6.03.20 PM,Americano,Coffee,"Espresso, Hot Water",1,210,210,Card,1,May,5,Tuesday,21,18
1218,9873,Nikhil,21-05-2024,10.11.24 AM,Cold Brew,Coffee,"Coffee Beans, Cold Water",2,149,298,Cash,2,May,5,Tuesday,21,10
1219,2930,Aarav,22-05-2024,10.15.56 AM,Latte,Coffee,"Espresso, Steamed Milk",3,202,606,Cash,1,May,5,Wednesday,22,10
1220,2011,Simran,22-05-2024,10.38.17 AM,Mocha,Coffee,"Espresso, Chocolate Syrup, Milk",1,313,313,Card,2,May,5,Wednesday,22,10
1221,7883,Pooja,22-05-2024,11.23.59 AM,Hot Chocolate,Beverage,"Cocoa Powder, Milk, Sugar",1,163,163,Cash,2,May,5,Wednesday,22,11
1222,7919,Nikhil,22-05-2024,6.08.41 PM,Cappuccino,Coffee,"Espresso, Milk, Milk Foam",1,253,253,UPI,2,May,5,Wednesday,22,18
1223,3324,Pooja,22-05-2024,12.25.29 PM,Green Tea,Tea,"Green Tea Leaves, Water",4,134,536,UPI,2,May,5,Wednesday,22,12
1224,1089,Ananya,22-05-2024,8.52.20 AM,Cold Brew,Coffee,"Coffee Beans, Cold Water",3,303,909,Card,3,May,5,Wednesday,22,8
1225,3926,Nikhil,22-05-2024,11.20.57 AM,Cappuccino,Coffee,"Espresso, Milk, Milk Foam",2,193,386,UPI,2,May,5,Wednesday,22,11
1226,4935,Karan,22-05-2024,9.36.56 AM,Hot Chocolate,Beverage,"Cocoa Powder, Milk, Sugar",4,203,812,Cash,1,May,5,Wednesday,22,9
1227,5614,Ananya,22-05-2024,11.23.00 AM,Espresso,Coffee,"Espresso Beans, Water",3,244,732,Card,2,May,5,Wednesday,22,11
1228,2123,Pooja,22-05-2024,9.14.33 PM,Cold Brew,Coffee,"Coffee Beans, Cold Water",4,126,504,Card,2,May,5,Wednesday,22,21
1229,1416,Rahul,22-05-2024,1.45.14 PM,Masala Tea,Tea,"Tea Leaves, Milk, Spices, Sugar",4,333,1332,Cash,2,May,5,Wednesday,22,13
1230,2214,Ananya,22-05-2024,9.25.55 AM,Green Tea,Tea,"Green Tea Leaves, Water",3,182,546,Card,1,May,5,Wednesday,22,9
1231,8180,Ananya,23-05-2024,12.37.46 PM,Green Tea,Tea,"Green Tea Leaves, Water",4,174,696,UPI,2,May,5,Thursday,23,12
1232,3671,Riya,23-05-2024,8.52.32 AM,Latte,Coffee,"Espresso, Steamed Milk",1,341,341,Cash,3,May,5,Thursday,23,8
1233,8365,Karan,23-05-2024,9.37.31 PM,Espresso,Coffee,"Espresso Beans, Water",3,256,768,Card,1,May,5,Thursday,23,21
1234,6590,Nikhil,23-05-2024,4.05.13 PM,Masala Tea,Tea,"Tea Leaves, Milk, Spices, Sugar",2,162,324,UPI,1,May,5,Thursday,23,16
1235,5568,Aarav,23-05-2024,9.52.16 PM,Hot Chocolate,Beverage,"Cocoa Powder, Milk, Sugar",2,223,446,Cash,2,May,5,Thursday,23,21
1236,7007,Simran,24-05-2024,10.37.07 PM,Green Tea,Tea,"Green Tea Leaves, Water",2,175,350,Cash,1,May,5,Friday,24,22
1237,3829,Nikhil,24-05-2024,7.38.42 AM,Espresso,Coffee,"Espresso Beans, Water",1,284,284,UPI,3,May,5,Friday,24,7
1238,6970,Rahul,24-05-2024,10.16.25 PM,Cold Brew,Coffee,"Coffee Beans, Cold Water",1,325,325,Card,3,May,5,Friday,24,22
1239,9973,Aarav,24-05-2024,8.17.26 AM,Hot Chocolate,Beverage,"Cocoa Powder, Milk, Sugar",1,267,267,Cash,3,May,5,Friday,24,8
1240,5908,Simran,24-05-2024,6.21.36 PM,Croissant,Bakery,"Flour, Butter, Yeast",4,305,1220,Card,1,May,5,Friday,24,18
1241,5567,Nikhil,24-05-2024,10.17.51 PM,Mocha,Coffee,"Espresso, Chocolate Syrup, Milk",4,207,828,Card,1,May,5,Friday,24,22
1242,7338,Nikhil,24-05-2024,7.10.58 AM,Croissant,Bakery,"Flour, Butter, Yeast",2,342,684,UPI,3,May,5,Friday,24,7
1243,6525,Pooja,25-05-2024,9.37.56 PM,Green Tea,Tea,"Green Tea Leaves, Water",1,265,265,Cash,1,May,5,Saturday,25,21
1244,3264,Riya,25-05-2024,1.23.49 PM,Cappuccino,Coffee,"Espresso, Milk, Milk Foam",1,241,241,UPI,3,May,5,Saturday,25,13
1245,4530,Ananya,25-05-2024,9.26.13 AM,Latte,Coffee,"Espresso, Steamed Milk",4,337,1348,Cash,1,May,5,Saturday,25,9
1246,2801,Simran,25-05-2024,3.40.16 PM,Espresso,Coffee,"Espresso Beans, Water",1,126,126,Card,1,May,5,Saturday,25,15
1247,3602,Ananya,25-05-2024,2.30.38 PM,Croissant,Bakery,"Flour, Butter, Yeast",2,178,356,UPI,2,May,5,Saturday,25,14
1248,7520,Karan,25-05-2024,9.01.49 PM,Croissant,Bakery,"Flour, Butter, Yeast",3,335,1005,Cash,3,May,5,Saturday,25,21
1249,9238,Riya,25-05-2024,5.49.56 PM,Green Tea,Tea,"Green Tea Leaves, Water",2,219,438,Card,1,May,5,Saturday,25,17
1250,5018,Pooja,25-05-2024,10.16.14 AM,Green Tea,Tea,"Green Tea Leaves, Water",4,154,616,Card,1,May,5,Saturday,25,10
1251,7511,Aarav,25-05-2024,1.34.44 PM,Cold Brew,Coffee,"Coffee Beans, Cold Water",4,259,1036,Cash,1,May,5,Saturday,25,13
1252,4639,Karan,25-05-2024,8.58.34 PM,Cold Brew,Coffee,"Coffee Beans, Cold Water",2,210,420,Cash,1,May,5,Saturday,25,20
1253,4910,Nikhil,25-05-2024,9.56.07 PM,Cold Brew,Coffee,"Coffee Beans, Cold Water",4,174,696,UPI,3,May,5,Saturday,25,21
1254,2538,Ananya,26-05-2024,3.02.47 PM,Cold Brew,Coffee,"Coffee Beans, Cold Water",3,137,411,UPI,3,May,5,Sunday,26,15
1255,1244,Riya,26-05-2024,10.35.58 PM,Hot Chocolate,Beverage,"Cocoa Powder, Milk, Sugar",1,165,165,Card,2,May,5,Sunday,26,22
1256,4607,Pooja,26-05-2024,10.25.44 PM,Croissant,Bakery,"Flour, Butter, Yeast",3,270,810,Card,1,May,5,Sunday,26,22
1257,2575,Riya,26-05-2024,9.35.09 AM,Hot Chocolate,Beverage,"Cocoa Powder, Milk, Sugar",3,128,384,Card,1,May,5,Sunday,26,9
1258,1139,Nikhil,26-05-2024,7.29.04 PM,Hot Chocolate,Beverage,"Cocoa Powder, Milk, Sugar",4,191,764,Cash,2,May,5,Sunday,26,19
1259,2242,Rahul,26-05-2024,5.41.49 PM,Masala Tea,Tea,"Tea Leaves, Milk, Spices, Sugar",4,343,1372,UPI,3,May,5,Sunday,26,17
1260,9797,Simran,26-05-2024,4.12.38 PM,Americano,Coffee,"Espresso, Hot Water",1,339,339,Card,3,May,5,Sunday,26,16
1261,1885,Simran,27-05-2024,6.35.23 PM,Cold Brew,Coffee,"Coffee Beans, Cold Water",2,337,674,Cash,2,May,5,Monday,27,18
1262,8473,Aarav,27-05-2024,10.59.48 AM,Masala Tea,Tea,"Tea Leaves, Milk, Spices, Sugar",2,277,554,Cash,1,May,5,Monday,27,10
1263,2279,Aarav,27-05-2024,1.05.14 PM,Cold Brew,Coffee,"Coffee Beans, Cold Water",3,217,651,Cash,3,May,5,Monday,27,13
1264,2815,Riya,27-05-2024,10.46.03 PM,Croissant,Bakery,"Flour, Butter, Yeast",3,301,903,Cash,1,May,5,Monday,27,22
1265,7670,Simran,27-05-2024,10.38.05 AM,Americano,Coffee,"Espresso, Hot Water",4,166,664,Card,2,May,5,Monday,27,10
1266,5637,Simran,27-05-2024,8.23.40 PM,Latte,Coffee,"Espresso, Steamed Milk",3,324,972,Cash,2,May,5,Monday,27,20
1267,8347,Simran,27-05-2024,7.13.56 PM,Cappuccino,Coffee,"Espresso, Milk, Milk Foam",2,173,346,Card,1,May,5,Monday,27,19
1268,2730,Simran,27-05-2024,7.51.37 AM,Cappuccino,Coffee,"Espresso, Milk, Milk Foam",2,328,656,Card,2,May,5,Monday,27,7
1269,6226,Karan,27-05-2024,3.50.10 PM,Cold Brew,Coffee,"Coffee Beans, Cold Water",3,135,405,Card,3,May,5,Monday,27,15
1270,4311,Riya,27-05-2024,10.42.51 AM,Americano,Coffee,"Espresso, Hot Water",3,285,855,UPI,3,May,5,Monday,27,10
1271,2262,Aarav,27-05-2024,9.00.22 AM,Cappuccino,Coffee,"Espresso, Milk, Milk Foam",4,191,764,Card,3,May,5,Monday,27,9
1272,5702,Nikhil,27-05-2024,5.36.40 PM,Hot Chocolate,Beverage,"Cocoa Powder, Milk, Sugar",3,155,465,Card,1,May,5,Monday,27,17
1273,3906,Simran,28-05-2024,11.26.57 AM,Masala Tea,Tea,"Tea Leaves, Milk, Spices, Sugar",2,241,482,Cash,1,May,5,Tuesday,28,11
1274,7412,Ananya,28-05-2024,10.47.51 PM,Espresso,Coffee,"Espresso Beans, Water",1,241,241,Card,3,May,5,Tuesday,28,22
1275,8865,Aarav,28-05-2024,5.29.06 PM,Cappuccino,Coffee,"Espresso, Milk, Milk Foam",1,229,229,UPI,2,May,5,Tuesday,28,17
1276,2769,Rahul,28-05-2024,4.49.33 PM,Cold Brew,Coffee,"Coffee Beans, Cold Water",1,161,161,Cash,2,May,5,Tuesday,28,16
1277,6909,Simran,28-05-2024,5.29.09 PM,Cold Brew,Coffee,"Coffee Beans, Cold Water",1,131,131,Cash,1,May,5,Tuesday,28,17
1278,4515,Simran,28-05-2024,4.55.38 PM,Green Tea,Tea,"Green Tea Leaves, Water",2,334,668,Card,1,May,5,Tuesday,28,16
1279,2064,Nikhil,28-05-2024,9.28.22 PM,Masala Tea,Tea,"Tea Leaves, Milk, Spices, Sugar",3,147,441,Card,3,May,5,Tuesday,28,21
1280,4613,Aarav,28-05-2024,4.51.37 PM,Mocha,Coffee,"Espresso, Chocolate Syrup, Milk",2,211,422,UPI,3,May,5,Tuesday,28,16
1281,6290,Ananya,28-05-2024,3.19.38 PM,Cold Brew,Coffee,"Coffee Beans, Cold Water",4,141,564,Cash,1,May,5,Tuesday,28,15
1282,6451,Rahul,28-05-2024,7.10.26 AM,Masala Tea,Tea,"Tea Leaves, Milk, Spices, Sugar",1,244,244,Cash,2,May,5,Tuesday,28,7
1283,3094,Pooja,28-05-2024,3.41.09 PM,Cappuccino,Coffee,"Espresso, Milk, Milk Foam",1,334,334,Cash,2,May,5,Tuesday,28,15
1284,7227,Aarav,29-05-2024,10.22.09 AM,Mocha,Coffee,"Espresso, Chocolate Syrup, Milk",2,171,342,Card,1,May,5,Wednesday,29,10
1285,8545,Karan,29-05-2024,12.35.18 PM,Espresso,Coffee,"Espresso Beans, Water",1,279,279,Cash,3,May,5,Wednesday,29,12
1286,6143,Riya,29-05-2024,1.38.18 PM,Americano,Coffee,"Espresso, Hot Water",2,332,664,Card,3,May,5,Wednesday,29,13
1287,3964,Karan,29-05-2024,12.46.05 PM,Cappuccino,Coffee,"Espresso, Milk, Milk Foam",3,170,510,Cash,2,May,5,Wednesday,29,12
1288,1196,Pooja,29-05-2024,9.10.24 PM,Latte,Coffee,"Espresso, Steamed Milk",4,163,652,UPI,3,May,5,Wednesday,29,21
1289,6803,Riya,29-05-2024,7.38.21 PM,Croissant,Bakery,"Flour, Butter, Yeast",2,182,364,UPI,2,May,5,Wednesday,29,19
1290,1487,Nikhil,29-05-2024,8.23.50 AM,Cappuccino,Coffee,"Espresso, Milk, Milk Foam",1,154,154,Cash,1,May,5,Wednesday,29,8
1291,6734,Karan,29-05-2024,1.05.33 PM,Americano,Coffee,"Espresso, Hot Water",1,121,121,UPI,2,May,5,Wednesday,29,13
1292,1577,Karan,29-05-2024,9.41.37 AM,Cold Brew,Coffee,"Coffee Beans, Cold Water",3,265,795,Cash,2,May,5,Wednesday,29,9
1293,6873,Nikhil,30-05-2024,5.27.40 PM,Croissant,Bakery,"Flour, Butter, Yeast",4,348,1392,UPI,3,May,5,Thursday,30,17
1294,6609,Ananya,30-05-2024,11.37.29 AM,Croissant,Bakery,"Flour, Butter, Yeast",4,128,512,UPI,1,May,5,Thursday,30,11
1295,6139,Simran,30-05-2024,7.10.31 PM,Masala Tea,Tea,"Tea Leaves, Milk, Spices, Sugar",4,195,780,UPI,3,May,5,Thursday,30,19
1296,9953,Aarav,30-05-2024,7.07.34 PM,Espresso,Coffee,"Espresso Beans, Water",1,143,143,UPI,1,May,5,Thursday,30,19
1297,9443,Aarav,30-05-2024,12.52.27 PM,Americano,Coffee,"Espresso, Hot Water",1,120,120,Card,2,May,5,Thursday,30,12
1298,8070,Pooja,30-05-2024,5.55.58 PM,Croissant,Bakery,"Flour, Butter, Yeast",4,161,644,Card,2,May,5,Thursday,30,17
1299,1216,Pooja,30-05-2024,3.31.34 PM,Hot Chocolate,Beverage,"Cocoa Powder, Milk, Sugar",3,209,627,UPI,1,May,5,Thursday,30,15
1300,4400,Ananya,31-05-2024,7.56.12 PM,Mocha,Coffee,"Espresso, Chocolate Syrup, Milk",1,200,200,UPI,1,May,5,Friday,31,19
1301,8021,Riya,31-05-2024,9.54.29 PM,Cappuccino,Coffee,"Espresso, Milk, Milk Foam",2,157,314,Card,1,May,5,Friday,31,21
1302,5161,Pooja,31-05-2024,1.17.19 PM,Hot Chocolate,Beverage,"Cocoa Powder, Milk, Sugar",1,293,293,Cash,2,May,5,Friday,31,13
1303,6082,Ananya,31-05-2024,10.59.07 PM,Green Tea,Tea,"Green Tea Leaves, Water",4,202,808,Card,2,May,5,Friday,31,22
1304,8079,Riya,31-05-2024,7.28.36 AM,Americano,Coffee,"Espresso, Hot Water",4,189,756,UPI,3,May,5,Friday,31,7
1305,4108,Ananya,31-05-2024,7.24.28 AM,Croissant,Bakery,"Flour, Butter, Yeast",3,194,582,Card,2,May,5,Friday,31,7
1306,6190,Rahul,31-05-2024,12.07.10 PM,Masala Tea,Tea,"Tea Leaves, Milk, Spices, Sugar",1,169,169,Card,1,May,5,Friday,31,12
1307,9539,Pooja,31-05-2024,4.56.39 PM,Masala Tea,Tea,"Tea Leaves, Milk, Spices, Sugar",2,131,262,Cash,1,May,5,Friday,31,16
1308,9910,Aarav,31-05-2024,8.34.35 PM,Espresso,Coffee,"Espresso Beans, Water",1,179,179,UPI,1,May,5,Friday,31,20
1309,8574,Aarav,01-06-2024,4.08.37 PM,Espresso,Coffee,"Espresso Beans, Water",3,256,768,Cash,2,June,6,Saturday,1,16
1310,5840,Simran,01-06-2024,11.22.58 AM,Espresso,Coffee,"Espresso Beans, Water",3,194,582,Cash,1,June,6,Saturday,1,11
1311,5114,Nikhil,01-06-2024,1.19.31 PM,Cappuccino,Coffee,"Espresso, Milk, Milk Foam",4,153,612,UPI,2,June,6,Saturday,1,13
1312,7293,Nikhil,01-06-2024,7.26.07 AM,Cappuccino,Coffee,"Espresso, Milk, Milk Foam",4,287,1148,Cash,2,June,6,Saturday,1,7
1313,2952,Ananya,01-06-2024,10.05.39 AM,Cold Brew,Coffee,"Coffee Beans, Cold Water",3,154,462,UPI,1,June,6,Saturday,1,10
1314,2267,Karan,01-06-2024,10.52.34 PM,Espresso,Coffee,"Espresso Beans, Water",3,133,399,Card,3,June,6,Saturday,1,22
1315,6377,Nikhil,02-06-2024,4.53.45 PM,Masala Tea,Tea,"Tea Leaves, Milk, Spices, Sugar",3,284,852,Card,3,June,6,Sunday,2,16
1316,6276,Riya,02-06-2024,10.40.54 AM,Green Tea,Tea,"Green Tea Leaves, Water",2,197,394,Cash,2,June,6,Sunday,2,10
1317,4779,Rahul,02-06-2024,5.47.00 PM,Latte,Coffee,"Espresso, Steamed Milk",2,215,430,Cash,1,June,6,Sunday,2,17
1318,1412,Simran,02-06-2024,11.59.08 AM,Cold Brew,Coffee,"Coffee Beans, Cold Water",2,197,394,Card,2,June,6,Sunday,2,11
1319,4845,Simran,02-06-2024,9.59.15 PM,Latte,Coffee,"Espresso, Steamed Milk",3,263,789,Card,2,June,6,Sunday,2,21
1320,1877,Aarav,02-06-2024,10.44.21 AM,Cappuccino,Coffee,"Espresso, Milk, Milk Foam",1,181,181,Cash,3,June,6,Sunday,2,10
1321,5633,Nikhil,03-06-2024,10.25.57 AM,Masala Tea,Tea,"Tea Leaves, Milk, Spices, Sugar",1,297,297,Card,3,June,6,Monday,3,10
1322,4742,Riya,03-06-2024,10.43.14 PM,Masala Tea,Tea,"Tea Leaves, Milk, Spices, Sugar",3,282,846,UPI,2,June,6,Monday,3,22
1323,2857,Nikhil,03-06-2024,3.35.22 PM,Cappuccino,Coffee,"Espresso, Milk, Milk Foam",3,298,894,UPI,3,June,6,Monday,3,15
1324,9075,Ananya,03-06-2024,2.53.20 PM,Mocha,Coffee,"Espresso, Chocolate Syrup, Milk",2,146,292,Card,1,June,6,Monday,3,14
1325,7666,Ananya,03-06-2024,7.00.41 AM,Masala Tea,Tea,"Tea Leaves, Milk, Spices, Sugar",4,280,1120,Card,3,June,6,Monday,3,7
1326,6269,Riya,03-06-2024,5.35.43 PM,Masala Tea,Tea,"Tea Leaves, Milk, Spices, Sugar",4,163,652,UPI,2,June,6,Monday,3,17
1327,3123,Karan,03-06-2024,7.30.10 PM,Americano,Coffee,"Espresso, Hot Water",1,164,164,Cash,3,June,6,Monday,3,19
1328,5855,Nikhil,03-06-2024,10.34.09 AM,Masala Tea,Tea,"Tea Leaves, Milk, Spices, Sugar",2,297,594,Card,1,June,6,Monday,3,10
1329,1299,Pooja,03-06-2024,3.56.14 PM,Croissant,Bakery,"Flour, Butter, Yeast",4,128,512,Card,3,June,6,Monday,3,15
1330,5307,Aarav,03-06-2024,9.19.03 PM,Hot Chocolate,Beverage,"Cocoa Powder, Milk, Sugar",3,284,852,Card,1,June,6,Monday,3,21
1331,3532,Karan,03-06-2024,9.18.52 AM,Mocha,Coffee,"Espresso, Chocolate Syrup, Milk",2,171,342,Card,1,June,6,Monday,3,9
1332,2367,Ananya,04-06-2024,3.27.51 PM,Cappuccino,Coffee,"Espresso, Milk, Milk Foam",3,273,819,UPI,3,June,6,Tuesday,4,15
1333,9512,Rahul,04-06-2024,9.22.23 AM,Hot Chocolate,Beverage,"Cocoa Powder, Milk, Sugar",3,227,681,Card,3,June,6,Tuesday,4,9
1334,9268,Riya,04-06-2024,8.23.03 AM,Americano,Coffee,"Espresso, Hot Water",3,201,603,Cash,1,June,6,Tuesday,4,8
1335,3039,Nikhil,04-06-2024,3.29.07 PM,Mocha,Coffee,"Espresso, Chocolate Syrup, Milk",1,326,326,UPI,3,June,6,Tuesday,4,15
1336,3378,Rahul,04-06-2024,8.21.18 PM,Cappuccino,Coffee,"Espresso, Milk, Milk Foam",2,336,672,Card,1,June,6,Tuesday,4,20
1337,9561,Riya,04-06-2024,9.46.07 AM,Cold Brew,Coffee,"Coffee Beans, Cold Water",4,326,1304,Cash,2,June,6,Tuesday,4,9
1338,3856,Simran,04-06-2024,10.16.59 PM,Cappuccino,Coffee,"Espresso, Milk, Milk Foam",3,241,723,UPI,3,June,6,Tuesday,4,22
1339,9842,Pooja,04-06-2024,6.05.00 PM,Masala Tea,Tea,"Tea Leaves, Milk, Spices, Sugar",2,205,410,UPI,1,June,6,Tuesday,4,18
1340,6228,Nikhil,04-06-2024,8.37.45 PM,Americano,Coffee,"Espresso, Hot Water",2,181,362,Cash,3,June,6,Tuesday,4,20
1341,1023,Pooja,05-06-2024,9.57.39 AM,Green Tea,Tea,"Green Tea Leaves, Water",1,312,312,UPI,1,June,6,Wednesday,5,9
1342,4397,Rahul,05-06-2024,7.45.26 PM,Croissant,Bakery,"Flour, Butter, Yeast",3,256,768,Cash,1,June,6,Wednesday,5,19
1343,7294,Simran,05-06-2024,2.14.25 PM,Hot Chocolate,Beverage,"Cocoa Powder, Milk, Sugar",4,289,1156,Cash,3,June,6,Wednesday,5,14
1344,6042,Aarav,05-06-2024,8.47.46 AM,Croissant,Bakery,"Flour, Butter, Yeast",1,206,206,Card,2,June,6,Wednesday,5,8
1345,9419,Aarav,05-06-2024,10.58.55 AM,Mocha,Coffee,"Espresso, Chocolate Syrup, Milk",4,208,832,Card,3,June,6,Wednesday,5,10
1346,3826,Pooja,05-06-2024,9.21.28 PM,Latte,Coffee,"Espresso, Steamed Milk",1,121,121,Cash,2,June,6,Wednesday,5,21
1347,5426,Nikhil,05-06-2024,8.04.25 PM,Croissant,Bakery,"Flour, Butter, Yeast",3,184,552,Cash,3,June,6,Wednesday,5,20
1348,5961,Rahul,05-06-2024,7.24.01 AM,Cold Brew,Coffee,"Coffee Beans, Cold Water",3,143,429,UPI,3,June,6,Wednesday,5,7
1349,7429,Riya,05-06-2024,5.58.57 PM,Croissant,Bakery,"Flour, Butter, Yeast",4,201,804,Cash,3,June,6,Wednesday,5,17
1350,3026,Riya,05-06-2024,11.49.53 AM,Latte,Coffee,"Espresso, Steamed Milk",1,152,152,Cash,3,June,6,Wednesday,5,11
1351,4207,Riya,06-06-2024,8.10.09 PM,Latte,Coffee,"Espresso, Steamed Milk",4,224,896,Card,3,June,6,Thursday,6,20
1352,6120,Simran,06-06-2024,10.29.47 AM,Americano,Coffee,"Espresso, Hot Water",2,277,554,UPI,1,June,6,Thursday,6,10
1353,7771,Riya,06-06-2024,8.22.12 PM,Hot Chocolate,Beverage,"Cocoa Powder, Milk, Sugar",4,271,1084,UPI,1,June,6,Thursday,6,20
1354,9593,Ananya,06-06-2024,8.41.40 AM,Cold Brew,Coffee,"Coffee Beans, Cold Water",1,165,165,UPI,1,June,6,Thursday,6,8
1355,8912,Simran,06-06-2024,1.03.48 PM,Mocha,Coffee,"Espresso, Chocolate Syrup, Milk",3,150,450,Cash,2,June,6,Thursday,6,13
1356,4052,Karan,06-06-2024,4.49.24 PM,Masala Tea,Tea,"Tea Leaves, Milk, Spices, Sugar",1,193,193,UPI,2,June,6,Thursday,6,16
1357,8579,Riya,06-06-2024,1.26.01 PM,Latte,Coffee,"Espresso, Steamed Milk",1,165,165,Cash,2,June,6,Thursday,6,13
1358,8487,Karan,07-06-2024,8.20.07 AM,Espresso,Coffee,"Espresso Beans, Water",3,284,852,Card,3,June,6,Friday,7,8
1359,6088,Ananya,07-06-2024,9.05.24 PM,Mocha,Coffee,"Espresso, Chocolate Syrup, Milk",2,182,364,Card,2,June,6,Friday,7,21
1360,5603,Karan,07-06-2024,4.22.31 PM,Mocha,Coffee,"Espresso, Chocolate Syrup, Milk",1,189,189,Cash,3,June,6,Friday,7,16
1361,4638,Karan,07-06-2024,2.46.10 PM,Cold Brew,Coffee,"Coffee Beans, Cold Water",3,324,972,Card,2,June,6,Friday,7,14
1362,2721,Aarav,07-06-2024,3.39.44 PM,Americano,Coffee,"Espresso, Hot Water",2,232,464,UPI,3,June,6,Friday,7,15
1363,2696,Nikhil,07-06-2024,10.15.35 AM,Hot Chocolate,Beverage,"Cocoa Powder, Milk, Sugar",2,146,292,Cash,2,June,6,Friday,7,10
1364,1859,Simran,08-06-2024,10.19.33 PM,Espresso,Coffee,"Espresso Beans, Water",2,255,510,Cash,3,June,6,Saturday,8,22
1365,5802,Karan,08-06-2024,2.32.30 PM,Americano,Coffee,"Espresso, Hot Water",2,263,526,Card,3,June,6,Saturday,8,14
1366,6428,Pooja,08-06-2024,9.32.59 PM,Mocha,Coffee,"Espresso, Chocolate Syrup, Milk",3,142,426,Cash,2,June,6,Saturday,8,21
1367,2307,Riya,08-06-2024,5.32.20 PM,Mocha,Coffee,"Espresso, Chocolate Syrup, Milk",4,221,884,Cash,3,June,6,Saturday,8,17
1368,9551,Rahul,08-06-2024,10.11.49 AM,Americano,Coffee,"Espresso, Hot Water",2,341,682,Card,2,June,6,Saturday,8,10
1369,9777,Simran,08-06-2024,8.27.43 AM,Green Tea,Tea,"Green Tea Leaves, Water",1,290,290,Cash,1,June,6,Saturday,8,8
1370,6873,Rahul,08-06-2024,6.08.26 PM,Masala Tea,Tea,"Tea Leaves, Milk, Spices, Sugar",4,181,724,Cash,1,June,6,Saturday,8,18
1371,8509,Karan,08-06-2024,1.16.48 PM,Espresso,Coffee,"Espresso Beans, Water",4,298,1192,UPI,2,June,6,Saturday,8,13
1372,2055,Nikhil,08-06-2024,9.40.12 AM,Cold Brew,Coffee,"Coffee Beans, Cold Water",4,297,1188,Card,1,June,6,Saturday,8,9
1373,3466,Karan,08-06-2024,10.19.07 AM,Mocha,Coffee,"Espresso, Chocolate Syrup, Milk",2,347,694,UPI,3,June,6,Saturday,8,10
1374,5539,Rahul,08-06-2024,1.41.06 PM,Croissant,Bakery,"Flour, Butter, Yeast",1,301,301,UPI,3,June,6,Saturday,8,13
1375,6713,Rahul,08-06-2024,11.17.48 AM,Espresso,Coffee,"Espresso Beans, Water",4,130,520,Card,1,June,6,Saturday,8,11
1376,6652,Karan,09-06-2024,1.39.30 PM,Cappuccino,Coffee,"Espresso, Milk, Milk Foam",3,240,720,Cash,1,June,6,Sunday,9,13
1377,7030,Nikhil,09-06-2024,12.57.59 PM,Cappuccino,Coffee,"Espresso, Milk, Milk Foam",3,149,447,Card,3,June,6,Sunday,9,12
1378,2653,Aarav,09-06-2024,9.41.01 AM,Masala Tea,Tea,"Tea Leaves, Milk, Spices, Sugar",2,234,468,UPI,1,June,6,Sunday,9,9
1379,1102,Pooja,09-06-2024,10.05.55 AM,Green Tea,Tea,"Green Tea Leaves, Water",2,203,406,UPI,2,June,6,Sunday,9,10
1380,4445,Pooja,09-06-2024,9.57.59 PM,Americano,Coffee,"Espresso, Hot Water",3,215,645,Cash,3,June,6,Sunday,9,21
1381,4745,Nikhil,09-06-2024,1.42.41 PM,Masala Tea,Tea,"Tea Leaves, Milk, Spices, Sugar",4,309,1236,Cash,2,June,6,Sunday,9,13
1382,1523,Pooja,09-06-2024,5.28.56 PM,Americano,Coffee,"Espresso, Hot Water",3,162,486,UPI,2,June,6,Sunday,9,17
1383,1787,Nikhil,09-06-2024,9.12.14 AM,Masala Tea,Tea,"Tea Leaves, Milk, Spices, Sugar",4,331,1324,Cash,2,June,6,Sunday,9,9
1384,7869,Karan,09-06-2024,11.25.20 AM,Americano,Coffee,"Espresso, Hot Water",1,211,211,Card,1,June,6,Sunday,9,11
1385,4127,Aarav,09-06-2024,7.22.39 PM,Latte,Coffee,"Espresso, Steamed Milk",4,200,800,Card,3,June,6,Sunday,9,19
1386,3035,Nikhil,09-06-2024,8.19.41 PM,Green Tea,Tea,"Green Tea Leaves, Water",1,136,136,Card,1,June,6,Sunday,9,20
1387,2767,Simran,10-06-2024,11.56.54 AM,Espresso,Coffee,"Espresso Beans, Water",4,283,1132,UPI,2,June,6,Monday,10,11
1388,5582,Karan,10-06-2024,1.52.34 PM,Americano,Coffee,"Espresso, Hot Water",4,234,936,UPI,1,June,6,Monday,10,13
1389,4564,Simran,10-06-2024,8.09.39 AM,Latte,Coffee,"Espresso, Steamed Milk",1,233,233,Card,3,June,6,Monday,10,8
1390,7021,Nikhil,10-06-2024,4.36.02 PM,Cold Brew,Coffee,"Coffee Beans, Cold Water",3,203,609,Card,1,June,6,Monday,10,16
1391,7339,Rahul,10-06-2024,2.49.20 PM,Cold Brew,Coffee,"Coffee Beans, Cold Water",2,165,330,UPI,1,June,6,Monday,10,14
1392,8394,Riya,10-06-2024,8.04.59 AM,Cappuccino,Coffee,"Espresso, Milk, Milk Foam",3,349,1047,Cash,1,June,6,Monday,10,8
1393,4422,Nikhil,10-06-2024,7.02.48 AM,Hot Chocolate,Beverage,"Cocoa Powder, Milk, Sugar",4,281,1124,Card,1,June,6,Monday,10,7
1394,5016,Simran,10-06-2024,7.46.19 AM,Espresso,Coffee,"Espresso Beans, Water",1,284,284,Cash,3,June,6,Monday,10,7
1395,8138,Aarav,10-06-2024,8.05.07 AM,Americano,Coffee,"Espresso, Hot Water",3,224,672,Cash,3,June,6,Monday,10,8
1396,7099,Simran,11-06-2024,11.47.05 AM,Masala Tea,Tea,"Tea Leaves, Milk, Spices, Sugar",2,125,250,UPI,3,June,6,Tuesday,11,11
1397,2774,Simran,11-06-2024,10.43.13 PM,Mocha,Coffee,"Espresso, Chocolate Syrup, Milk",4,213,852,UPI,1,June,6,Tuesday,11,22
1398,5231,Aarav,11-06-2024,3.21.03 PM,Croissant,Bakery,"Flour, Butter, Yeast",4,257,1028,Card,2,June,6,Tuesday,11,15
1399,6869,Aarav,11-06-2024,7.56.36 PM,Latte,Coffee,"Espresso, Steamed Milk",2,191,382,Cash,1,June,6,Tuesday,11,19
1400,6862,Simran,11-06-2024,8.47.54 AM,Americano,Coffee,"Espresso, Hot Water",1,150,150,Card,2,June,6,Tuesday,11,8
1401,8677,Rahul,11-06-2024,6.01.04 PM,Hot Chocolate,Beverage,"Cocoa Powder, Milk, Sugar",4,156,624,Cash,3,June,6,Tuesday,11,18
1402,1205,Aarav,11-06-2024,4.33.57 PM,Americano,Coffee,"Espresso, Hot Water",2,183,366,Card,3,June,6,Tuesday,11,16
1403,2307,Riya,11-06-2024,3.29.15 PM,Hot Chocolate,Beverage,"Cocoa Powder, Milk, Sugar",4,200,800,Card,3,June,6,Tuesday,11,15
1404,5559,Pooja,12-06-2024,9.56.23 PM,Americano,Coffee,"Espresso, Hot Water",2,271,542,Card,2,June,6,Wednesday,12,21
1405,5861,Nikhil,12-06-2024,8.23.43 PM,Americano,Coffee,"Espresso, Hot Water",4,180,720,UPI,2,June,6,Wednesday,12,20
1406,7350,Pooja,12-06-2024,10.33.06 PM,Hot Chocolate,Beverage,"Cocoa Powder, Milk, Sugar",2,261,522,Cash,1,June,6,Wednesday,12,22
1407,5037,Pooja,12-06-2024,1.31.42 PM,Mocha,Coffee,"Espresso, Chocolate Syrup, Milk",4,266,1064,UPI,1,June,6,Wednesday,12,13
1408,6766,Simran,12-06-2024,11.44.47 AM,Cold Brew,Coffee,"Coffee Beans, Cold Water",1,238,238,Card,1,June,6,Wednesday,12,11
1409,6512,Rahul,12-06-2024,7.25.45 PM,Masala Tea,Tea,"Tea Leaves, Milk, Spices, Sugar",1,270,270,Cash,2,June,6,Wednesday,12,19
1410,4431,Aarav,12-06-2024,7.29.49 PM,Croissant,Bakery,"Flour, Butter, Yeast",2,343,686,Card,1,June,6,Wednesday,12,19
1411,1222,Nikhil,12-06-2024,2.20.09 PM,Latte,Coffee,"Espresso, Steamed Milk",2,184,368,Card,3,June,6,Wednesday,12,14
1412,7256,Simran,12-06-2024,9.55.12 AM,Hot Chocolate,Beverage,"Cocoa Powder, Milk, Sugar",2,347,694,Card,2,June,6,Wednesday,12,9
1413,4078,Rahul,12-06-2024,6.36.11 PM,Cold Brew,Coffee,"Coffee Beans, Cold Water",3,231,693,UPI,1,June,6,Wednesday,12,18
1414,8281,Karan,12-06-2024,4.18.26 PM,Croissant,Bakery,"Flour, Butter, Yeast",4,305,1220,UPI,2,June,6,Wednesday,12,16
1415,4206,Rahul,13-06-2024,12.54.42 PM,Cappuccino,Coffee,"Espresso, Milk, Milk Foam",2,233,466,Card,3,June,6,Thursday,13,12
1416,9327,Ananya,13-06-2024,6.38.05 PM,Croissant,Bakery,"Flour, Butter, Yeast",2,210,420,Cash,2,June,6,Thursday,13,18
1417,5827,Simran,13-06-2024,9.42.00 PM,Latte,Coffee,"Espresso, Steamed Milk",4,229,916,Cash,2,June,6,Thursday,13,21
1418,9526,Karan,13-06-2024,11.45.04 AM,Green Tea,Tea,"Green Tea Leaves, Water",1,289,289,UPI,1,June,6,Thursday,13,11
1419,3310,Karan,13-06-2024,4.30.16 PM,Cappuccino,Coffee,"Espresso, Milk, Milk Foam",3,157,471,UPI,3,June,6,Thursday,13,16
1420,9213,Pooja,13-06-2024,11.31.01 AM,Cold Brew,Coffee,"Coffee Beans, Cold Water",1,143,143,Cash,2,June,6,Thursday,13,11
1421,7614,Riya,13-06-2024,6.12.21 PM,Cold Brew,Coffee,"Coffee Beans, Cold Water",3,231,693,UPI,3,June,6,Thursday,13,18
1422,7313,Rahul,13-06-2024,11.54.53 AM,Cold Brew,Coffee,"Coffee Beans, Cold Water",1,188,188,Card,3,June,6,Thursday,13,11
1423,4252,Aarav,14-06-2024,11.52.54 AM,Americano,Coffee,"Espresso, Hot Water",3,188,564,Cash,2,June,6,Friday,14,11
1424,9540,Rahul,14-06-2024,9.13.45 PM,Croissant,Bakery,"Flour, Butter, Yeast",3,322,966,Card,1,June,6,Friday,14,21
1425,4404,Karan,14-06-2024,10.50.45 AM,Masala Tea,Tea,"Tea Leaves, Milk, Spices, Sugar",4,271,1084,UPI,3,June,6,Friday,14,10
1426,2440,Pooja,14-06-2024,8.45.45 AM,Cappuccino,Coffee,"Espresso, Milk, Milk Foam",2,173,346,UPI,1,June,6,Friday,14,8
1427,3926,Rahul,14-06-2024,6.49.29 PM,Masala Tea,Tea,"Tea Leaves, Milk, Spices, Sugar",1,132,132,Cash,3,June,6,Friday,14,18
1428,8068,Aarav,14-06-2024,9.45.40 AM,Hot Chocolate,Beverage,"Cocoa Powder, Milk, Sugar",2,191,382,UPI,3,June,6,Friday,14,9
1429,7302,Karan,14-06-2024,12.47.53 PM,Croissant,Bakery,"Flour, Butter, Yeast",2,312,624,Cash,1,June,6,Friday,14,12
1430,1695,Rahul,14-06-2024,7.15.58 AM,Green Tea,Tea,"Green Tea Leaves, Water",1,158,158,Card,3,June,6,Friday,14,7
1431,1396,Riya,14-06-2024,9.48.12 PM,Masala Tea,Tea,"Tea Leaves, Milk, Spices, Sugar",4,167,668,Card,3,June,6,Friday,14,21
1432,5471,Pooja,14-06-2024,7.10.48 AM,Masala Tea,Tea,"Tea Leaves, Milk, Spices, Sugar",3,202,606,Card,2,June,6,Friday,14,7
1433,8726,Ananya,15-06-2024,1.16.07 PM,Hot Chocolate,Beverage,"Cocoa Powder, Milk, Sugar",1,135,135,Cash,1,June,6,Saturday,15,13
1434,6871,Ananya,15-06-2024,1.30.30 PM,Cold Brew,Coffee,"Coffee Beans, Cold Water",2,134,268,UPI,3,June,6,Saturday,15,13
1435,6736,Nikhil,15-06-2024,4.26.09 PM,Green Tea,Tea,"Green Tea Leaves, Water",2,170,340,Cash,1,June,6,Saturday,15,16
1436,3404,Rahul,15-06-2024,7.20.32 AM,Cappuccino,Coffee,"Espresso, Milk, Milk Foam",4,239,956,UPI,2,June,6,Saturday,15,7
1437,3321,Rahul,15-06-2024,7.04.16 AM,Masala Tea,Tea,"Tea Leaves, Milk, Spices, Sugar",2,193,386,Cash,3,June,6,Saturday,15,7
1438,3679,Nikhil,15-06-2024,5.03.20 PM,Espresso,Coffee,"Espresso Beans, Water",4,207,828,Cash,3,June,6,Saturday,15,17
1439,2333,Rahul,15-06-2024,5.48.40 PM,Hot Chocolate,Beverage,"Cocoa Powder, Milk, Sugar",2,155,310,Card,1,June,6,Saturday,15,17
1440,3565,Aarav,16-06-2024,10.40.51 PM,Cappuccino,Coffee,"Espresso, Milk, Milk Foam",1,167,167,UPI,3,June,6,Sunday,16,22
1441,7132,Simran,16-06-2024,12.53.25 PM,Latte,Coffee,"Espresso, Steamed Milk",2,174,348,Card,3,June,6,Sunday,16,12
1442,2407,Ananya,16-06-2024,9.53.30 AM,Croissant,Bakery,"Flour, Butter, Yeast",1,286,286,UPI,1,June,6,Sunday,16,9
1443,2427,Aarav,16-06-2024,9.28.16 PM,Croissant,Bakery,"Flour, Butter, Yeast",4,185,740,Cash,3,June,6,Sunday,16,21
1444,9447,Simran,16-06-2024,8.36.44 AM,Green Tea,Tea,"Green Tea Leaves, Water",1,339,339,UPI,1,June,6,Sunday,16,8
1445,2356,Nikhil,17-06-2024,12.00.55 PM,Green Tea,Tea,"Green Tea Leaves, Water",2,228,456,UPI,2,June,6,Monday,17,12
1446,2285,Pooja,17-06-2024,4.24.41 PM,Cold Brew,Coffee,"Coffee Beans, Cold Water",3,320,960,Card,2,June,6,Monday,17,16
1447,6575,Karan,17-06-2024,10.36.09 AM,Latte,Coffee,"Espresso, Steamed Milk",4,156,624,Card,1,June,6,Monday,17,10
1448,9512,Pooja,17-06-2024,1.12.48 PM,Hot Chocolate,Beverage,"Cocoa Powder, Milk, Sugar",1,187,187,UPI,2,June,6,Monday,17,13
1449,6718,Pooja,17-06-2024,5.09.44 PM,Green Tea,Tea,"Green Tea Leaves, Water",3,231,693,Cash,1,June,6,Monday,17,17
1450,7894,Aarav,17-06-2024,9.01.18 PM,Latte,Coffee,"Espresso, Steamed Milk",1,245,245,Card,2,June,6,Monday,17,21
1451,3055,Riya,17-06-2024,1.25.19 PM,Masala Tea,Tea,"Tea Leaves, Milk, Spices, Sugar",3,165,495,UPI,2,June,6,Monday,17,13
1452,1563,Pooja,17-06-2024,8.12.52 PM,Cappuccino,Coffee,"Espresso, Milk, Milk Foam",3,220,660,UPI,2,June,6,Monday,17,20
1453,3492,Nikhil,17-06-2024,6.51.20 PM,Mocha,Coffee,"Espresso, Chocolate Syrup, Milk",4,141,564,Cash,3,June,6,Monday,17,18
1454,9655,Aarav,17-06-2024,9.38.32 PM,Mocha,Coffee,"Espresso, Chocolate Syrup, Milk",4,136,544,UPI,3,June,6,Monday,17,21
1455,6736,Rahul,17-06-2024,12.28.22 PM,Green Tea,Tea,"Green Tea Leaves, Water",1,278,278,UPI,2,June,6,Monday,17,12
1456,9399,Simran,18-06-2024,3.45.25 PM,Hot Chocolate,Beverage,"Cocoa Powder, Milk, Sugar",2,213,426,Card,1,June,6,Tuesday,18,15
1457,2590,Aarav,18-06-2024,6.33.27 PM,Cold Brew,Coffee,"Coffee Beans, Cold Water",2,179,358,Card,2,June,6,Tuesday,18,18
1458,3682,Nikhil,18-06-2024,10.39.53 AM,Green Tea,Tea,"Green Tea Leaves, Water",2,176,352,UPI,1,June,6,Tuesday,18,10
1459,3349,Riya,18-06-2024,8.24.10 AM,Hot Chocolate,Beverage,"Cocoa Powder, Milk, Sugar",3,250,750,UPI,3,June,6,Tuesday,18,8
1460,3384,Karan,18-06-2024,9.14.56 AM,Cappuccino,Coffee,"Espresso, Milk, Milk Foam",3,241,723,Cash,1,June,6,Tuesday,18,9
1461,2044,Simran,18-06-2024,2.57.57 PM,Cold Brew,Coffee,"Coffee Beans, Cold Water",3,294,882,Card,1,June,6,Tuesday,18,14
1462,7038,Nikhil,18-06-2024,1.06.08 PM,Americano,Coffee,"Espresso, Hot Water",2,279,558,Cash,1,June,6,Tuesday,18,13
1463,4776,Pooja,18-06-2024,10.50.58 AM,Mocha,Coffee,"Espresso, Chocolate Syrup, Milk",2,248,496,Card,1,June,6,Tuesday,18,10
1464,2703,Nikhil,19-06-2024,12.58.41 PM,Latte,Coffee,"Espresso, Steamed Milk",4,172,688,Cash,2,June,6,Wednesday,19,12
1465,9377,Simran,19-06-2024,10.02.14 AM,Masala Tea,Tea,"Tea Leaves, Milk, Spices, Sugar",4,283,1132,Cash,2,June,6,Wednesday,19,10
1466,6038,Simran,19-06-2024,2.33.03 PM,Hot Chocolate,Beverage,"Cocoa Powder, Milk, Sugar",3,204,612,Cash,3,June,6,Wednesday,19,14
1467,3370,Aarav,19-06-2024,10.47.59 PM,Green Tea,Tea,"Green Tea Leaves, Water",4,300,1200,UPI,2,June,6,Wednesday,19,22
1468,4057,Nikhil,19-06-2024,6.29.27 PM,Latte,Coffee,"Espresso, Steamed Milk",2,123,246,UPI,3,June,6,Wednesday,19,18
1469,8047,Nikhil,19-06-2024,8.17.25 PM,Hot Chocolate,Beverage,"Cocoa Powder, Milk, Sugar",4,174,696,Card,1,June,6,Wednesday,19,20
1470,7342,Pooja,19-06-2024,12.51.06 PM,Espresso,Coffee,"Espresso Beans, Water",2,267,534,Cash,1,June,6,Wednesday,19,12
1471,1814,Simran,19-06-2024,4.02.54 PM,Hot Chocolate,Beverage,"Cocoa Powder, Milk, Sugar",1,320,320,Cash,2,June,6,Wednesday,19,16
1472,5226,Karan,19-06-2024,1.31.45 PM,Americano,Coffee,"Espresso, Hot Water",4,256,1024,Cash,2,June,6,Wednesday,19,13
1473,9757,Riya,19-06-2024,11.26.12 AM,Cold Brew,Coffee,"Coffee Beans, Cold Water",4,133,532,UPI,1,June,6,Wednesday,19,11
1474,2268,Riya,19-06-2024,11.31.15 AM,Green Tea,Tea,"Green Tea Leaves, Water",4,255,1020,UPI,2,June,6,Wednesday,19,11
1475,7949,Riya,20-06-2024,8.47.37 PM,Masala Tea,Tea,"Tea Leaves, Milk, Spices, Sugar",4,274,1096,Card,3,June,6,Thursday,20,20
1476,3238,Riya,20-06-2024,10.26.54 PM,Cold Brew,Coffee,"Coffee Beans, Cold Water",4,273,1092,Card,2,June,6,Thursday,20,22
1477,2751,Riya,20-06-2024,2.59.48 PM,Green Tea,Tea,"Green Tea Leaves, Water",2,137,274,UPI,1,June,6,Thursday,20,14
1478,5115,Karan,20-06-2024,5.45.55 PM,Hot Chocolate,Beverage,"Cocoa Powder, Milk, Sugar",4,330,1320,UPI,1,June,6,Thursday,20,17
1479,2149,Nikhil,20-06-2024,10.55.06 AM,Hot Chocolate,Beverage,"Cocoa Powder, Milk, Sugar",2,269,538,UPI,3,June,6,Thursday,20,10
1480,5288,Riya,20-06-2024,11.43.48 AM,Americano,Coffee,"Espresso, Hot Water",2,307,614,UPI,1,June,6,Thursday,20,11
1481,8653,Riya,21-06-2024,8.58.07 PM,Cold Brew,Coffee,"Coffee Beans, Cold Water",1,149,149,UPI,2,June,6,Friday,21,20
1482,7594,Pooja,21-06-2024,10.39.13 PM,Americano,Coffee,"Espresso, Hot Water",1,236,236,UPI,3,June,6,Friday,21,22
1483,2959,Simran,21-06-2024,6.40.59 PM,Croissant,Bakery,"Flour, Butter, Yeast",3,277,831,Cash,3,June,6,Friday,21,18
1484,1290,Ananya,21-06-2024,3.08.03 PM,Hot Chocolate,Beverage,"Cocoa Powder, Milk, Sugar",1,229,229,UPI,2,June,6,Friday,21,15
1485,4283,Simran,21-06-2024,5.31.56 PM,Latte,Coffee,"Espresso, Steamed Milk",4,178,712,Card,1,June,6,Friday,21,17
1486,4447,Nikhil,21-06-2024,10.42.53 PM,Espresso,Coffee,"Espresso Beans, Water",4,340,1360,UPI,3,June,6,Friday,21,22
1487,5613,Pooja,21-06-2024,9.15.37 AM,Cappuccino,Coffee,"Espresso, Milk, Milk Foam",2,252,504,UPI,2,June,6,Friday,21,9
1488,9864,Simran,21-06-2024,8.14.49 PM,Cold Brew,Coffee,"Coffee Beans, Cold Water",4,263,1052,Card,2,June,6,Friday,21,20
1489,7944,Riya,21-06-2024,10.04.40 AM,Latte,Coffee,"Espresso, Steamed Milk",4,314,1256,Card,2,June,6,Friday,21,10
1490,2876,Pooja,21-06-2024,9.44.45 AM,Cappuccino,Coffee,"Espresso, Milk, Milk Foam",4,238,952,UPI,3,June,6,Friday,21,9
1491,7779,Riya,21-06-2024,11.00.02 AM,Cold Brew,Coffee,"Coffee Beans, Cold Water",4,300,1200,UPI,2,June,6,Friday,21,11
1492,6408,Ananya,21-06-2024,7.37.56 AM,Cappuccino,Coffee,"Espresso, Milk, Milk Foam",1,233,233,Card,1,June,6,Friday,21,7
1493,2571,Ananya,22-06-2024,10.48.33 AM,Americano,Coffee,"Espresso, Hot Water",1,340,340,Cash,1,June,6,Saturday,22,10
1494,7572,Simran,22-06-2024,5.34.13 PM,Croissant,Bakery,"Flour, Butter, Yeast",2,120,240,Cash,2,June,6,Saturday,22,17
1495,6604,Rahul,22-06-2024,7.18.36 AM,Hot Chocolate,Beverage,"Cocoa Powder, Milk, Sugar",1,159,159,Card,3,June,6,Saturday,22,7
1496,7387,Ananya,22-06-2024,4.06.27 PM,Espresso,Coffee,"Espresso Beans, Water",2,341,682,UPI,3,June,6,Saturday,22,16
1497,7200,Pooja,22-06-2024,10.48.09 AM,Green Tea,Tea,"Green Tea Leaves, Water",1,307,307,Cash,2,June,6,Saturday,22,10
1498,6456,Pooja,22-06-2024,8.01.57 PM,Mocha,Coffee,"Espresso, Chocolate Syrup, Milk",1,286,286,Cash,3,June,6,Saturday,22,20
1499,7292,Rahul,22-06-2024,7.59.32 AM,Masala Tea,Tea,"Tea Leaves, Milk, Spices, Sugar",3,204,612,Card,3,June,6,Saturday,22,7
1500,1254,Nikhil,22-06-2024,9.07.18 PM,Hot Chocolate,Beverage,"Cocoa Powder, Milk, Sugar",3,281,843,Cash,2,June,6,Saturday,22,21
1501,2039,Karan,23-06-2024,9.11.06 AM,Cold Brew,Coffee,"Coffee Beans, Cold Water",1,190,190,Card,1,June,6,Sunday,23,9
1502,3800,Pooja,23-06-2024,9.19.04 AM,Croissant,Bakery,"Flour, Butter, Yeast",4,265,1060,Cash,2,June,6,Sunday,23,9
1503,7479,Riya,23-06-2024,3.47.43 PM,Cold Brew,Coffee,"Coffee Beans, Cold Water",3,178,534,UPI,3,June,6,Sunday,23,15
1504,8215,Nikhil,23-06-2024,7.29.23 AM,Mocha,Coffee,"Espresso, Chocolate Syrup, Milk",3,282,846,Card,1,June,6,Sunday,23,7
1505,8085,Simran,23-06-2024,8.08.20 AM,Mocha,Coffee,"Espresso, Chocolate Syrup, Milk",2,231,462,UPI,2,June,6,Sunday,23,8
1506,7741,Karan,23-06-2024,1.03.48 PM,Americano,Coffee,"Espresso, Hot Water",4,236,944,Card,2,June,6,Sunday,23,13
1507,9498,Riya,23-06-2024,9.34.09 PM,Cold Brew,Coffee,"Coffee Beans, Cold Water",3,328,984,UPI,2,June,6,Sunday,23,21
1508,4986,Ananya,23-06-2024,9.08.07 PM,Espresso,Coffee,"Espresso Beans, Water",1,125,125,Card,2,June,6,Sunday,23,21
1509,8490,Rahul,23-06-2024,10.00.53 PM,Croissant,Bakery,"Flour, Butter, Yeast",1,350,350,Cash,1,June,6,Sunday,23,22
1510,9147,Rahul,23-06-2024,4.18.00 PM,Green Tea,Tea,"Green Tea Leaves, Water",2,337,674,UPI,3,June,6,Sunday,23,16
1511,1403,Nikhil,23-06-2024,5.34.12 PM,Green Tea,Tea,"Green Tea Leaves, Water",3,249,747,UPI,1,June,6,Sunday,23,17
1512,9839,Riya,23-06-2024,5.54.45 PM,Cappuccino,Coffee,"Espresso, Milk, Milk Foam",4,189,756,Cash,1,June,6,Sunday,23,17
1513,3854,Riya,24-06-2024,2.42.35 PM,Latte,Coffee,"Espresso, Steamed Milk",2,277,554,UPI,1,June,6,Monday,24,14
1514,5094,Nikhil,24-06-2024,3.24.36 PM,Latte,Coffee,"Espresso, Steamed Milk",2,144,288,Cash,3,June,6,Monday,24,15
1515,4561,Riya,24-06-2024,2.28.14 PM,Latte,Coffee,"Espresso, Steamed Milk",1,332,332,Card,3,June,6,Monday,24,14
1516,6424,Riya,24-06-2024,5.03.24 PM,Latte,Coffee,"Espresso, Steamed Milk",4,197,788,Cash,1,June,6,Monday,24,17
1517,6633,Aarav,24-06-2024,3.14.19 PM,Green Tea,Tea,"Green Tea Leaves, Water",4,182,728,Cash,3,June,6,Monday,24,15
1518,3593,Aarav,24-06-2024,8.25.08 PM,Masala Tea,Tea,"Tea Leaves, Milk, Spices, Sugar",2,270,540,Card,3,June,6,Monday,24,20
1519,5979,Karan,24-06-2024,8.49.51 PM,Latte,Coffee,"Espresso, Steamed Milk",4,214,856,Cash,1,June,6,Monday,24,20
1520,2914,Ananya,24-06-2024,6.01.45 PM,Latte,Coffee,"Espresso, Steamed Milk",1,137,137,Card,3,June,6,Monday,24,18
1521,9449,Simran,25-06-2024,9.06.33 AM,Latte,Coffee,"Espresso, Steamed Milk",1,228,228,Cash,1,June,6,Tuesday,25,9
1522,6504,Karan,25-06-2024,5.05.56 PM,Cold Brew,Coffee,"Coffee Beans, Cold Water",1,279,279,Card,3,June,6,Tuesday,25,17
1523,1930,Nikhil,25-06-2024,7.20.11 PM,Masala Tea,Tea,"Tea Leaves, Milk, Spices, Sugar",4,122,488,Card,3,June,6,Tuesday,25,19
1524,2733,Ananya,25-06-2024,12.44.22 PM,Americano,Coffee,"Espresso, Hot Water",3,199,597,Card,3,June,6,Tuesday,25,12
1525,1910,Rahul,25-06-2024,10.57.05 AM,Americano,Coffee,"Espresso, Hot Water",4,298,1192,Card,2,June,6,Tuesday,25,10
1526,3293,Pooja,25-06-2024,7.34.16 AM,Espresso,Coffee,"Espresso Beans, Water",1,246,246,Card,3,June,6,Tuesday,25,7
1527,9008,Aarav,26-06-2024,11.50.35 AM,Cold Brew,Coffee,"Coffee Beans, Cold Water",2,296,592,Cash,2,June,6,Wednesday,26,11
1528,6139,Ananya,26-06-2024,7.31.06 AM,Mocha,Coffee,"Espresso, Chocolate Syrup, Milk",1,130,130,Cash,3,June,6,Wednesday,26,7
1529,2501,Ananya,26-06-2024,9.09.52 AM,Croissant,Bakery,"Flour, Butter, Yeast",1,266,266,UPI,2,June,6,Wednesday,26,9
1530,5395,Pooja,26-06-2024,6.45.13 PM,Green Tea,Tea,"Green Tea Leaves, Water",1,231,231,Card,2,June,6,Wednesday,26,18
1531,2141,Aarav,26-06-2024,10.06.55 PM,Americano,Coffee,"Espresso, Hot Water",2,231,462,Card,2,June,6,Wednesday,26,22
1532,5993,Simran,27-06-2024,8.59.47 PM,Latte,Coffee,"Espresso, Steamed Milk",4,172,688,Card,2,June,6,Thursday,27,20
1533,9956,Simran,27-06-2024,5.19.49 PM,Green Tea,Tea,"Green Tea Leaves, Water",2,215,430,Cash,1,June,6,Thursday,27,17
1534,9649,Nikhil,27-06-2024,6.30.58 PM,Americano,Coffee,"Espresso, Hot Water",3,199,597,Card,2,June,6,Thursday,27,18
1535,2686,Riya,27-06-2024,8.31.09 AM,Americano,Coffee,"Espresso, Hot Water",4,166,664,Cash,2,June,6,Thursday,27,8
1536,3086,Riya,27-06-2024,4.19.04 PM,Hot Chocolate,Beverage,"Cocoa Powder, Milk, Sugar",2,188,376,UPI,1,June,6,Thursday,27,16
1537,9725,Riya,27-06-2024,8.38.55 PM,Green Tea,Tea,"Green Tea Leaves, Water",4,245,980,Cash,1,June,6,Thursday,27,20
1538,1077,Rahul,27-06-2024,12.32.24 PM,Mocha,Coffee,"Espresso, Chocolate Syrup, Milk",2,350,700,Card,2,June,6,Thursday,27,12
1539,4925,Pooja,28-06-2024,11.03.29 AM,Cappuccino,Coffee,"Espresso, Milk, Milk Foam",3,211,633,Cash,1,June,6,Friday,28,11
1540,3552,Simran,28-06-2024,7.13.51 PM,Masala Tea,Tea,"Tea Leaves, Milk, Spices, Sugar",2,250,500,UPI,2,June,6,Friday,28,19
1541,6313,Pooja,28-06-2024,12.47.33 PM,Mocha,Coffee,"Espresso, Chocolate Syrup, Milk",2,128,256,Card,2,June,6,Friday,28,12
1542,2096,Pooja,28-06-2024,7.36.56 AM,Cold Brew,Coffee,"Coffee Beans, Cold Water",2,341,682,UPI,2,June,6,Friday,28,7
1543,4800,Aarav,28-06-2024,10.25.39 PM,Green Tea,Tea,"Green Tea Leaves, Water",1,299,299,Card,3,June,6,Friday,28,22
1544,7896,Rahul,28-06-2024,3.56.36 PM,Croissant,Bakery,"Flour, Butter, Yeast",1,269,269,UPI,3,June,6,Friday,28,15
1545,8449,Ananya,28-06-2024,9.25.52 AM,Espresso,Coffee,"Espresso Beans, Water",3,287,861,Cash,3,June,6,Friday,28,9
1546,9456,Ananya,28-06-2024,11.35.57 AM,Espresso,Coffee,"Espresso Beans, Water",2,197,394,Card,2,June,6,Friday,28,11
1547,8632,Ananya,29-06-2024,6.24.30 PM,Hot Chocolate,Beverage,"Cocoa Powder, Milk, Sugar",3,233,699,Cash,2,June,6,Saturday,29,18
1548,2321,Riya,29-06-2024,6.46.58 PM,Croissant,Bakery,"Flour, Butter, Yeast",1,203,203,UPI,2,June,6,Saturday,29,18
1549,9590,Rahul,29-06-2024,10.37.42 AM,Hot Chocolate,Beverage,"Cocoa Powder, Milk, Sugar",3,183,549,Card,3,June,6,Saturday,29,10
1550,3711,Karan,29-06-2024,8.03.40 PM,Latte,Coffee,"Espresso, Steamed Milk",4,326,1304,UPI,3,June,6,Saturday,29,20
1551,4867,Karan,29-06-2024,11.13.32 AM,Americano,Coffee,"Espresso, Hot Water",3,176,528,Cash,1,June,6,Saturday,29,11
1552,9632,Ananya,29-06-2024,9.54.26 AM,Croissant,Bakery,"Flour, Butter, Yeast",2,272,544,UPI,2,June,6,Saturday,29,9
1553,3993,Ananya,30-06-2024,7.32.27 PM,Masala Tea,Tea,"Tea Leaves, Milk, Spices, Sugar",2,187,374,Card,1,June,6,Sunday,30,19
1554,2235,Aarav,30-06-2024,3.10.47 PM,Masala Tea,Tea,"Tea Leaves, Milk, Spices, Sugar",3,162,486,Cash,2,June,6,Sunday,30,15
1555,8576,Pooja,30-06-2024,11.58.29 AM,Croissant,Bakery,"Flour, Butter, Yeast",4,131,524,Cash,2,June,6,Sunday,30,11
1556,4625,Nikhil,30-06-2024,10.37.33 PM,Espresso,Coffee,"Espresso Beans, Water",2,148,296,Card,2,June,6,Sunday,30,22
1557,2231,Pooja,30-06-2024,7.13.41 PM,Espresso,Coffee,"Espresso Beans, Water",3,331,993,UPI,2,June,6,Sunday,30,19
1558,4782,Rahul,30-06-2024,8.08.20 PM,Green Tea,Tea,"Green Tea Leaves, Water",1,172,172,Cash,1,June,6,Sunday,30,20
1559,4039,Nikhil,01-07-2024,1.04.08 PM,Americano,Coffee,"Espresso, Hot Water",4,179,716,Card,1,July,7,Monday,1,13
1560,5952,Aarav,01-07-2024,8.33.04 PM,Espresso,Coffee,"Espresso Beans, Water",1,231,231,Cash,3,July,7,Monday,1,20
1561,2231,Ananya,01-07-2024,8.14.38 AM,Americano,Coffee,"Espresso, Hot Water",1,326,326,Card,1,July,7,Monday,1,8
1562,3299,Nikhil,01-07-2024,4.40.05 PM,Mocha,Coffee,"Espresso, Chocolate Syrup, Milk",4,133,532,UPI,3,July,7,Monday,1,16
1563,6851,Ananya,01-07-2024,9.33.24 AM,Green Tea,Tea,"Green Tea Leaves, Water",3,328,984,UPI,1,July,7,Monday,1,9
1564,7627,Riya,01-07-2024,10.41.18 AM,Hot Chocolate,Beverage,"Cocoa Powder, Milk, Sugar",2,318,636,Cash,1,July,7,Monday,1,10
1565,6077,Aarav,01-07-2024,8.58.38 AM,Mocha,Coffee,"Espresso, Chocolate Syrup, Milk",4,274,1096,UPI,1,July,7,Monday,1,8
1566,2594,Pooja,01-07-2024,8.02.42 AM,Masala Tea,Tea,"Tea Leaves, Milk, Spices, Sugar",4,233,932,UPI,3,July,7,Monday,1,8
1567,7578,Rahul,01-07-2024,12.17.13 PM,Americano,Coffee,"Espresso, Hot Water",4,160,640,UPI,1,July,7,Monday,1,12
1568,2930,Aarav,02-07-2024,5.52.26 PM,Espresso,Coffee,"Espresso Beans, Water",2,172,344,Card,1,July,7,Tuesday,2,17
1569,7182,Nikhil,02-07-2024,6.28.25 PM,Cold Brew,Coffee,"Coffee Beans, Cold Water",3,252,756,Cash,1,July,7,Tuesday,2,18
1570,3123,Simran,02-07-2024,7.13.40 PM,Green Tea,Tea,"Green Tea Leaves, Water",3,234,702,Cash,3,July,7,Tuesday,2,19
1571,2457,Aarav,02-07-2024,12.38.12 PM,Masala Tea,Tea,"Tea Leaves, Milk, Spices, Sugar",1,235,235,Cash,3,July,7,Tuesday,2,12
1572,6420,Pooja,02-07-2024,5.25.07 PM,Green Tea,Tea,"Green Tea Leaves, Water",4,186,744,Card,1,July,7,Tuesday,2,17
1573,5011,Rahul,02-07-2024,1.52.05 PM,Masala Tea,Tea,"Tea Leaves, Milk, Spices, Sugar",3,254,762,Card,2,July,7,Tuesday,2,13
1574,4560,Riya,02-07-2024,12.35.34 PM,Mocha,Coffee,"Espresso, Chocolate Syrup, Milk",1,197,197,UPI,3,July,7,Tuesday,2,12
1575,4054,Pooja,03-07-2024,6.59.03 PM,Hot Chocolate,Beverage,"Cocoa Powder, Milk, Sugar",4,155,620,Card,1,July,7,Wednesday,3,18
1576,4074,Nikhil,03-07-2024,9.14.57 AM,Latte,Coffee,"Espresso, Steamed Milk",3,295,885,UPI,3,July,7,Wednesday,3,9
1577,8176,Pooja,03-07-2024,1.41.56 PM,Hot Chocolate,Beverage,"Cocoa Powder, Milk, Sugar",3,196,588,Cash,3,July,7,Wednesday,3,13
1578,1606,Nikhil,03-07-2024,1.31.18 PM,Cold Brew,Coffee,"Coffee Beans, Cold Water",2,170,340,Card,2,July,7,Wednesday,3,13
1579,7567,Riya,03-07-2024,7.15.32 PM,Green Tea,Tea,"Green Tea Leaves, Water",1,242,242,UPI,3,July,7,Wednesday,3,19
1580,1754,Aarav,03-07-2024,10.58.38 PM,Mocha,Coffee,"Espresso, Chocolate Syrup, Milk",3,123,369,UPI,3,July,7,Wednesday,3,22
1581,6011,Riya,04-07-2024,11.13.32 AM,Latte,Coffee,"Espresso, Steamed Milk",3,133,399,UPI,3,July,7,Thursday,4,11
1582,4869,Pooja,04-07-2024,9.20.20 AM,Cold Brew,Coffee,"Coffee Beans, Cold Water",2,288,576,Card,1,July,7,Thursday,4,9
1583,3009,Ananya,04-07-2024,11.56.34 AM,Espresso,Coffee,"Espresso Beans, Water",4,256,1024,Card,2,July,7,Thursday,4,11
1584,8166,Aarav,04-07-2024,9.00.39 PM,Cappuccino,Coffee,"Espresso, Milk, Milk Foam",4,171,684,Card,3,July,7,Thursday,4,21
1585,7324,Riya,04-07-2024,12.34.11 PM,Cappuccino,Coffee,"Espresso, Milk, Milk Foam",4,298,1192,Cash,3,July,7,Thursday,4,12
1586,8426,Nikhil,04-07-2024,7.57.56 AM,Green Tea,Tea,"Green Tea Leaves, Water",1,317,317,Cash,3,July,7,Thursday,4,7
1587,5572,Ananya,04-07-2024,12.46.54 PM,Croissant,Bakery,"Flour, Butter, Yeast",4,134,536,Cash,3,July,7,Thursday,4,12
1588,1882,Pooja,04-07-2024,7.18.52 PM,Croissant,Bakery,"Flour, Butter, Yeast",3,350,1050,Card,2,July,7,Thursday,4,19
1589,4239,Riya,04-07-2024,4.23.48 PM,Croissant,Bakery,"Flour, Butter, Yeast",4,252,1008,Card,2,July,7,Thursday,4,16
1590,1043,Karan,05-07-2024,6.47.23 PM,Espresso,Coffee,"Espresso Beans, Water",1,263,263,Cash,2,July,7,Friday,5,18
1591,9409,Nikhil,05-07-2024,7.40.16 AM,Croissant,Bakery,"Flour, Butter, Yeast",1,122,122,Cash,1,July,7,Friday,5,7
1592,4125,Nikhil,05-07-2024,2.19.08 PM,Hot Chocolate,Beverage,"Cocoa Powder, Milk, Sugar",2,329,658,Card,1,July,7,Friday,5,14
1593,7854,Karan,05-07-2024,9.39.28 AM,Green Tea,Tea,"Green Tea Leaves, Water",2,344,688,Cash,1,July,7,Friday,5,9
1594,7381,Rahul,05-07-2024,4.03.08 PM,Cold Brew,Coffee,"Coffee Beans, Cold Water",3,319,957,Card,1,July,7,Friday,5,16
1595,7912,Simran,05-07-2024,10.55.21 PM,Latte,Coffee,"Espresso, Steamed Milk",3,323,969,Cash,3,July,7,Friday,5,22
1596,2297,Simran,06-07-2024,9.17.03 PM,Cold Brew,Coffee,"Coffee Beans, Cold Water",1,203,203,Card,2,July,7,Saturday,6,21
1597,9821,Rahul,06-07-2024,4.48.50 PM,Cold Brew,Coffee,"Coffee Beans, Cold Water",4,152,608,Cash,1,July,7,Saturday,6,16
1598,3545,Pooja,06-07-2024,6.18.44 PM,Espresso,Coffee,"Espresso Beans, Water",2,231,462,Card,2,July,7,Saturday,6,18
1599,4424,Simran,06-07-2024,9.39.26 PM,Green Tea,Tea,"Green Tea Leaves, Water",4,347,1388,Cash,3,July,7,Saturday,6,21
1600,1093,Rahul,06-07-2024,11.11.52 AM,Croissant,Bakery,"Flour, Butter, Yeast",1,281,281,UPI,3,July,7,Saturday,6,11
1601,7693,Riya,06-07-2024,1.21.31 PM,Latte,Coffee,"Espresso, Steamed Milk",3,287,861,Card,3,July,7,Saturday,6,13
1602,3810,Nikhil,06-07-2024,3.58.25 PM,Green Tea,Tea,"Green Tea Leaves, Water",1,160,160,Card,1,July,7,Saturday,6,15
1603,8994,Rahul,06-07-2024,6.30.39 PM,Masala Tea,Tea,"Tea Leaves, Milk, Spices, Sugar",3,332,996,Cash,1,July,7,Saturday,6,18
1604,8053,Riya,06-07-2024,2.34.29 PM,Latte,Coffee,"Espresso, Steamed Milk",1,153,153,Cash,3,July,7,Saturday,6,14
1605,2858,Ananya,07-07-2024,8.59.40 PM,Green Tea,Tea,"Green Tea Leaves, Water",3,260,780,UPI,1,July,7,Sunday,7,20
1606,5680,Simran,07-07-2024,7.47.53 AM,Latte,Coffee,"Espresso, Steamed Milk",4,174,696,Card,3,July,7,Sunday,7,7
1607,5646,Ananya,07-07-2024,6.06.20 PM,Mocha,Coffee,"Espresso, Chocolate Syrup, Milk",1,329,329,Cash,1,July,7,Sunday,7,18
1608,7800,Rahul,07-07-2024,9.27.52 AM,Americano,Coffee,"Espresso, Hot Water",1,215,215,Cash,3,July,7,Sunday,7,9
1609,2109,Simran,07-07-2024,1.55.55 PM,Masala Tea,Tea,"Tea Leaves, Milk, Spices, Sugar",2,233,466,UPI,2,July,7,Sunday,7,13
1610,2372,Nikhil,07-07-2024,8.43.08 AM,Cold Brew,Coffee,"Coffee Beans, Cold Water",3,234,702,Cash,2,July,7,Sunday,7,8
1611,5224,Riya,07-07-2024,6.21.50 PM,Hot Chocolate,Beverage,"Cocoa Powder, Milk, Sugar",1,324,324,Cash,2,July,7,Sunday,7,18
1612,7017,Karan,07-07-2024,2.53.43 PM,Espresso,Coffee,"Espresso Beans, Water",4,347,1388,Cash,3,July,7,Sunday,7,14
1613,1224,Karan,07-07-2024,5.23.25 PM,Cappuccino,Coffee,"Espresso, Milk, Milk Foam",4,332,1328,Card,3,July,7,Sunday,7,17
1614,5064,Aarav,07-07-2024,9.23.40 PM,Hot Chocolate,Beverage,"Cocoa Powder, Milk, Sugar",1,124,124,Card,3,July,7,Sunday,7,21
1615,1894,Rahul,07-07-2024,5.56.36 PM,Croissant,Bakery,"Flour, Butter, Yeast",4,237,948,Card,3,July,7,Sunday,7,17
1616,5695,Aarav,08-07-2024,8.24.49 PM,Espresso,Coffee,"Espresso Beans, Water",1,134,134,Card,2,July,7,Monday,8,20
1617,5947,Pooja,08-07-2024,6.22.00 PM,Espresso,Coffee,"Espresso Beans, Water",3,168,504,UPI,1,July,7,Monday,8,18
1618,5441,Pooja,08-07-2024,12.01.34 PM,Espresso,Coffee,"Espresso Beans, Water",1,274,274,Card,1,July,7,Monday,8,12
1619,1127,Nikhil,08-07-2024,7.14.46 AM,Cold Brew,Coffee,"Coffee Beans, Cold Water",1,271,271,Cash,1,July,7,Monday,8,7
1620,8424,Karan,08-07-2024,6.24.55 PM,Green Tea,Tea,"Green Tea Leaves, Water",3,340,1020,Cash,2,July,7,Monday,8,18
1621,6347,Rahul,08-07-2024,3.02.28 PM,Green Tea,Tea,"Green Tea Leaves, Water",3,258,774,Card,3,July,7,Monday,8,15
1622,5919,Ananya,09-07-2024,8.00.11 AM,Croissant,Bakery,"Flour, Butter, Yeast",1,213,213,Card,3,July,7,Tuesday,9,8
1623,1057,Rahul,09-07-2024,4.03.50 PM,Croissant,Bakery,"Flour, Butter, Yeast",2,203,406,UPI,3,July,7,Tuesday,9,16
1624,6286,Pooja,09-07-2024,6.13.49 PM,Americano,Coffee,"Espresso, Hot Water",2,272,544,Cash,2,July,7,Tuesday,9,18
1625,1075,Riya,09-07-2024,2.44.55 PM,Mocha,Coffee,"Espresso, Chocolate Syrup, Milk",4,322,1288,Cash,3,July,7,Tuesday,9,14
1626,7820,Karan,09-07-2024,9.13.35 AM,Green Tea,Tea,"Green Tea Leaves, Water",4,328,1312,Cash,1,July,7,Tuesday,9,9
1627,2721,Aarav,10-07-2024,12.50.50 PM,Mocha,Coffee,"Espresso, Chocolate Syrup, Milk",4,350,1400,UPI,3,July,7,Wednesday,10,12
1628,7469,Pooja,10-07-2024,3.11.31 PM,Cappuccino,Coffee,"Espresso, Milk, Milk Foam",4,147,588,Card,2,July,7,Wednesday,10,15
1629,6805,Riya,10-07-2024,10.39.12 PM,Cold Brew,Coffee,"Coffee Beans, Cold Water",3,150,450,Card,2,July,7,Wednesday,10,22
1630,6929,Simran,10-07-2024,10.25.25 AM,Hot Chocolate,Beverage,"Cocoa Powder, Milk, Sugar",1,156,156,Cash,1,July,7,Wednesday,10,10
1631,4062,Simran,10-07-2024,9.45.03 AM,Americano,Coffee,"Espresso, Hot Water",3,271,813,Cash,1,July,7,Wednesday,10,9
1632,5912,Pooja,10-07-2024,10.25.18 PM,Latte,Coffee,"Espresso, Steamed Milk",3,320,960,Card,3,July,7,Wednesday,10,22
1633,7285,Ananya,10-07-2024,6.02.11 PM,Mocha,Coffee,"Espresso, Chocolate Syrup, Milk",2,162,324,Cash,3,July,7,Wednesday,10,18
1634,9173,Pooja,10-07-2024,9.28.16 AM,Green Tea,Tea,"Green Tea Leaves, Water",1,150,150,UPI,1,July,7,Wednesday,10,9
1635,1649,Aarav,10-07-2024,4.14.06 PM,Americano,Coffee,"Espresso, Hot Water",3,201,603,UPI,3,July,7,Wednesday,10,16
1636,9530,Rahul,10-07-2024,8.51.19 AM,Cappuccino,Coffee,"Espresso, Milk, Milk Foam",3,183,549,Card,2,July,7,Wednesday,10,8
1637,9791,Ananya,11-07-2024,11.21.42 AM,Cappuccino,Coffee,"Espresso, Milk, Milk Foam",2,334,668,UPI,1,July,7,Thursday,11,11
1638,8283,Ananya,11-07-2024,10.06.41 AM,Cappuccino,Coffee,"Espresso, Milk, Milk Foam",2,164,328,Card,2,July,7,Thursday,11,10
1639,6208,Ananya,11-07-2024,6.03.56 PM,Cappuccino,Coffee,"Espresso, Milk, Milk Foam",4,151,604,Cash,1,July,7,Thursday,11,18
1640,8973,Karan,11-07-2024,7.52.57 AM,Cold Brew,Coffee,"Coffee Beans, Cold Water",3,276,828,Card,1,July,7,Thursday,11,7
1641,3515,Aarav,11-07-2024,6.51.46 PM,Cappuccino,Coffee,"Espresso, Milk, Milk Foam",3,208,624,Cash,2,July,7,Thursday,11,18
1642,3069,Ananya,11-07-2024,1.00.36 PM,Americano,Coffee,"Espresso, Hot Water",4,189,756,UPI,1,July,7,Thursday,11,13
1643,9933,Pooja,11-07-2024,5.24.07 PM,Croissant,Bakery,"Flour, Butter, Yeast",4,206,824,Card,3,July,7,Thursday,11,17
1644,3115,Pooja,11-07-2024,11.57.28 AM,Masala Tea,Tea,"Tea Leaves, Milk, Spices, Sugar",1,201,201,Card,3,July,7,Thursday,11,11
1645,7894,Karan,11-07-2024,7.04.01 AM,Croissant,Bakery,"Flour, Butter, Yeast",2,339,678,Cash,3,July,7,Thursday,11,7
1646,3421,Ananya,11-07-2024,3.10.09 PM,Latte,Coffee,"Espresso, Steamed Milk",2,268,536,UPI,3,July,7,Thursday,11,15
1647,2337,Simran,11-07-2024,12.57.41 PM,Hot Chocolate,Beverage,"Cocoa Powder, Milk, Sugar",1,251,251,Cash,1,July,7,Thursday,11,12
1648,4111,Nikhil,11-07-2024,7.42.05 AM,Americano,Coffee,"Espresso, Hot Water",4,170,680,Card,3,July,7,Thursday,11,7
1649,1268,Ananya,12-07-2024,8.41.34 PM,Cappuccino,Coffee,"Espresso, Milk, Milk Foam",1,209,209,Card,3,July,7,Friday,12,20
1650,3547,Rahul,12-07-2024,11.41.12 AM,Mocha,Coffee,"Espresso, Chocolate Syrup, Milk",2,213,426,Card,1,July,7,Friday,12,11
1651,2306,Rahul,12-07-2024,10.48.24 PM,Mocha,Coffee,"Espresso, Chocolate Syrup, Milk",1,343,343,Cash,1,July,7,Friday,12,22
1652,1721,Karan,12-07-2024,8.53.05 AM,Cold Brew,Coffee,"Coffee Beans, Cold Water",1,301,301,Cash,1,July,7,Friday,12,8
1653,9679,Nikhil,12-07-2024,4.13.13 PM,Green Tea,Tea,"Green Tea Leaves, Water",2,232,464,Cash,1,July,7,Friday,12,16
1654,8766,Pooja,13-07-2024,7.43.25 PM,Cappuccino,Coffee,"Espresso, Milk, Milk Foam",2,223,446,Cash,3,July,7,Saturday,13,19
1655,9100,Aarav,13-07-2024,12.13.00 PM,Hot Chocolate,Beverage,"Cocoa Powder, Milk, Sugar",2,268,536,Cash,2,July,7,Saturday,13,12
1656,1143,Karan,13-07-2024,5.34.55 PM,Cappuccino,Coffee,"Espresso, Milk, Milk Foam",1,210,210,Card,1,July,7,Saturday,13,17
1657,2794,Karan,13-07-2024,9.42.50 AM,Mocha,Coffee,"Espresso, Chocolate Syrup, Milk",2,130,260,UPI,3,July,7,Saturday,13,9
1658,2320,Riya,13-07-2024,7.23.33 PM,Croissant,Bakery,"Flour, Butter, Yeast",4,261,1044,Card,2,July,7,Saturday,13,19
1659,4842,Karan,13-07-2024,8.26.21 PM,Mocha,Coffee,"Espresso, Chocolate Syrup, Milk",1,250,250,Cash,1,July,7,Saturday,13,20
1660,4497,Simran,13-07-2024,7.37.56 AM,Latte,Coffee,"Espresso, Steamed Milk",1,176,176,Cash,3,July,7,Saturday,13,7
1661,2019,Karan,14-07-2024,6.14.55 PM,Mocha,Coffee,"Espresso, Chocolate Syrup, Milk",4,141,564,UPI,2,July,7,Sunday,14,18
1662,4418,Riya,14-07-2024,7.59.58 PM,Croissant,Bakery,"Flour, Butter, Yeast",2,157,314,Cash,2,July,7,Sunday,14,19
1663,2122,Riya,14-07-2024,10.15.20 PM,Croissant,Bakery,"Flour, Butter, Yeast",3,273,819,Cash,2,July,7,Sunday,14,22
1664,7121,Aarav,14-07-2024,7.37.21 PM,Hot Chocolate,Beverage,"Cocoa Powder, Milk, Sugar",1,190,190,Card,3,July,7,Sunday,14,19
1665,7023,Nikhil,14-07-2024,10.26.40 PM,Cold Brew,Coffee,"Coffee Beans, Cold Water",3,153,459,Cash,3,July,7,Sunday,14,22
1666,8135,Riya,15-07-2024,9.27.51 AM,Croissant,Bakery,"Flour, Butter, Yeast",2,276,552,UPI,1,July,7,Monday,15,9
1667,7349,Pooja,15-07-2024,3.05.03 PM,Cold Brew,Coffee,"Coffee Beans, Cold Water",4,333,1332,UPI,3,July,7,Monday,15,15
1668,4155,Ananya,15-07-2024,3.33.46 PM,Mocha,Coffee,"Espresso, Chocolate Syrup, Milk",3,154,462,Cash,3,July,7,Monday,15,15
1669,3997,Simran,15-07-2024,7.33.12 PM,Latte,Coffee,"Espresso, Steamed Milk",3,242,726,Cash,3,July,7,Monday,15,19
1670,1348,Pooja,15-07-2024,7.43.00 PM,Mocha,Coffee,"Espresso, Chocolate Syrup, Milk",4,339,1356,UPI,2,July,7,Monday,15,19
1671,9438,Pooja,15-07-2024,1.30.24 PM,Espresso,Coffee,"Espresso Beans, Water",1,269,269,Cash,2,July,7,Monday,15,13
1672,7230,Ananya,16-07-2024,7.23.32 AM,Hot Chocolate,Beverage,"Cocoa Powder, Milk, Sugar",2,141,282,Card,1,July,7,Tuesday,16,7
1673,6096,Nikhil,16-07-2024,9.02.26 PM,Hot Chocolate,Beverage,"Cocoa Powder, Milk, Sugar",4,296,1184,Cash,2,July,7,Tuesday,16,21
1674,9953,Karan,16-07-2024,9.31.46 PM,Masala Tea,Tea,"Tea Leaves, Milk, Spices, Sugar",2,272,544,Cash,2,July,7,Tuesday,16,21
1675,5358,Ananya,16-07-2024,11.55.35 AM,Latte,Coffee,"Espresso, Steamed Milk",2,244,488,Card,1,July,7,Tuesday,16,11
1676,9861,Nikhil,16-07-2024,7.07.16 PM,Masala Tea,Tea,"Tea Leaves, Milk, Spices, Sugar",1,238,238,Card,3,July,7,Tuesday,16,19
1677,1892,Riya,16-07-2024,10.45.06 AM,Green Tea,Tea,"Green Tea Leaves, Water",2,292,584,Cash,1,July,7,Tuesday,16,10
1678,4297,Pooja,16-07-2024,7.51.01 PM,Masala Tea,Tea,"Tea Leaves, Milk, Spices, Sugar",4,143,572,Cash,3,July,7,Tuesday,16,19
1679,3722,Simran,16-07-2024,12.50.52 PM,Americano,Coffee,"Espresso, Hot Water",4,215,860,UPI,3,July,7,Tuesday,16,12
1680,2957,Ananya,16-07-2024,11.00.16 AM,Espresso,Coffee,"Espresso Beans, Water",4,275,1100,UPI,2,July,7,Tuesday,16,11
1681,5317,Nikhil,16-07-2024,8.50.58 AM,Cappuccino,Coffee,"Espresso, Milk, Milk Foam",2,248,496,Card,3,July,7,Tuesday,16,8
1682,9005,Aarav,17-07-2024,10.35.14 AM,Hot Chocolate,Beverage,"Cocoa Powder, Milk, Sugar",2,295,590,Card,3,July,7,Wednesday,17,10
1683,8580,Nikhil,17-07-2024,8.05.13 AM,Hot Chocolate,Beverage,"Cocoa Powder, Milk, Sugar",4,127,508,UPI,2,July,7,Wednesday,17,8
1684,5188,Simran,17-07-2024,1.14.53 PM,Americano,Coffee,"Espresso, Hot Water",1,307,307,UPI,2,July,7,Wednesday,17,13
1685,4961,Rahul,17-07-2024,9.47.27 AM,Espresso,Coffee,"Espresso Beans, Water",3,338,1014,UPI,2,July,7,Wednesday,17,9
1686,7190,Riya,17-07-2024,1.26.45 PM,Cappuccino,Coffee,"Espresso, Milk, Milk Foam",2,140,280,Cash,1,July,7,Wednesday,17,13
1687,2566,Nikhil,17-07-2024,1.47.59 PM,Croissant,Bakery,"Flour, Butter, Yeast",4,312,1248,Cash,1,July,7,Wednesday,17,13
1688,5259,Karan,17-07-2024,9.44.45 PM,Croissant,Bakery,"Flour, Butter, Yeast",4,277,1108,Cash,1,July,7,Wednesday,17,21
1689,1958,Nikhil,17-07-2024,9.34.27 PM,Mocha,Coffee,"Espresso, Chocolate Syrup, Milk",1,149,149,Card,3,July,7,Wednesday,17,21
1690,7326,Karan,18-07-2024,4.12.44 PM,Espresso,Coffee,"Espresso Beans, Water",2,293,586,Cash,2,July,7,Thursday,18,16
1691,4962,Ananya,18-07-2024,1.40.05 PM,Latte,Coffee,"Espresso, Steamed Milk",2,194,388,Card,3,July,7,Thursday,18,13
1692,5574,Aarav,18-07-2024,10.13.00 PM,Espresso,Coffee,"Espresso Beans, Water",4,169,676,UPI,2,July,7,Thursday,18,22
1693,7087,Nikhil,18-07-2024,12.07.47 PM,Espresso,Coffee,"Espresso Beans, Water",1,289,289,Card,3,July,7,Thursday,18,12
1694,3093,Karan,18-07-2024,10.10.53 AM,Hot Chocolate,Beverage,"Cocoa Powder, Milk, Sugar",2,123,246,UPI,3,July,7,Thursday,18,10
1695,2236,Karan,18-07-2024,6.54.20 PM,Americano,Coffee,"Espresso, Hot Water",3,134,402,UPI,3,July,7,Thursday,18,18
1696,6949,Rahul,18-07-2024,5.03.01 PM,Green Tea,Tea,"Green Tea Leaves, Water",1,301,301,UPI,1,July,7,Thursday,18,17
1697,7484,Nikhil,19-07-2024,3.20.37 PM,Latte,Coffee,"Espresso, Steamed Milk",2,211,422,Cash,1,July,7,Friday,19,15
1698,6199,Rahul,19-07-2024,3.19.49 PM,Hot Chocolate,Beverage,"Cocoa Powder, Milk, Sugar",3,208,624,Cash,3,July,7,Friday,19,15
1699,2425,Karan,19-07-2024,7.25.22 PM,Espresso,Coffee,"Espresso Beans, Water",1,257,257,Card,1,July,7,Friday,19,19
1700,1151,Rahul,19-07-2024,5.51.24 PM,Mocha,Coffee,"Espresso, Chocolate Syrup, Milk",3,201,603,UPI,2,July,7,Friday,19,17
1701,2012,Pooja,19-07-2024,6.57.05 PM,Green Tea,Tea,"Green Tea Leaves, Water",4,345,1380,Card,1,July,7,Friday,19,18
1702,5737,Aarav,19-07-2024,9.10.22 PM,Espresso,Coffee,"Espresso Beans, Water",3,274,822,Cash,2,July,7,Friday,19,21
1703,4579,Aarav,19-07-2024,5.02.27 PM,Croissant,Bakery,"Flour, Butter, Yeast",1,344,344,Card,1,July,7,Friday,19,17
1704,4573,Simran,19-07-2024,5.23.07 PM,Masala Tea,Tea,"Tea Leaves, Milk, Spices, Sugar",1,263,263,UPI,3,July,7,Friday,19,17
1705,6852,Pooja,19-07-2024,9.19.40 AM,Croissant,Bakery,"Flour, Butter, Yeast",2,302,604,UPI,3,July,7,Friday,19,9
1706,1354,Rahul,19-07-2024,7.38.18 PM,Cold Brew,Coffee,"Coffee Beans, Cold Water",2,261,522,Card,3,July,7,Friday,19,19
1707,3355,Rahul,19-07-2024,4.03.21 PM,Mocha,Coffee,"Espresso, Chocolate Syrup, Milk",4,280,1120,Card,1,July,7,Friday,19,16
1708,5444,Pooja,19-07-2024,9.32.56 PM,Croissant,Bakery,"Flour, Butter, Yeast",4,187,748,UPI,2,July,7,Friday,19,21
1709,3286,Aarav,20-07-2024,6.50.34 PM,Cold Brew,Coffee,"Coffee Beans, Cold Water",4,286,1144,Cash,3,July,7,Saturday,20,18
1710,2141,Riya,20-07-2024,9.15.33 PM,Mocha,Coffee,"Espresso, Chocolate Syrup, Milk",2,183,366,Card,2,July,7,Saturday,20,21
1711,2586,Karan,20-07-2024,9.09.55 AM,Croissant,Bakery,"Flour, Butter, Yeast",1,134,134,Cash,2,July,7,Saturday,20,9
1712,7386,Karan,20-07-2024,7.07.57 AM,Cold Brew,Coffee,"Coffee Beans, Cold Water",4,136,544,Cash,1,July,7,Saturday,20,7
1713,2279,Riya,20-07-2024,11.38.58 AM,Cold Brew,Coffee,"Coffee Beans, Cold Water",2,133,266,Cash,3,July,7,Saturday,20,11
1714,9403,Karan,20-07-2024,7.12.19 AM,Green Tea,Tea,"Green Tea Leaves, Water",4,308,1232,UPI,1,July,7,Saturday,20,7
1715,2585,Simran,20-07-2024,3.59.44 PM,Mocha,Coffee,"Espresso, Chocolate Syrup, Milk",2,153,306,Card,3,July,7,Saturday,20,15
1716,4802,Rahul,20-07-2024,10.09.05 PM,Espresso,Coffee,"Espresso Beans, Water",4,192,768,Cash,3,July,7,Saturday,20,22
1717,3738,Karan,20-07-2024,4.14.33 PM,Croissant,Bakery,"Flour, Butter, Yeast",2,242,484,Cash,2,July,7,Saturday,20,16
1718,5308,Riya,21-07-2024,2.58.19 PM,Cold Brew,Coffee,"Coffee Beans, Cold Water",3,172,516,Card,3,July,7,Sunday,21,14
1719,7414,Aarav,21-07-2024,8.40.53 PM,Americano,Coffee,"Espresso, Hot Water",4,313,1252,UPI,3,July,7,Sunday,21,20
1720,9648,Karan,21-07-2024,8.30.37 AM,Mocha,Coffee,"Espresso, Chocolate Syrup, Milk",1,306,306,Card,3,July,7,Sunday,21,8
1721,5414,Riya,21-07-2024,9.15.45 PM,Americano,Coffee,"Espresso, Hot Water",2,289,578,Card,1,July,7,Sunday,21,21
1722,9197,Simran,21-07-2024,12.14.42 PM,Espresso,Coffee,"Espresso Beans, Water",4,209,836,UPI,3,July,7,Sunday,21,12
1723,6821,Ananya,21-07-2024,6.45.00 PM,Mocha,Coffee,"Espresso, Chocolate Syrup, Milk",1,254,254,UPI,2,July,7,Sunday,21,18
1724,4588,Pooja,21-07-2024,12.12.17 PM,Latte,Coffee,"Espresso, Steamed Milk",4,306,1224,UPI,3,July,7,Sunday,21,12
1725,9207,Rahul,22-07-2024,4.29.30 PM,Mocha,Coffee,"Espresso, Chocolate Syrup, Milk",2,343,686,UPI,1,July,7,Monday,22,16
1726,6034,Rahul,22-07-2024,3.23.13 PM,Espresso,Coffee,"Espresso Beans, Water",1,152,152,Card,3,July,7,Monday,22,15
1727,4535,Ananya,22-07-2024,7.37.22 PM,Green Tea,Tea,"Green Tea Leaves, Water",3,211,633,UPI,1,July,7,Monday,22,19
1728,1209,Pooja,22-07-2024,5.36.57 PM,Croissant,Bakery,"Flour, Butter, Yeast",1,158,158,Card,3,July,7,Monday,22,17
1729,5524,Riya,22-07-2024,11.40.05 AM,Latte,Coffee,"Espresso, Steamed Milk",4,126,504,UPI,1,July,7,Monday,22,11
1730,9310,Rahul,22-07-2024,4.09.11 PM,Americano,Coffee,"Espresso, Hot Water",2,291,582,Card,2,July,7,Monday,22,16
1731,3318,Nikhil,22-07-2024,9.53.08 PM,Americano,Coffee,"Espresso, Hot Water",2,173,346,Card,3,July,7,Monday,22,21
1732,1409,Riya,22-07-2024,8.27.45 AM,Hot Chocolate,Beverage,"Cocoa Powder, Milk, Sugar",2,286,572,Card,2,July,7,Monday,22,8
1733,7116,Nikhil,22-07-2024,9.33.17 AM,Masala Tea,Tea,"Tea Leaves, Milk, Spices, Sugar",1,198,198,Card,1,July,7,Monday,22,9
1734,7481,Aarav,23-07-2024,10.33.26 PM,Espresso,Coffee,"Espresso Beans, Water",4,315,1260,Cash,1,July,7,Tuesday,23,22
1735,2584,Simran,23-07-2024,1.49.17 PM,Croissant,Bakery,"Flour, Butter, Yeast",3,191,573,UPI,3,July,7,Tuesday,23,13
1736,8068,Riya,23-07-2024,1.45.31 PM,Cold Brew,Coffee,"Coffee Beans, Cold Water",1,268,268,UPI,2,July,7,Tuesday,23,13
1737,2828,Rahul,23-07-2024,2.34.36 PM,Americano,Coffee,"Espresso, Hot Water",2,323,646,Card,3,July,7,Tuesday,23,14
1738,1145,Nikhil,23-07-2024,2.50.34 PM,Masala Tea,Tea,"Tea Leaves, Milk, Spices, Sugar",3,189,567,UPI,1,July,7,Tuesday,23,14
1739,4079,Simran,23-07-2024,10.02.34 PM,Mocha,Coffee,"Espresso, Chocolate Syrup, Milk",2,201,402,Card,1,July,7,Tuesday,23,22
1740,3074,Rahul,23-07-2024,12.49.11 PM,Americano,Coffee,"Espresso, Hot Water",1,222,222,Cash,1,July,7,Tuesday,23,12
1741,5453,Aarav,23-07-2024,4.34.55 PM,Green Tea,Tea,"Green Tea Leaves, Water",1,310,310,Card,2,July,7,Tuesday,23,16
1742,8704,Ananya,23-07-2024,10.47.13 PM,Hot Chocolate,Beverage,"Cocoa Powder, Milk, Sugar",3,274,822,UPI,2,July,7,Tuesday,23,22
1743,8483,Rahul,23-07-2024,9.10.26 AM,Mocha,Coffee,"Espresso, Chocolate Syrup, Milk",4,253,1012,UPI,3,July,7,Tuesday,23,9
1744,2260,Nikhil,23-07-2024,9.34.39 AM,Cold Brew,Coffee,"Coffee Beans, Cold Water",3,179,537,Card,2,July,7,Tuesday,23,9
1745,8667,Simran,23-07-2024,12.16.11 PM,Croissant,Bakery,"Flour, Butter, Yeast",1,232,232,Cash,1,July,7,Tuesday,23,12
1746,4316,Pooja,24-07-2024,4.57.32 PM,Hot Chocolate,Beverage,"Cocoa Powder, Milk, Sugar",1,149,149,UPI,3,July,7,Wednesday,24,16
1747,6158,Nikhil,24-07-2024,12.19.08 PM,Espresso,Coffee,"Espresso Beans, Water",3,258,774,Cash,2,July,7,Wednesday,24,12
1748,6078,Rahul,24-07-2024,4.41.53 PM,Croissant,Bakery,"Flour, Butter, Yeast",1,311,311,UPI,3,July,7,Wednesday,24,16
1749,6695,Pooja,24-07-2024,4.14.21 PM,Cold Brew,Coffee,"Coffee Beans, Cold Water",4,311,1244,UPI,1,July,7,Wednesday,24,16
1750,2145,Riya,24-07-2024,5.36.06 PM,Cold Brew,Coffee,"Coffee Beans, Cold Water",3,212,636,Cash,3,July,7,Wednesday,24,17
1751,8252,Karan,24-07-2024,3.27.59 PM,Latte,Coffee,"Espresso, Steamed Milk",1,251,251,Cash,3,July,7,Wednesday,24,15
1752,3177,Pooja,24-07-2024,8.51.15 PM,Espresso,Coffee,"Espresso Beans, Water",3,305,915,UPI,3,July,7,Wednesday,24,20
1753,4832,Ananya,24-07-2024,11.30.47 AM,Hot Chocolate,Beverage,"Cocoa Powder, Milk, Sugar",1,189,189,Card,3,July,7,Wednesday,24,11
1754,1688,Aarav,24-07-2024,10.34.27 AM,Masala Tea,Tea,"Tea Leaves, Milk, Spices, Sugar",2,271,542,Card,2,July,7,Wednesday,24,10
1755,4209,Ananya,24-07-2024,9.11.17 AM,Hot Chocolate,Beverage,"Cocoa Powder, Milk, Sugar",3,221,663,UPI,1,July,7,Wednesday,24,9
1756,7972,Karan,24-07-2024,8.21.35 AM,Cold Brew,Coffee,"Coffee Beans, Cold Water",2,268,536,Cash,3,July,7,Wednesday,24,8
1757,3296,Karan,25-07-2024,10.11.22 PM,Espresso,Coffee,"Espresso Beans, Water",2,298,596,Card,2,July,7,Thursday,25,22
1758,3272,Riya,25-07-2024,3.46.14 PM,Green Tea,Tea,"Green Tea Leaves, Water",3,335,1005,Cash,1,July,7,Thursday,25,15
1759,7114,Simran,25-07-2024,10.49.43 AM,Hot Chocolate,Beverage,"Cocoa Powder, Milk, Sugar",2,225,450,Card,2,July,7,Thursday,25,10
1760,6226,Simran,25-07-2024,9.17.13 AM,Masala Tea,Tea,"Tea Leaves, Milk, Spices, Sugar",2,198,396,UPI,2,July,7,Thursday,25,9
1761,1600,Nikhil,25-07-2024,10.08.39 PM,Cappuccino,Coffee,"Espresso, Milk, Milk Foam",4,344,1376,Cash,3,July,7,Thursday,25,22
1762,5051,Riya,25-07-2024,5.05.41 PM,Cappuccino,Coffee,"Espresso, Milk, Milk Foam",2,120,240,UPI,1,July,7,Thursday,25,17
1763,9888,Simran,25-07-2024,3.19.48 PM,Green Tea,Tea,"Green Tea Leaves, Water",2,146,292,Card,3,July,7,Thursday,25,15
1764,7153,Nikhil,25-07-2024,12.52.52 PM,Hot Chocolate,Beverage,"Cocoa Powder, Milk, Sugar",2,336,672,Card,2,July,7,Thursday,25,12
1765,6913,Riya,25-07-2024,10.59.06 AM,Espresso,Coffee,"Espresso Beans, Water",4,318,1272,UPI,1,July,7,Thursday,25,10
1766,1259,Simran,25-07-2024,4.46.56 PM,Cappuccino,Coffee,"Espresso, Milk, Milk Foam",1,214,214,UPI,2,July,7,Thursday,25,16
1767,2323,Nikhil,25-07-2024,1.19.07 PM,Hot Chocolate,Beverage,"Cocoa Powder, Milk, Sugar",3,319,957,Card,2,July,7,Thursday,25,13
1768,7466,Nikhil,26-07-2024,7.54.28 PM,Espresso,Coffee,"Espresso Beans, Water",4,165,660,Cash,2,July,7,Friday,26,19
1769,7724,Ananya,26-07-2024,4.03.03 PM,Cold Brew,Coffee,"Coffee Beans, Cold Water",4,205,820,Cash,3,July,7,Friday,26,16
1770,2614,Pooja,26-07-2024,2.11.08 PM,Cold Brew,Coffee,"Coffee Beans, Cold Water",4,123,492,Card,2,July,7,Friday,26,14
1771,5236,Aarav,26-07-2024,5.38.47 PM,Hot Chocolate,Beverage,"Cocoa Powder, Milk, Sugar",1,151,151,Card,1,July,7,Friday,26,17
1772,6429,Karan,26-07-2024,5.09.49 PM,Cold Brew,Coffee,"Coffee Beans, Cold Water",2,181,362,UPI,3,July,7,Friday,26,17
1773,4805,Aarav,27-07-2024,7.30.47 PM,Green Tea,Tea,"Green Tea Leaves, Water",3,291,873,Cash,1,July,7,Saturday,27,19
1774,2161,Riya,27-07-2024,3.52.24 PM,Masala Tea,Tea,"Tea Leaves, Milk, Spices, Sugar",2,126,252,Card,3,July,7,Saturday,27,15
1775,1995,Simran,27-07-2024,8.38.35 PM,Hot Chocolate,Beverage,"Cocoa Powder, Milk, Sugar",4,316,1264,UPI,1,July,7,Saturday,27,20
1776,1631,Ananya,27-07-2024,11.13.38 AM,Cappuccino,Coffee,"Espresso, Milk, Milk Foam",3,337,1011,Cash,2,July,7,Saturday,27,11
1777,7876,Aarav,27-07-2024,3.43.17 PM,Green Tea,Tea,"Green Tea Leaves, Water",4,334,1336,UPI,2,July,7,Saturday,27,15
1778,2674,Rahul,27-07-2024,1.42.03 PM,Cold Brew,Coffee,"Coffee Beans, Cold Water",3,302,906,Cash,3,July,7,Saturday,27,13
1779,8460,Ananya,27-07-2024,5.41.44 PM,Masala Tea,Tea,"Tea Leaves, Milk, Spices, Sugar",2,298,596,UPI,3,July,7,Saturday,27,17
1780,9818,Nikhil,27-07-2024,12.29.38 PM,Espresso,Coffee,"Espresso Beans, Water",3,260,780,Cash,3,July,7,Saturday,27,12
1781,4021,Nikhil,27-07-2024,6.25.07 PM,Green Tea,Tea,"Green Tea Leaves, Water",3,181,543,Card,1,July,7,Saturday,27,18
1782,8788,Riya,27-07-2024,10.27.07 AM,Hot Chocolate,Beverage,"Cocoa Powder, Milk, Sugar",3,281,843,UPI,3,July,7,Saturday,27,10
1783,4360,Nikhil,27-07-2024,4.26.22 PM,Croissant,Bakery,"Flour, Butter, Yeast",2,344,688,UPI,1,July,7,Saturday,27,16
1784,3418,Nikhil,27-07-2024,7.31.27 PM,Mocha,Coffee,"Espresso, Chocolate Syrup, Milk",3,207,621,UPI,1,July,7,Saturday,27,19
1785,7216,Simran,28-07-2024,1.58.06 PM,Cold Brew,Coffee,"Coffee Beans, Cold Water",2,322,644,Cash,3,July,7,Sunday,28,13
1786,6274,Pooja,28-07-2024,7.08.54 AM,Latte,Coffee,"Espresso, Steamed Milk",2,176,352,Card,3,July,7,Sunday,28,7
1787,3468,Pooja,28-07-2024,5.44.19 PM,Cold Brew,Coffee,"Coffee Beans, Cold Water",1,149,149,Cash,2,July,7,Sunday,28,17
1788,7064,Nikhil,28-07-2024,9.45.04 AM,Hot Chocolate,Beverage,"Cocoa Powder, Milk, Sugar",1,261,261,Card,2,July,7,Sunday,28,9
1789,7298,Aarav,28-07-2024,3.22.38 PM,Croissant,Bakery,"Flour, Butter, Yeast",2,336,672,Card,3,July,7,Sunday,28,15
1790,1517,Nikhil,28-07-2024,7.01.50 AM,Cappuccino,Coffee,"Espresso, Milk, Milk Foam",2,138,276,Cash,1,July,7,Sunday,28,7
1791,4856,Karan,29-07-2024,8.43.25 AM,Cold Brew,Coffee,"Coffee Beans, Cold Water",4,131,524,UPI,1,July,7,Monday,29,8
1792,3678,Nikhil,29-07-2024,8.26.52 PM,Espresso,Coffee,"Espresso Beans, Water",4,191,764,Cash,3,July,7,Monday,29,20
1793,9212,Nikhil,29-07-2024,12.28.05 PM,Americano,Coffee,"Espresso, Hot Water",3,206,618,Card,2,July,7,Monday,29,12
1794,8689,Ananya,29-07-2024,10.38.22 PM,Cold Brew,Coffee,"Coffee Beans, Cold Water",3,146,438,UPI,2,July,7,Monday,29,22
1795,5366,Aarav,29-07-2024,4.48.56 PM,Latte,Coffee,"Espresso, Steamed Milk",4,174,696,Card,1,July,7,Monday,29,16
1796,3755,Aarav,29-07-2024,7.47.06 AM,Cold Brew,Coffee,"Coffee Beans, Cold Water",3,164,492,Card,2,July,7,Monday,29,7
1797,3935,Pooja,29-07-2024,8.02.05 AM,Green Tea,Tea,"Green Tea Leaves, Water",1,260,260,Cash,1,July,7,Monday,29,8
1798,7190,Nikhil,29-07-2024,6.25.28 PM,Cappuccino,Coffee,"Espresso, Milk, Milk Foam",2,337,674,UPI,1,July,7,Monday,29,18
1799,1358,Karan,30-07-2024,2.52.44 PM,Croissant,Bakery,"Flour, Butter, Yeast",4,245,980,Card,2,July,7,Tuesday,30,14
1800,1110,Ananya,30-07-2024,12.51.04 PM,Americano,Coffee,"Espresso, Hot Water",1,260,260,Card,3,July,7,Tuesday,30,12
1801,9453,Rahul,30-07-2024,11.31.50 AM,Cappuccino,Coffee,"Espresso, Milk, Milk Foam",4,223,892,UPI,1,July,7,Tuesday,30,11
1802,6317,Karan,30-07-2024,1.39.51 PM,Cold Brew,Coffee,"Coffee Beans, Cold Water",2,212,424,UPI,3,July,7,Tuesday,30,13
1803,1018,Pooja,30-07-2024,9.51.33 PM,Americano,Coffee,"Espresso, Hot Water",1,127,127,UPI,2,July,7,Tuesday,30,21
1804,4912,Karan,30-07-2024,4.47.39 PM,Latte,Coffee,"Espresso, Steamed Milk",1,146,146,Card,3,July,7,Tuesday,30,16
1805,8385,Karan,30-07-2024,10.49.06 PM,Masala Tea,Tea,"Tea Leaves, Milk, Spices, Sugar",1,341,341,Card,1,July,7,Tuesday,30,22
1806,7797,Rahul,30-07-2024,2.46.44 PM,Cappuccino,Coffee,"Espresso, Milk, Milk Foam",3,322,966,UPI,1,July,7,Tuesday,30,14
1807,9217,Pooja,31-07-2024,10.38.56 PM,Mocha,Coffee,"Espresso, Chocolate Syrup, Milk",4,252,1008,Card,3,July,7,Wednesday,31,22
1808,4349,Aarav,31-07-2024,8.51.37 PM,Latte,Coffee,"Espresso, Steamed Milk",1,226,226,UPI,3,July,7,Wednesday,31,20
1809,4001,Pooja,31-07-2024,5.28.54 PM,Americano,Coffee,"Espresso, Hot Water",1,130,130,Cash,1,July,7,Wednesday,31,17
1810,7515,Riya,31-07-2024,8.34.33 AM,Cappuccino,Coffee,"Espresso, Milk, Milk Foam",3,289,867,UPI,3,July,7,Wednesday,31,8
1811,6628,Aarav,31-07-2024,12.35.57 PM,Croissant,Bakery,"Flour, Butter, Yeast",2,127,254,UPI,3,July,7,Wednesday,31,12
1812,5035,Simran,31-07-2024,7.55.26 PM,Masala Tea,Tea,"Tea Leaves, Milk, Spices, Sugar",1,234,234,Cash,2,July,7,Wednesday,31,19
1813,4524,Riya,31-07-2024,1.05.31 PM,Cold Brew,Coffee,"Coffee Beans, Cold Water",4,319,1276,Card,1,July,7,Wednesday,31,13
1814,9012,Simran,31-07-2024,3.11.58 PM,Cappuccino,Coffee,"Espresso, Milk, Milk Foam",2,276,552,Cash,3,July,7,Wednesday,31,15
1815,9379,Rahul,31-07-2024,9.28.53 AM,Latte,Coffee,"Espresso, Steamed Milk",3,128,384,Cash,1,July,7,Wednesday,31,9
1816,7921,Karan,31-07-2024,9.02.35 PM,Green Tea,Tea,"Green Tea Leaves, Water",2,241,482,Card,1,July,7,Wednesday,31,21
1817,1608,Aarav,01-08-2024,8.21.22 AM,Hot Chocolate,Beverage,"Cocoa Powder, Milk, Sugar",2,232,464,UPI,1,August,8,Thursday,1,8
1818,8771,Rahul,01-08-2024,3.19.40 PM,Hot Chocolate,Beverage,"Cocoa Powder, Milk, Sugar",2,221,442,UPI,1,August,8,Thursday,1,15
1819,6812,Pooja,01-08-2024,2.44.28 PM,Mocha,Coffee,"Espresso, Chocolate Syrup, Milk",4,250,1000,Cash,2,August,8,Thursday,1,14
1820,8750,Ananya,01-08-2024,5.07.47 PM,Croissant,Bakery,"Flour, Butter, Yeast",1,190,190,Card,1,August,8,Thursday,1,17
1821,1963,Karan,01-08-2024,1.04.23 PM,Hot Chocolate,Beverage,"Cocoa Powder, Milk, Sugar",2,160,320,Cash,2,August,8,Thursday,1,13
1822,9806,Rahul,01-08-2024,11.31.37 AM,Cappuccino,Coffee,"Espresso, Milk, Milk Foam",3,177,531,UPI,1,August,8,Thursday,1,11
1823,9149,Pooja,01-08-2024,10.34.04 PM,Cappuccino,Coffee,"Espresso, Milk, Milk Foam",2,177,354,Card,2,August,8,Thursday,1,22
1824,9755,Rahul,02-08-2024,8.23.19 AM,Croissant,Bakery,"Flour, Butter, Yeast",1,242,242,Card,3,August,8,Friday,2,8
1825,7216,Simran,02-08-2024,12.12.15 PM,Croissant,Bakery,"Flour, Butter, Yeast",1,307,307,Card,2,August,8,Friday,2,12
1826,5374,Ananya,02-08-2024,11.21.37 AM,Hot Chocolate,Beverage,"Cocoa Powder, Milk, Sugar",4,332,1328,Card,2,August,8,Friday,2,11
1827,3116,Ananya,02-08-2024,2.38.53 PM,Espresso,Coffee,"Espresso Beans, Water",2,200,400,UPI,2,August,8,Friday,2,14
1828,1308,Simran,02-08-2024,4.03.03 PM,Mocha,Coffee,"Espresso, Chocolate Syrup, Milk",3,162,486,Cash,1,August,8,Friday,2,16
1829,2421,Rahul,03-08-2024,3.16.49 PM,Hot Chocolate,Beverage,"Cocoa Powder, Milk, Sugar",2,136,272,UPI,1,August,8,Saturday,3,15
1830,5751,Pooja,03-08-2024,6.26.15 PM,Cold Brew,Coffee,"Coffee Beans, Cold Water",1,156,156,Cash,1,August,8,Saturday,3,18
1831,4019,Ananya,03-08-2024,11.51.34 AM,Americano,Coffee,"Espresso, Hot Water",3,271,813,Cash,1,August,8,Saturday,3,11
1832,4524,Simran,03-08-2024,9.34.34 AM,Americano,Coffee,"Espresso, Hot Water",3,302,906,Cash,3,August,8,Saturday,3,9
1833,5339,Rahul,03-08-2024,3.10.07 PM,Hot Chocolate,Beverage,"Cocoa Powder, Milk, Sugar",1,138,138,Card,3,August,8,Saturday,3,15
1834,2642,Ananya,03-08-2024,10.50.03 PM,Green Tea,Tea,"Green Tea Leaves, Water",1,233,233,UPI,3,August,8,Saturday,3,22
1835,5230,Ananya,03-08-2024,8.21.31 AM,Americano,Coffee,"Espresso, Hot Water",4,151,604,Cash,1,August,8,Saturday,3,8
1836,1279,Karan,03-08-2024,10.22.35 PM,Masala Tea,Tea,"Tea Leaves, Milk, Spices, Sugar",3,183,549,Card,3,August,8,Saturday,3,22
1837,8122,Ananya,03-08-2024,3.36.52 PM,Cold Brew,Coffee,"Coffee Beans, Cold Water",1,153,153,Card,1,August,8,Saturday,3,15
1838,1646,Nikhil,03-08-2024,10.56.25 AM,Green Tea,Tea,"Green Tea Leaves, Water",1,198,198,Cash,2,August,8,Saturday,3,10
1839,2858,Rahul,03-08-2024,3.25.41 PM,Croissant,Bakery,"Flour, Butter, Yeast",4,248,992,UPI,1,August,8,Saturday,3,15
1840,7552,Karan,03-08-2024,4.19.52 PM,Latte,Coffee,"Espresso, Steamed Milk",2,150,300,Cash,1,August,8,Saturday,3,16
1841,4526,Karan,04-08-2024,8.59.56 PM,Latte,Coffee,"Espresso, Steamed Milk",4,168,672,Card,2,August,8,Sunday,4,20
1842,7544,Pooja,04-08-2024,8.04.55 AM,Cold Brew,Coffee,"Coffee Beans, Cold Water",3,136,408,UPI,2,August,8,Sunday,4,8
1843,8834,Karan,04-08-2024,4.05.32 PM,Croissant,Bakery,"Flour, Butter, Yeast",4,214,856,UPI,1,August,8,Sunday,4,16
1844,1593,Rahul,04-08-2024,5.23.03 PM,Mocha,Coffee,"Espresso, Chocolate Syrup, Milk",3,268,804,Cash,3,August,8,Sunday,4,17
1845,6130,Rahul,04-08-2024,5.24.09 PM,Americano,Coffee,"Espresso, Hot Water",4,174,696,UPI,3,August,8,Sunday,4,17
1846,2684,Pooja,04-08-2024,5.18.43 PM,Croissant,Bakery,"Flour, Butter, Yeast",4,163,652,Cash,1,August,8,Sunday,4,17
1847,3799,Riya,04-08-2024,4.26.34 PM,Mocha,Coffee,"Espresso, Chocolate Syrup, Milk",4,198,792,UPI,1,August,8,Sunday,4,16
1848,7313,Rahul,05-08-2024,10.10.41 AM,Masala Tea,Tea,"Tea Leaves, Milk, Spices, Sugar",2,154,308,Cash,3,August,8,Monday,5,10
1849,4452,Riya,05-08-2024,1.38.27 PM,Cappuccino,Coffee,"Espresso, Milk, Milk Foam",4,130,520,UPI,3,August,8,Monday,5,13
1850,4624,Nikhil,05-08-2024,9.23.08 PM,Americano,Coffee,"Espresso, Hot Water",4,276,1104,Card,2,August,8,Monday,5,21
1851,9230,Rahul,05-08-2024,9.07.00 AM,Cappuccino,Coffee,"Espresso, Milk, Milk Foam",4,276,1104,Cash,1,August,8,Monday,5,9
1852,7034,Karan,05-08-2024,8.06.19 PM,Hot Chocolate,Beverage,"Cocoa Powder, Milk, Sugar",1,298,298,UPI,1,August,8,Monday,5,20
1853,9876,Aarav,05-08-2024,11.55.28 AM,Hot Chocolate,Beverage,"Cocoa Powder, Milk, Sugar",3,165,495,Cash,3,August,8,Monday,5,11
1854,2370,Rahul,06-08-2024,8.54.26 PM,Mocha,Coffee,"Espresso, Chocolate Syrup, Milk",4,163,652,UPI,2,August,8,Tuesday,6,20
1855,5820,Karan,06-08-2024,11.53.14 AM,Espresso,Coffee,"Espresso Beans, Water",3,266,798,Card,1,August,8,Tuesday,6,11
1856,1830,Ananya,06-08-2024,8.09.10 PM,Espresso,Coffee,"Espresso Beans, Water",4,150,600,Card,1,August,8,Tuesday,6,20
1857,3965,Karan,06-08-2024,5.42.03 PM,Espresso,Coffee,"Espresso Beans, Water",4,260,1040,Cash,1,August,8,Tuesday,6,17
1858,8166,Riya,06-08-2024,10.33.48 AM,Cold Brew,Coffee,"Coffee Beans, Cold Water",4,346,1384,Cash,1,August,8,Tuesday,6,10
1859,8619,Simran,06-08-2024,10.27.22 AM,Espresso,Coffee,"Espresso Beans, Water",1,313,313,Card,3,August,8,Tuesday,6,10
1860,7327,Riya,07-08-2024,2.52.08 PM,Cold Brew,Coffee,"Coffee Beans, Cold Water",4,213,852,UPI,1,August,8,Wednesday,7,14
1861,9848,Aarav,07-08-2024,7.08.44 AM,Espresso,Coffee,"Espresso Beans, Water",4,266,1064,Card,1,August,8,Wednesday,7,7
1862,8483,Nikhil,07-08-2024,6.29.45 PM,Croissant,Bakery,"Flour, Butter, Yeast",2,132,264,UPI,3,August,8,Wednesday,7,18
1863,7791,Riya,07-08-2024,12.02.40 PM,Hot Chocolate,Beverage,"Cocoa Powder, Milk, Sugar",2,193,386,UPI,1,August,8,Wednesday,7,12
1864,4858,Rahul,07-08-2024,2.17.51 PM,Green Tea,Tea,"Green Tea Leaves, Water",1,199,199,Cash,3,August,8,Wednesday,7,14
1865,4537,Nikhil,08-08-2024,5.17.08 PM,Cold Brew,Coffee,"Coffee Beans, Cold Water",1,340,340,Card,1,August,8,Thursday,8,17
1866,2581,Karan,08-08-2024,1.42.50 PM,Mocha,Coffee,"Espresso, Chocolate Syrup, Milk",1,214,214,Cash,1,August,8,Thursday,8,13
1867,7544,Karan,08-08-2024,10.04.22 PM,Masala Tea,Tea,"Tea Leaves, Milk, Spices, Sugar",1,184,184,UPI,2,August,8,Thursday,8,22
1868,5701,Ananya,08-08-2024,2.01.17 PM,Americano,Coffee,"Espresso, Hot Water",1,272,272,UPI,2,August,8,Thursday,8,14
1869,6584,Simran,08-08-2024,7.40.17 AM,Cold Brew,Coffee,"Coffee Beans, Cold Water",3,308,924,UPI,1,August,8,Thursday,8,7
1870,7065,Nikhil,08-08-2024,11.07.49 AM,Cold Brew,Coffee,"Coffee Beans, Cold Water",1,243,243,UPI,2,August,8,Thursday,8,11
1871,8094,Aarav,08-08-2024,2.28.32 PM,Green Tea,Tea,"Green Tea Leaves, Water",1,256,256,Cash,3,August,8,Thursday,8,14
1872,8677,Rahul,08-08-2024,10.55.04 PM,Latte,Coffee,"Espresso, Steamed Milk",1,325,325,UPI,1,August,8,Thursday,8,22
1873,6103,Aarav,08-08-2024,5.00.51 PM,Latte,Coffee,"Espresso, Steamed Milk",3,224,672,Cash,3,August,8,Thursday,8,17
1874,5794,Aarav,09-08-2024,3.10.42 PM,Cappuccino,Coffee,"Espresso, Milk, Milk Foam",1,274,274,UPI,3,August,8,Friday,9,15
1875,5038,Aarav,09-08-2024,9.12.29 AM,Espresso,Coffee,"Espresso Beans, Water",3,268,804,Cash,1,August,8,Friday,9,9
1876,6708,Aarav,09-08-2024,4.49.55 PM,Croissant,Bakery,"Flour, Butter, Yeast",2,247,494,UPI,2,August,8,Friday,9,16
1877,2985,Simran,09-08-2024,9.52.48 PM,Americano,Coffee,"Espresso, Hot Water",3,166,498,Card,2,August,8,Friday,9,21
1878,6643,Pooja,09-08-2024,12.07.45 PM,Latte,Coffee,"Espresso, Steamed Milk",4,343,1372,UPI,2,August,8,Friday,9,12
1879,8668,Ananya,09-08-2024,2.27.58 PM,Green Tea,Tea,"Green Tea Leaves, Water",4,135,540,UPI,3,August,8,Friday,9,14
1880,1234,Simran,09-08-2024,12.25.49 PM,Hot Chocolate,Beverage,"Cocoa Powder, Milk, Sugar",3,147,441,Card,3,August,8,Friday,9,12
1881,6537,Riya,10-08-2024,5.07.42 PM,Mocha,Coffee,"Espresso, Chocolate Syrup, Milk",2,170,340,UPI,3,August,8,Saturday,10,17
1882,3485,Karan,10-08-2024,9.13.09 AM,Hot Chocolate,Beverage,"Cocoa Powder, Milk, Sugar",3,129,387,Card,2,August,8,Saturday,10,9
1883,1594,Rahul,10-08-2024,1.18.41 PM,Cappuccino,Coffee,"Espresso, Milk, Milk Foam",4,123,492,UPI,3,August,8,Saturday,10,13
1884,4736,Riya,10-08-2024,5.02.46 PM,Green Tea,Tea,"Green Tea Leaves, Water",3,321,963,Card,1,August,8,Saturday,10,17
1885,9730,Nikhil,10-08-2024,4.05.13 PM,Croissant,Bakery,"Flour, Butter, Yeast",3,280,840,Card,1,August,8,Saturday,10,16
1886,4635,Karan,10-08-2024,3.09.11 PM,Americano,Coffee,"Espresso, Hot Water",2,320,640,Cash,1,August,8,Saturday,10,15
1887,4348,Karan,10-08-2024,7.39.00 AM,Mocha,Coffee,"Espresso, Chocolate Syrup, Milk",4,134,536,UPI,3,August,8,Saturday,10,7
1888,3442,Riya,10-08-2024,3.40.32 PM,Croissant,Bakery,"Flour, Butter, Yeast",2,173,346,Cash,2,August,8,Saturday,10,15
1889,2632,Ananya,10-08-2024,12.34.33 PM,Cold Brew,Coffee,"Coffee Beans, Cold Water",4,259,1036,UPI,2,August,8,Saturday,10,12
1890,9918,Riya,10-08-2024,1.14.29 PM,Cappuccino,Coffee,"Espresso, Milk, Milk Foam",4,246,984,Cash,2,August,8,Saturday,10,13
1891,3055,Nikhil,10-08-2024,8.34.21 AM,Croissant,Bakery,"Flour, Butter, Yeast",3,145,435,Card,2,August,8,Saturday,10,8
1892,7828,Karan,11-08-2024,12.05.53 PM,Cold Brew,Coffee,"Coffee Beans, Cold Water",3,323,969,UPI,3,August,8,Sunday,11,12
1893,8978,Karan,11-08-2024,6.25.17 PM,Latte,Coffee,"Espresso, Steamed Milk",2,320,640,UPI,1,August,8,Sunday,11,18
1894,5642,Pooja,11-08-2024,9.43.06 AM,Croissant,Bakery,"Flour, Butter, Yeast",4,282,1128,UPI,3,August,8,Sunday,11,9
1895,1625,Simran,11-08-2024,9.10.24 PM,Hot Chocolate,Beverage,"Cocoa Powder, Milk, Sugar",4,148,592,UPI,2,August,8,Sunday,11,21
1896,7338,Karan,11-08-2024,3.34.36 PM,Latte,Coffee,"Espresso, Steamed Milk",1,197,197,Cash,2,August,8,Sunday,11,15
1897,9184,Ananya,11-08-2024,9.11.57 PM,Croissant,Bakery,"Flour, Butter, Yeast",3,288,864,UPI,2,August,8,Sunday,11,21
1898,6108,Pooja,11-08-2024,2.20.50 PM,Croissant,Bakery,"Flour, Butter, Yeast",4,244,976,Card,3,August,8,Sunday,11,14
1899,3854,Ananya,11-08-2024,8.40.56 AM,Cold Brew,Coffee,"Coffee Beans, Cold Water",4,191,764,UPI,3,August,8,Sunday,11,8
1900,7281,Aarav,11-08-2024,8.01.06 PM,Cappuccino,Coffee,"Espresso, Milk, Milk Foam",1,130,130,UPI,1,August,8,Sunday,11,20
1901,9551,Ananya,11-08-2024,1.42.33 PM,Croissant,Bakery,"Flour, Butter, Yeast",2,165,330,Card,2,August,8,Sunday,11,13
1902,1440,Simran,11-08-2024,10.26.29 PM,Espresso,Coffee,"Espresso Beans, Water",2,342,684,Card,2,August,8,Sunday,11,22
1903,8278,Riya,12-08-2024,5.29.16 PM,Espresso,Coffee,"Espresso Beans, Water",2,282,564,Cash,1,August,8,Monday,12,17
1904,2143,Ananya,12-08-2024,10.16.35 AM,Green Tea,Tea,"Green Tea Leaves, Water",1,173,173,Cash,1,August,8,Monday,12,10
1905,1615,Karan,12-08-2024,5.55.55 PM,Masala Tea,Tea,"Tea Leaves, Milk, Spices, Sugar",1,332,332,Card,3,August,8,Monday,12,17
1906,9034,Karan,12-08-2024,7.58.10 AM,Cold Brew,Coffee,"Coffee Beans, Cold Water",4,225,900,Card,2,August,8,Monday,12,7
1907,3257,Ananya,12-08-2024,7.47.51 AM,Mocha,Coffee,"Espresso, Chocolate Syrup, Milk",1,268,268,Cash,3,August,8,Monday,12,7
1908,4761,Nikhil,12-08-2024,9.59.59 AM,Mocha,Coffee,"Espresso, Chocolate Syrup, Milk",2,330,660,UPI,1,August,8,Monday,12,9
1909,5271,Karan,12-08-2024,9.39.14 AM,Mocha,Coffee,"Espresso, Chocolate Syrup, Milk",1,283,283,Card,1,August,8,Monday,12,9
1910,6774,Pooja,12-08-2024,9.40.59 AM,Latte,Coffee,"Espresso, Steamed Milk",1,197,197,UPI,3,August,8,Monday,12,9
1911,3514,Pooja,12-08-2024,5.12.51 PM,Masala Tea,Tea,"Tea Leaves, Milk, Spices, Sugar",3,127,381,UPI,2,August,8,Monday,12,17
1912,5621,Pooja,13-08-2024,2.38.42 PM,Masala Tea,Tea,"Tea Leaves, Milk, Spices, Sugar",4,298,1192,Cash,1,August,8,Tuesday,13,14
1913,4268,Aarav,13-08-2024,9.44.34 PM,Latte,Coffee,"Espresso, Steamed Milk",1,239,239,Cash,1,August,8,Tuesday,13,21
1914,9030,Aarav,13-08-2024,8.55.58 PM,Hot Chocolate,Beverage,"Cocoa Powder, Milk, Sugar",2,325,650,Cash,1,August,8,Tuesday,13,20
1915,5567,Karan,13-08-2024,10.05.14 PM,Croissant,Bakery,"Flour, Butter, Yeast",4,292,1168,UPI,3,August,8,Tuesday,13,22
1916,1278,Nikhil,13-08-2024,5.05.33 PM,Mocha,Coffee,"Espresso, Chocolate Syrup, Milk",2,345,690,Cash,1,August,8,Tuesday,13,17
1917,3831,Simran,13-08-2024,11.35.07 AM,Masala Tea,Tea,"Tea Leaves, Milk, Spices, Sugar",4,309,1236,Cash,2,August,8,Tuesday,13,11
1918,1171,Pooja,13-08-2024,9.25.37 AM,Americano,Coffee,"Espresso, Hot Water",2,211,422,Cash,2,August,8,Tuesday,13,9
1919,7317,Aarav,13-08-2024,9.57.40 PM,Mocha,Coffee,"Espresso, Chocolate Syrup, Milk",3,165,495,Cash,2,August,8,Tuesday,13,21
1920,7603,Rahul,13-08-2024,1.24.56 PM,Espresso,Coffee,"Espresso Beans, Water",4,328,1312,UPI,2,August,8,Tuesday,13,13
1921,5290,Rahul,13-08-2024,8.47.22 PM,Croissant,Bakery,"Flour, Butter, Yeast",2,208,416,Card,1,August,8,Tuesday,13,20
1922,9274,Nikhil,14-08-2024,7.59.58 AM,Cappuccino,Coffee,"Espresso, Milk, Milk Foam",3,207,621,UPI,1,August,8,Wednesday,14,7
1923,7781,Aarav,14-08-2024,8.08.52 AM,Green Tea,Tea,"Green Tea Leaves, Water",3,295,885,Cash,3,August,8,Wednesday,14,8
1924,2747,Simran,14-08-2024,9.08.39 AM,Espresso,Coffee,"Espresso Beans, Water",3,217,651,Cash,1,August,8,Wednesday,14,9
1925,6078,Ananya,14-08-2024,8.45.07 AM,Croissant,Bakery,"Flour, Butter, Yeast",2,147,294,Card,2,August,8,Wednesday,14,8
1926,3300,Ananya,14-08-2024,1.18.42 PM,Masala Tea,Tea,"Tea Leaves, Milk, Spices, Sugar",2,205,410,Cash,2,August,8,Wednesday,14,13
1927,8508,Simran,14-08-2024,2.29.06 PM,Espresso,Coffee,"Espresso Beans, Water",4,334,1336,UPI,3,August,8,Wednesday,14,14
1928,8025,Karan,15-08-2024,10.05.32 AM,Cold Brew,Coffee,"Coffee Beans, Cold Water",4,178,712,Card,3,August,8,Thursday,15,10
1929,3385,Pooja,15-08-2024,11.56.22 AM,Croissant,Bakery,"Flour, Butter, Yeast",4,147,588,Cash,1,August,8,Thursday,15,11
1930,9873,Riya,15-08-2024,10.44.21 PM,Latte,Coffee,"Espresso, Steamed Milk",4,240,960,Card,2,August,8,Thursday,15,22
1931,8288,Karan,15-08-2024,12.41.46 PM,Americano,Coffee,"Espresso, Hot Water",3,283,849,Cash,1,August,8,Thursday,15,12
1932,4002,Ananya,15-08-2024,8.27.58 AM,Cold Brew,Coffee,"Coffee Beans, Cold Water",1,135,135,Cash,3,August,8,Thursday,15,8
1933,1488,Nikhil,15-08-2024,3.06.35 PM,Mocha,Coffee,"Espresso, Chocolate Syrup, Milk",4,140,560,Cash,1,August,8,Thursday,15,15
1934,7538,Ananya,15-08-2024,8.45.57 AM,Mocha,Coffee,"Espresso, Chocolate Syrup, Milk",4,232,928,UPI,2,August,8,Thursday,15,8
1935,1477,Riya,15-08-2024,11.26.29 AM,Croissant,Bakery,"Flour, Butter, Yeast",1,303,303,UPI,1,August,8,Thursday,15,11
1936,4301,Riya,15-08-2024,1.05.39 PM,Cold Brew,Coffee,"Coffee Beans, Cold Water",3,279,837,Cash,3,August,8,Thursday,15,13
1937,6778,Simran,15-08-2024,9.56.41 PM,Americano,Coffee,"Espresso, Hot Water",3,349,1047,UPI,1,August,8,Thursday,15,21
1938,4946,Aarav,15-08-2024,10.37.57 AM,Mocha,Coffee,"Espresso, Chocolate Syrup, Milk",4,146,584,Cash,2,August,8,Thursday,15,10
1939,8555,Aarav,15-08-2024,2.07.14 PM,Mocha,Coffee,"Espresso, Chocolate Syrup, Milk",4,301,1204,UPI,3,August,8,Thursday,15,14
1940,1128,Pooja,16-08-2024,9.26.07 AM,Latte,Coffee,"Espresso, Steamed Milk",2,175,350,Cash,1,August,8,Friday,16,9
1941,5858,Ananya,16-08-2024,1.26.08 PM,Cappuccino,Coffee,"Espresso, Milk, Milk Foam",3,185,555,Cash,1,August,8,Friday,16,13
1942,3482,Riya,16-08-2024,3.40.49 PM,Espresso,Coffee,"Espresso Beans, Water",4,315,1260,Card,1,August,8,Friday,16,15
1943,1624,Pooja,16-08-2024,10.57.50 PM,Croissant,Bakery,"Flour, Butter, Yeast",3,281,843,Cash,1,August,8,Friday,16,22
1944,4420,Aarav,16-08-2024,10.14.07 PM,Mocha,Coffee,"Espresso, Chocolate Syrup, Milk",4,129,516,Card,1,August,8,Friday,16,22
1945,5501,Pooja,16-08-2024,7.48.33 PM,Hot Chocolate,Beverage,"Cocoa Powder, Milk, Sugar",1,211,211,Card,2,August,8,Friday,16,19
1946,2316,Nikhil,16-08-2024,1.03.59 PM,Latte,Coffee,"Espresso, Steamed Milk",2,283,566,Card,1,August,8,Friday,16,13
1947,4923,Karan,16-08-2024,4.13.44 PM,Americano,Coffee,"Espresso, Hot Water",2,292,584,UPI,2,August,8,Friday,16,16
1948,9001,Rahul,16-08-2024,9.48.41 PM,Cold Brew,Coffee,"Coffee Beans, Cold Water",2,280,560,UPI,3,August,8,Friday,16,21
1949,4422,Aarav,16-08-2024,4.17.18 PM,Masala Tea,Tea,"Tea Leaves, Milk, Spices, Sugar",1,336,336,Card,2,August,8,Friday,16,16
1950,7334,Pooja,16-08-2024,8.43.46 PM,Mocha,Coffee,"Espresso, Chocolate Syrup, Milk",1,141,141,Cash,1,August,8,Friday,16,20
1951,3144,Riya,17-08-2024,1.55.44 PM,Americano,Coffee,"Espresso, Hot Water",2,135,270,Cash,1,August,8,Saturday,17,13
1952,8355,Ananya,17-08-2024,9.52.32 AM,Americano,Coffee,"Espresso, Hot Water",1,146,146,Card,1,August,8,Saturday,17,9
1953,8686,Aarav,17-08-2024,4.29.18 PM,Latte,Coffee,"Espresso, Steamed Milk",1,290,290,Card,2,August,8,Saturday,17,16
1954,5199,Riya,17-08-2024,1.26.16 PM,Masala Tea,Tea,"Tea Leaves, Milk, Spices, Sugar",3,207,621,Cash,1,August,8,Saturday,17,13
1955,1603,Karan,17-08-2024,8.30.29 PM,Cappuccino,Coffee,"Espresso, Milk, Milk Foam",4,280,1120,Cash,1,August,8,Saturday,17,20
1956,1536,Riya,17-08-2024,11.57.36 AM,Cappuccino,Coffee,"Espresso, Milk, Milk Foam",4,180,720,Card,3,August,8,Saturday,17,11
1957,3994,Karan,18-08-2024,10.47.27 AM,Latte,Coffee,"Espresso, Steamed Milk",3,289,867,Cash,2,August,8,Sunday,18,10
1958,6911,Pooja,18-08-2024,5.51.47 PM,Mocha,Coffee,"Espresso, Chocolate Syrup, Milk",1,265,265,Card,1,August,8,Sunday,18,17
1959,6792,Nikhil,18-08-2024,8.30.04 PM,Cappuccino,Coffee,"Espresso, Milk, Milk Foam",4,252,1008,Cash,2,August,8,Sunday,18,20
1960,2349,Ananya,18-08-2024,5.56.36 PM,Croissant,Bakery,"Flour, Butter, Yeast",4,317,1268,UPI,2,August,8,Sunday,18,17
1961,1876,Ananya,18-08-2024,10.09.28 AM,Mocha,Coffee,"Espresso, Chocolate Syrup, Milk",3,260,780,Cash,1,August,8,Sunday,18,10
1962,3242,Rahul,18-08-2024,2.21.23 PM,Green Tea,Tea,"Green Tea Leaves, Water",4,260,1040,Cash,1,August,8,Sunday,18,14
1963,1481,Rahul,18-08-2024,9.03.01 AM,Cold Brew,Coffee,"Coffee Beans, Cold Water",3,125,375,Cash,1,August,8,Sunday,18,9
1964,8858,Pooja,19-08-2024,11.38.43 AM,Croissant,Bakery,"Flour, Butter, Yeast",4,317,1268,Cash,1,August,8,Monday,19,11
1965,6909,Rahul,19-08-2024,8.39.46 PM,Croissant,Bakery,"Flour, Butter, Yeast",3,243,729,UPI,3,August,8,Monday,19,20
1966,1112,Aarav,19-08-2024,8.03.41 AM,Masala Tea,Tea,"Tea Leaves, Milk, Spices, Sugar",1,163,163,UPI,1,August,8,Monday,19,8
1967,1870,Aarav,19-08-2024,3.09.27 PM,Cold Brew,Coffee,"Coffee Beans, Cold Water",4,257,1028,UPI,3,August,8,Monday,19,15
1968,8759,Nikhil,19-08-2024,8.21.06 AM,Americano,Coffee,"Espresso, Hot Water",2,248,496,Card,2,August,8,Monday,19,8
1969,5306,Karan,19-08-2024,7.07.20 AM,Hot Chocolate,Beverage,"Cocoa Powder, Milk, Sugar",2,332,664,Card,1,August,8,Monday,19,7
1970,1991,Ananya,20-08-2024,11.59.04 AM,Green Tea,Tea,"Green Tea Leaves, Water",3,282,846,Card,2,August,8,Tuesday,20,11
1971,6019,Riya,20-08-2024,9.49.00 PM,Croissant,Bakery,"Flour, Butter, Yeast",3,297,891,Card,1,August,8,Tuesday,20,21
1972,7293,Riya,20-08-2024,6.14.43 PM,Cappuccino,Coffee,"Espresso, Milk, Milk Foam",1,159,159,Cash,2,August,8,Tuesday,20,18
1973,7721,Pooja,20-08-2024,8.39.58 AM,Cold Brew,Coffee,"Coffee Beans, Cold Water",4,294,1176,Card,3,August,8,Tuesday,20,8
1974,4087,Nikhil,20-08-2024,9.06.01 AM,Green Tea,Tea,"Green Tea Leaves, Water",2,158,316,Card,3,August,8,Tuesday,20,9
1975,5571,Aarav,20-08-2024,5.41.01 PM,Cappuccino,Coffee,"Espresso, Milk, Milk Foam",3,158,474,Cash,3,August,8,Tuesday,20,17
1976,6168,Ananya,20-08-2024,7.12.28 PM,Green Tea,Tea,"Green Tea Leaves, Water",2,126,252,Cash,2,August,8,Tuesday,20,19
1977,5736,Rahul,20-08-2024,4.25.05 PM,Green Tea,Tea,"Green Tea Leaves, Water",3,148,444,Cash,3,August,8,Tuesday,20,16
1978,9756,Karan,20-08-2024,5.04.13 PM,Masala Tea,Tea,"Tea Leaves, Milk, Spices, Sugar",3,318,954,Cash,1,August,8,Tuesday,20,17
1979,2808,Karan,21-08-2024,1.38.24 PM,Croissant,Bakery,"Flour, Butter, Yeast",2,342,684,Cash,2,August,8,Wednesday,21,13
1980,8597,Riya,21-08-2024,10.12.06 PM,Latte,Coffee,"Espresso, Steamed Milk",1,174,174,Cash,2,August,8,Wednesday,21,22
1981,7239,Simran,21-08-2024,9.26.39 AM,Masala Tea,Tea,"Tea Leaves, Milk, Spices, Sugar",2,323,646,Card,2,August,8,Wednesday,21,9
1982,5542,Ananya,21-08-2024,4.09.02 PM,Hot Chocolate,Beverage,"Cocoa Powder, Milk, Sugar",4,126,504,Card,3,August,8,Wednesday,21,16
1983,2191,Karan,21-08-2024,2.06.28 PM,Green Tea,Tea,"Green Tea Leaves, Water",1,183,183,UPI,2,August,8,Wednesday,21,14
1984,5862,Simran,21-08-2024,2.13.06 PM,Espresso,Coffee,"Espresso Beans, Water",2,235,470,Card,3,August,8,Wednesday,21,14
1985,9366,Pooja,21-08-2024,7.42.11 PM,Americano,Coffee,"Espresso, Hot Water",2,222,444,Card,1,August,8,Wednesday,21,19
1986,3553,Aarav,21-08-2024,11.12.50 AM,Americano,Coffee,"Espresso, Hot Water",1,271,271,UPI,3,August,8,Wednesday,21,11
1987,2330,Aarav,21-08-2024,7.49.04 PM,Croissant,Bakery,"Flour, Butter, Yeast",4,210,840,Cash,3,August,8,Wednesday,21,19
1988,5429,Ananya,22-08-2024,8.42.13 AM,Green Tea,Tea,"Green Tea Leaves, Water",3,289,867,Cash,2,August,8,Thursday,22,8
1989,4496,Aarav,22-08-2024,9.54.05 PM,Espresso,Coffee,"Espresso Beans, Water",1,287,287,Card,1,August,8,Thursday,22,21
1990,6858,Simran,22-08-2024,9.56.23 PM,Latte,Coffee,"Espresso, Steamed Milk",3,186,558,UPI,1,August,8,Thursday,22,21
1991,1285,Karan,22-08-2024,7.31.49 AM,Green Tea,Tea,"Green Tea Leaves, Water",3,340,1020,Cash,2,August,8,Thursday,22,7
1992,4186,Riya,22-08-2024,8.01.40 AM,Cappuccino,Coffee,"Espresso, Milk, Milk Foam",1,293,293,UPI,3,August,8,Thursday,22,8
1993,8441,Karan,23-08-2024,2.23.26 PM,Cappuccino,Coffee,"Espresso, Milk, Milk Foam",3,201,603,Cash,3,August,8,Friday,23,14
1994,9129,Aarav,23-08-2024,8.22.12 PM,Hot Chocolate,Beverage,"Cocoa Powder, Milk, Sugar",3,234,702,Cash,3,August,8,Friday,23,20
1995,4400,Simran,23-08-2024,9.03.56 PM,Hot Chocolate,Beverage,"Cocoa Powder, Milk, Sugar",1,223,223,Cash,3,August,8,Friday,23,21
1996,8020,Aarav,23-08-2024,3.17.16 PM,Masala Tea,Tea,"Tea Leaves, Milk, Spices, Sugar",2,228,456,Cash,2,August,8,Friday,23,15
1997,8262,Riya,23-08-2024,2.37.28 PM,Cold Brew,Coffee,"Coffee Beans, Cold Water",3,170,510,UPI,3,August,8,Friday,23,14
1998,7022,Riya,23-08-2024,1.30.57 PM,Cold Brew,Coffee,"Coffee Beans, Cold Water",4,206,824,Card,1,August,8,Friday,23,13
1999,2250,Ananya,23-08-2024,7.26.00 PM,Masala Tea,Tea,"Tea Leaves, Milk, Spices, Sugar",1,231,231,UPI,3,August,8,Friday,23,19
2000,6507,Riya,23-08-2024,8.33.59 PM,Mocha,Coffee,"Espresso, Chocolate Syrup, Milk",2,246,492,Cash,1,August,8,Friday,23,20
2001,8543,Rahul,24-08-2024,6.51.39 PM,Espresso,Coffee,"Espresso Beans, Water",2,269,538,Cash,2,August,8,Saturday,24,18
2002,9366,Nikhil,24-08-2024,7.13.11 PM,Espresso,Coffee,"Espresso Beans, Water",2,123,246,Card,3,August,8,Saturday,24,19
2003,2453,Rahul,24-08-2024,7.41.16 PM,Mocha,Coffee,"Espresso, Chocolate Syrup, Milk",1,192,192,UPI,3,August,8,Saturday,24,19
2004,6172,Ananya,24-08-2024,3.31.36 PM,Latte,Coffee,"Espresso, Steamed Milk",2,289,578,Card,3,August,8,Saturday,24,15
2005,7472,Simran,24-08-2024,10.11.53 PM,Hot Chocolate,Beverage,"Cocoa Powder, Milk, Sugar",4,282,1128,Cash,2,August,8,Saturday,24,22
2006,7579,Simran,24-08-2024,11.15.04 AM,Hot Chocolate,Beverage,"Cocoa Powder, Milk, Sugar",4,253,1012,Cash,3,August,8,Saturday,24,11
2007,1853,Nikhil,24-08-2024,7.13.14 PM,Mocha,Coffee,"Espresso, Chocolate Syrup, Milk",2,350,700,Cash,2,August,8,Saturday,24,19
2008,8105,Aarav,25-08-2024,12.24.27 PM,Espresso,Coffee,"Espresso Beans, Water",4,330,1320,Card,1,August,8,Sunday,25,12
2009,8370,Nikhil,25-08-2024,9.57.41 AM,Hot Chocolate,Beverage,"Cocoa Powder, Milk, Sugar",3,282,846,UPI,2,August,8,Sunday,25,9
2010,6716,Nikhil,25-08-2024,7.40.27 PM,Espresso,Coffee,"Espresso Beans, Water",3,219,657,Card,2,August,8,Sunday,25,19
2011,6807,Aarav,25-08-2024,8.04.52 PM,Latte,Coffee,"Espresso, Steamed Milk",1,246,246,Card,2,August,8,Sunday,25,20
2012,4705,Aarav,25-08-2024,8.07.18 PM,Espresso,Coffee,"Espresso Beans, Water",4,341,1364,UPI,1,August,8,Sunday,25,20
2013,4270,Nikhil,25-08-2024,11.57.33 AM,Hot Chocolate,Beverage,"Cocoa Powder, Milk, Sugar",1,124,124,UPI,1,August,8,Sunday,25,11
2014,7263,Karan,25-08-2024,10.26.32 AM,Espresso,Coffee,"Espresso Beans, Water",3,329,987,UPI,3,August,8,Sunday,25,10
2015,1126,Karan,26-08-2024,8.31.06 AM,Masala Tea,Tea,"Tea Leaves, Milk, Spices, Sugar",3,183,549,Card,3,August,8,Monday,26,8
2016,3212,Riya,26-08-2024,9.51.08 PM,Americano,Coffee,"Espresso, Hot Water",2,223,446,Card,1,August,8,Monday,26,21
2017,3042,Riya,26-08-2024,2.20.58 PM,Mocha,Coffee,"Espresso, Chocolate Syrup, Milk",1,302,302,Cash,3,August,8,Monday,26,14
2018,7937,Simran,26-08-2024,4.09.56 PM,Green Tea,Tea,"Green Tea Leaves, Water",4,194,776,Card,2,August,8,Monday,26,16
2019,4107,Pooja,26-08-2024,10.56.45 PM,Cappuccino,Coffee,"Espresso, Milk, Milk Foam",2,267,534,UPI,3,August,8,Monday,26,22
2020,9954,Nikhil,26-08-2024,4.54.03 PM,Masala Tea,Tea,"Tea Leaves, Milk, Spices, Sugar",1,234,234,Cash,1,August,8,Monday,26,16
2021,8970,Rahul,26-08-2024,2.31.07 PM,Green Tea,Tea,"Green Tea Leaves, Water",2,268,536,Card,3,August,8,Monday,26,14
2022,8503,Nikhil,26-08-2024,10.54.33 AM,Espresso,Coffee,"Espresso Beans, Water",2,231,462,UPI,1,August,8,Monday,26,10
2023,4164,Karan,26-08-2024,3.50.53 PM,Masala Tea,Tea,"Tea Leaves, Milk, Spices, Sugar",4,241,964,UPI,3,August,8,Monday,26,15
2024,5491,Pooja,26-08-2024,7.51.30 AM,Cappuccino,Coffee,"Espresso, Milk, Milk Foam",3,132,396,Card,2,August,8,Monday,26,7
2025,7131,Karan,26-08-2024,10.12.51 PM,Cappuccino,Coffee,"Espresso, Milk, Milk Foam",4,158,632,Card,1,August,8,Monday,26,22
2026,1302,Karan,27-08-2024,12.23.14 PM,Green Tea,Tea,"Green Tea Leaves, Water",3,341,1023,UPI,3,August,8,Tuesday,27,12
2027,4937,Ananya,27-08-2024,11.14.53 AM,Latte,Coffee,"Espresso, Steamed Milk",2,152,304,UPI,1,August,8,Tuesday,27,11
2028,5634,Ananya,27-08-2024,9.47.04 PM,Mocha,Coffee,"Espresso, Chocolate Syrup, Milk",4,124,496,UPI,2,August,8,Tuesday,27,21
2029,9909,Pooja,27-08-2024,12.24.07 PM,Cappuccino,Coffee,"Espresso, Milk, Milk Foam",3,269,807,Cash,2,August,8,Tuesday,27,12
2030,9057,Nikhil,27-08-2024,3.30.05 PM,Cold Brew,Coffee,"Coffee Beans, Cold Water",2,171,342,Cash,2,August,8,Tuesday,27,15
2031,3752,Karan,27-08-2024,6.33.08 PM,Cold Brew,Coffee,"Coffee Beans, Cold Water",4,306,1224,UPI,2,August,8,Tuesday,27,18
2032,8416,Karan,27-08-2024,8.45.58 AM,Cappuccino,Coffee,"Espresso, Milk, Milk Foam",2,122,244,Card,2,August,8,Tuesday,27,8
2033,5255,Aarav,27-08-2024,12.52.01 PM,Hot Chocolate,Beverage,"Cocoa Powder, Milk, Sugar",3,124,372,Card,3,August,8,Tuesday,27,12
2034,7263,Karan,27-08-2024,9.38.11 PM,Cold Brew,Coffee,"Coffee Beans, Cold Water",4,344,1376,UPI,2,August,8,Tuesday,27,21
2035,7417,Nikhil,28-08-2024,7.34.46 PM,Mocha,Coffee,"Espresso, Chocolate Syrup, Milk",4,225,900,UPI,2,August,8,Wednesday,28,19
2036,5963,Aarav,28-08-2024,10.39.24 AM,Croissant,Bakery,"Flour, Butter, Yeast",1,198,198,Card,1,August,8,Wednesday,28,10
2037,6432,Nikhil,28-08-2024,4.48.14 PM,Espresso,Coffee,"Espresso Beans, Water",3,121,363,Card,2,August,8,Wednesday,28,16
2038,2025,Aarav,28-08-2024,10.39.16 AM,Americano,Coffee,"Espresso, Hot Water",4,269,1076,Cash,3,August,8,Wednesday,28,10
2039,6795,Nikhil,28-08-2024,1.05.55 PM,Masala Tea,Tea,"Tea Leaves, Milk, Spices, Sugar",1,246,246,UPI,3,August,8,Wednesday,28,13
2040,7348,Aarav,28-08-2024,7.42.14 PM,Latte,Coffee,"Espresso, Steamed Milk",3,245,735,Card,3,August,8,Wednesday,28,19
2041,3434,Karan,28-08-2024,8.04.51 AM,Green Tea,Tea,"Green Tea Leaves, Water",2,168,336,Card,2,August,8,Wednesday,28,8
2042,2972,Rahul,29-08-2024,9.20.10 AM,Croissant,Bakery,"Flour, Butter, Yeast",4,223,892,Card,2,August,8,Thursday,29,9
2043,1488,Rahul,29-08-2024,1.13.21 PM,Americano,Coffee,"Espresso, Hot Water",4,280,1120,Cash,1,August,8,Thursday,29,13
2044,3098,Rahul,29-08-2024,10.49.25 PM,Hot Chocolate,Beverage,"Cocoa Powder, Milk, Sugar",1,276,276,Cash,1,August,8,Thursday,29,22
2045,8033,Nikhil,29-08-2024,10.18.15 PM,Hot Chocolate,Beverage,"Cocoa Powder, Milk, Sugar",2,243,486,UPI,2,August,8,Thursday,29,22
2046,6008,Pooja,29-08-2024,2.24.52 PM,Croissant,Bakery,"Flour, Butter, Yeast",2,171,342,Card,2,August,8,Thursday,29,14
2047,5485,Aarav,30-08-2024,10.29.04 PM,Espresso,Coffee,"Espresso Beans, Water",2,175,350,Card,1,August,8,Friday,30,22
2048,3620,Riya,30-08-2024,10.27.06 PM,Croissant,Bakery,"Flour, Butter, Yeast",2,240,480,Card,2,August,8,Friday,30,22
2049,8487,Aarav,30-08-2024,8.31.20 AM,Masala Tea,Tea,"Tea Leaves, Milk, Spices, Sugar",1,288,288,UPI,3,August,8,Friday,30,8
2050,9480,Nikhil,30-08-2024,7.43.32 AM,Cappuccino,Coffee,"Espresso, Milk, Milk Foam",3,344,1032,Card,2,August,8,Friday,30,7
2051,1316,Nikhil,30-08-2024,6.56.52 PM,Mocha,Coffee,"Espresso, Chocolate Syrup, Milk",4,347,1388,Cash,2,August,8,Friday,30,18
2052,4075,Karan,30-08-2024,8.53.43 AM,Masala Tea,Tea,"Tea Leaves, Milk, Spices, Sugar",2,278,556,Card,1,August,8,Friday,30,8
2053,5248,Karan,30-08-2024,7.59.10 PM,Espresso,Coffee,"Espresso Beans, Water",2,218,436,Cash,3,August,8,Friday,30,19
2054,9796,Nikhil,30-08-2024,9.58.17 AM,Masala Tea,Tea,"Tea Leaves, Milk, Spices, Sugar",4,214,856,Card,2,August,8,Friday,30,9
2055,7449,Ananya,30-08-2024,10.54.26 PM,Green Tea,Tea,"Green Tea Leaves, Water",1,314,314,Card,1,August,8,Friday,30,22
2056,9991,Ananya,30-08-2024,10.14.57 PM,Cold Brew,Coffee,"Coffee Beans, Cold Water",4,270,1080,Cash,1,August,8,Friday,30,22
2057,4265,Rahul,30-08-2024,5.33.28 PM,Croissant,Bakery,"Flour, Butter, Yeast",1,326,326,UPI,1,August,8,Friday,30,17
2058,1481,Nikhil,30-08-2024,7.13.55 PM,Green Tea,Tea,"Green Tea Leaves, Water",1,234,234,Cash,2,August,8,Friday,30,19
2059,3437,Rahul,31-08-2024,11.13.49 AM,Americano,Coffee,"Espresso, Hot Water",3,257,771,Cash,2,August,8,Saturday,31,11
2060,6733,Karan,31-08-2024,12.34.41 PM,Americano,Coffee,"Espresso, Hot Water",3,217,651,Card,1,August,8,Saturday,31,12
2061,3556,Riya,31-08-2024,1.59.08 PM,Croissant,Bakery,"Flour, Butter, Yeast",1,310,310,Card,2,August,8,Saturday,31,13
2062,3173,Riya,31-08-2024,2.29.29 PM,Masala Tea,Tea,"Tea Leaves, Milk, Spices, Sugar",2,222,444,UPI,3,August,8,Saturday,31,14
2063,2138,Simran,31-08-2024,10.41.59 AM,Croissant,Bakery,"Flour, Butter, Yeast",4,161,644,UPI,3,August,8,Saturday,31,10
2064,2461,Karan,31-08-2024,11.54.14 AM,Croissant,Bakery,"Flour, Butter, Yeast",3,135,405,UPI,2,August,8,Saturday,31,11
2065,2461,Karan,31-08-2024,2.29.40 PM,Mocha,Coffee,"Espresso, Chocolate Syrup, Milk",1,207,207,UPI,1,August,8,Saturday,31,14
2066,9448,Aarav,31-08-2024,9.43.18 PM,Hot Chocolate,Beverage,"Cocoa Powder, Milk, Sugar",2,163,326,UPI,2,August,8,Saturday,31,21
2067,6107,Rahul,31-08-2024,9.00.07 PM,Green Tea,Tea,"Green Tea Leaves, Water",1,350,350,UPI,3,August,8,Saturday,31,21
2068,6971,Aarav,31-08-2024,9.52.34 AM,Mocha,Coffee,"Espresso, Chocolate Syrup, Milk",2,226,452,Cash,3,August,8,Saturday,31,9
2069,7508,Nikhil,31-08-2024,7.44.38 PM,Hot Chocolate,Beverage,"Cocoa Powder, Milk, Sugar",4,316,1264,Cash,3,August,8,Saturday,31,19
2070,8347,Riya,31-08-2024,1.04.51 PM,Cappuccino,Coffee,"Espresso, Milk, Milk Foam",1,266,266,Cash,1,August,8,Saturday,31,13
2071,1972,Riya,01-09-2024,12.42.40 PM,Croissant,Bakery,"Flour, Butter, Yeast",2,245,490,Card,2,September,9,Sunday,1,12
2072,2047,Ananya,01-09-2024,7.24.01 PM,Hot Chocolate,Beverage,"Cocoa Powder, Milk, Sugar",4,260,1040,UPI,1,September,9,Sunday,1,19
2073,5178,Pooja,01-09-2024,7.24.10 AM,Masala Tea,Tea,"Tea Leaves, Milk, Spices, Sugar",2,234,468,Card,1,September,9,Sunday,1,7
2074,7303,Karan,01-09-2024,1.43.05 PM,Masala Tea,Tea,"Tea Leaves, Milk, Spices, Sugar",1,290,290,Card,3,September,9,Sunday,1,13
2075,4254,Nikhil,01-09-2024,4.47.31 PM,Hot Chocolate,Beverage,"Cocoa Powder, Milk, Sugar",3,140,420,Cash,3,September,9,Sunday,1,16
2076,9573,Nikhil,01-09-2024,6.33.27 PM,Americano,Coffee,"Espresso, Hot Water",1,197,197,Card,3,September,9,Sunday,1,18
2077,1245,Pooja,01-09-2024,7.09.05 AM,Latte,Coffee,"Espresso, Steamed Milk",4,296,1184,Card,2,September,9,Sunday,1,7
2078,3731,Aarav,01-09-2024,9.51.34 PM,Cold Brew,Coffee,"Coffee Beans, Cold Water",2,187,374,Card,3,September,9,Sunday,1,21
2079,6010,Karan,01-09-2024,1.10.34 PM,Hot Chocolate,Beverage,"Cocoa Powder, Milk, Sugar",4,281,1124,UPI,2,September,9,Sunday,1,13
2080,9905,Simran,01-09-2024,7.00.40 AM,Mocha,Coffee,"Espresso, Chocolate Syrup, Milk",1,171,171,Cash,1,September,9,Sunday,1,7
2081,8443,Riya,02-09-2024,1.15.55 PM,Croissant,Bakery,"Flour, Butter, Yeast",4,120,480,UPI,1,September,9,Monday,2,13
2082,2879,Ananya,02-09-2024,11.54.57 AM,Latte,Coffee,"Espresso, Steamed Milk",2,237,474,Card,2,September,9,Monday,2,11
2083,9602,Rahul,02-09-2024,2.00.28 PM,Mocha,Coffee,"Espresso, Chocolate Syrup, Milk",1,229,229,UPI,1,September,9,Monday,2,14
2084,7241,Karan,02-09-2024,2.17.18 PM,Hot Chocolate,Beverage,"Cocoa Powder, Milk, Sugar",3,253,759,Card,1,September,9,Monday,2,14
2085,5976,Simran,02-09-2024,8.36.40 AM,Cold Brew,Coffee,"Coffee Beans, Cold Water",2,263,526,UPI,2,September,9,Monday,2,8
2086,7252,Riya,03-09-2024,8.38.04 AM,Cold Brew,Coffee,"Coffee Beans, Cold Water",3,302,906,Cash,1,September,9,Tuesday,3,8
2087,6793,Ananya,03-09-2024,4.12.58 PM,Masala Tea,Tea,"Tea Leaves, Milk, Spices, Sugar",3,333,999,UPI,2,September,9,Tuesday,3,16
2088,8888,Ananya,03-09-2024,2.21.04 PM,Latte,Coffee,"Espresso, Steamed Milk",4,314,1256,Card,3,September,9,Tuesday,3,14
2089,2591,Aarav,03-09-2024,5.12.38 PM,Croissant,Bakery,"Flour, Butter, Yeast",4,315,1260,Card,1,September,9,Tuesday,3,17
2090,8731,Pooja,03-09-2024,7.02.48 AM,Cappuccino,Coffee,"Espresso, Milk, Milk Foam",3,165,495,Cash,1,September,9,Tuesday,3,7
2091,6276,Simran,03-09-2024,9.07.09 PM,Croissant,Bakery,"Flour, Butter, Yeast",2,322,644,Cash,2,September,9,Tuesday,3,21
2092,4635,Rahul,03-09-2024,7.01.32 PM,Hot Chocolate,Beverage,"Cocoa Powder, Milk, Sugar",2,219,438,Card,1,September,9,Tuesday,3,19
2093,6450,Ananya,03-09-2024,10.20.32 PM,Cappuccino,Coffee,"Espresso, Milk, Milk Foam",3,196,588,Card,3,September,9,Tuesday,3,22
2094,3689,Pooja,04-09-2024,5.51.05 PM,Mocha,Coffee,"Espresso, Chocolate Syrup, Milk",1,198,198,UPI,2,September,9,Wednesday,4,17
2095,5945,Aarav,04-09-2024,6.30.00 PM,Espresso,Coffee,"Espresso Beans, Water",3,335,1005,Cash,3,September,9,Wednesday,4,18
2096,9000,Riya,04-09-2024,10.30.11 AM,Croissant,Bakery,"Flour, Butter, Yeast",2,208,416,Cash,2,September,9,Wednesday,4,10
2097,2435,Nikhil,04-09-2024,2.41.30 PM,Cold Brew,Coffee,"Coffee Beans, Cold Water",2,300,600,Card,1,September,9,Wednesday,4,14
2098,2104,Nikhil,04-09-2024,2.38.41 PM,Masala Tea,Tea,"Tea Leaves, Milk, Spices, Sugar",1,263,263,Cash,2,September,9,Wednesday,4,14
2099,4257,Pooja,04-09-2024,4.53.45 PM,Americano,Coffee,"Espresso, Hot Water",1,317,317,Card,1,September,9,Wednesday,4,16
2100,4134,Riya,04-09-2024,12.19.53 PM,Hot Chocolate,Beverage,"Cocoa Powder, Milk, Sugar",1,167,167,Card,1,September,9,Wednesday,4,12
2101,5364,Rahul,04-09-2024,8.02.31 PM,Croissant,Bakery,"Flour, Butter, Yeast",4,180,720,UPI,3,September,9,Wednesday,4,20
2102,1507,Riya,04-09-2024,8.31.36 AM,Cappuccino,Coffee,"Espresso, Milk, Milk Foam",3,332,996,Cash,2,September,9,Wednesday,4,8
2103,2310,Riya,05-09-2024,9.59.27 PM,Hot Chocolate,Beverage,"Cocoa Powder, Milk, Sugar",1,323,323,UPI,1,September,9,Thursday,5,21
2104,5783,Riya,05-09-2024,11.44.34 AM,Cappuccino,Coffee,"Espresso, Milk, Milk Foam",2,342,684,UPI,2,September,9,Thursday,5,11
2105,2568,Riya,05-09-2024,9.31.57 AM,Masala Tea,Tea,"Tea Leaves, Milk, Spices, Sugar",3,196,588,Card,2,September,9,Thursday,5,9
2106,4910,Rahul,05-09-2024,2.41.52 PM,Croissant,Bakery,"Flour, Butter, Yeast",3,166,498,UPI,1,September,9,Thursday,5,14
2107,2813,Rahul,05-09-2024,7.58.29 AM,Croissant,Bakery,"Flour, Butter, Yeast",1,263,263,Card,3,September,9,Thursday,5,7
2108,1286,Riya,06-09-2024,7.13.05 PM,Cold Brew,Coffee,"Coffee Beans, Cold Water",3,147,441,UPI,3,September,9,Friday,6,19
2109,5362,Simran,06-09-2024,10.34.11 AM,Cold Brew,Coffee,"Coffee Beans, Cold Water",3,274,822,Cash,3,September,9,Friday,6,10
2110,7145,Pooja,06-09-2024,2.52.51 PM,Masala Tea,Tea,"Tea Leaves, Milk, Spices, Sugar",4,287,1148,Cash,1,September,9,Friday,6,14
2111,6456,Ananya,06-09-2024,5.19.45 PM,Espresso,Coffee,"Espresso Beans, Water",2,154,308,Card,2,September,9,Friday,6,17
2112,7985,Riya,06-09-2024,9.02.16 AM,Hot Chocolate,Beverage,"Cocoa Powder, Milk, Sugar",1,149,149,UPI,3,September,9,Friday,6,9
2113,7559,Rahul,06-09-2024,12.01.43 PM,Mocha,Coffee,"Espresso, Chocolate Syrup, Milk",1,340,340,UPI,3,September,9,Friday,6,12
2114,3645,Aarav,06-09-2024,3.47.47 PM,Green Tea,Tea,"Green Tea Leaves, Water",2,121,242,UPI,1,September,9,Friday,6,15
2115,5639,Nikhil,06-09-2024,9.59.53 PM,Croissant,Bakery,"Flour, Butter, Yeast",3,349,1047,Card,3,September,9,Friday,6,21
2116,7115,Pooja,07-09-2024,11.10.09 AM,Mocha,Coffee,"Espresso, Chocolate Syrup, Milk",1,122,122,Cash,3,September,9,Saturday,7,11
2117,6949,Aarav,07-09-2024,12.30.42 PM,Mocha,Coffee,"Espresso, Chocolate Syrup, Milk",4,141,564,UPI,2,September,9,Saturday,7,12
2118,2124,Pooja,07-09-2024,2.32.03 PM,Cappuccino,Coffee,"Espresso, Milk, Milk Foam",1,151,151,Cash,2,September,9,Saturday,7,14
2119,3114,Riya,07-09-2024,5.53.37 PM,Cold Brew,Coffee,"Coffee Beans, Cold Water",2,319,638,Cash,3,September,9,Saturday,7,17
2120,6524,Riya,07-09-2024,10.34.44 AM,Masala Tea,Tea,"Tea Leaves, Milk, Spices, Sugar",1,138,138,UPI,2,September,9,Saturday,7,10
2121,9071,Nikhil,07-09-2024,7.42.26 PM,Espresso,Coffee,"Espresso Beans, Water",1,232,232,Cash,2,September,9,Saturday,7,19
2122,1649,Riya,07-09-2024,10.21.09 PM,Cold Brew,Coffee,"Coffee Beans, Cold Water",3,132,396,UPI,1,September,9,Saturday,7,22
2123,5670,Karan,08-09-2024,10.19.39 PM,Cold Brew,Coffee,"Coffee Beans, Cold Water",1,252,252,Cash,3,September,9,Sunday,8,22
2124,6036,Rahul,08-09-2024,5.19.17 PM,Mocha,Coffee,"Espresso, Chocolate Syrup, Milk",1,333,333,Cash,2,September,9,Sunday,8,17
2125,5300,Pooja,08-09-2024,7.19.03 PM,Hot Chocolate,Beverage,"Cocoa Powder, Milk, Sugar",4,214,856,Cash,2,September,9,Sunday,8,19
2126,6109,Ananya,08-09-2024,9.13.58 AM,Cold Brew,Coffee,"Coffee Beans, Cold Water",3,303,909,Cash,2,September,9,Sunday,8,9
2127,8103,Rahul,08-09-2024,8.28.05 AM,Masala Tea,Tea,"Tea Leaves, Milk, Spices, Sugar",2,146,292,Cash,1,September,9,Sunday,8,8
2128,8411,Aarav,08-09-2024,12.28.47 PM,Cold Brew,Coffee,"Coffee Beans, Cold Water",3,204,612,UPI,3,September,9,Sunday,8,12
2129,5861,Rahul,08-09-2024,3.00.34 PM,Hot Chocolate,Beverage,"Cocoa Powder, Milk, Sugar",2,132,264,Cash,3,September,9,Sunday,8,15
2130,2050,Rahul,08-09-2024,10.48.26 PM,Cold Brew,Coffee,"Coffee Beans, Cold Water",1,225,225,Cash,1,September,9,Sunday,8,22
2131,5639,Karan,08-09-2024,4.49.06 PM,Americano,Coffee,"Espresso, Hot Water",3,166,498,Cash,3,September,9,Sunday,8,16
2132,4442,Pooja,08-09-2024,12.28.02 PM,Cold Brew,Coffee,"Coffee Beans, Cold Water",2,129,258,UPI,3,September,9,Sunday,8,12
2133,3988,Nikhil,08-09-2024,10.15.30 PM,Mocha,Coffee,"Espresso, Chocolate Syrup, Milk",1,145,145,Cash,1,September,9,Sunday,8,22
2134,8158,Pooja,09-09-2024,8.46.47 PM,Cappuccino,Coffee,"Espresso, Milk, Milk Foam",3,313,939,Cash,2,September,9,Monday,9,20
2135,6903,Riya,09-09-2024,8.48.15 AM,Americano,Coffee,"Espresso, Hot Water",2,132,264,UPI,1,September,9,Monday,9,8
2136,3107,Aarav,09-09-2024,4.04.05 PM,Mocha,Coffee,"Espresso, Chocolate Syrup, Milk",3,140,420,Cash,1,September,9,Monday,9,16
2137,6034,Simran,09-09-2024,12.33.22 PM,Latte,Coffee,"Espresso, Steamed Milk",3,346,1038,Cash,2,September,9,Monday,9,12
2138,8974,Karan,09-09-2024,10.20.39 AM,Americano,Coffee,"Espresso, Hot Water",1,316,316,Card,2,September,9,Monday,9,10
2139,4778,Aarav,09-09-2024,10.40.47 PM,Mocha,Coffee,"Espresso, Chocolate Syrup, Milk",1,229,229,UPI,2,September,9,Monday,9,22
2140,8075,Rahul,09-09-2024,6.01.33 PM,Green Tea,Tea,"Green Tea Leaves, Water",4,206,824,Card,3,September,9,Monday,9,18
2141,6402,Riya,09-09-2024,8.08.40 PM,Masala Tea,Tea,"Tea Leaves, Milk, Spices, Sugar",2,251,502,UPI,2,September,9,Monday,9,20
2142,3193,Simran,10-09-2024,3.11.11 PM,Espresso,Coffee,"Espresso Beans, Water",4,126,504,UPI,1,September,9,Tuesday,10,15
2143,4271,Riya,10-09-2024,10.05.22 AM,Hot Chocolate,Beverage,"Cocoa Powder, Milk, Sugar",1,272,272,Card,2,September,9,Tuesday,10,10
2144,2400,Ananya,10-09-2024,9.01.37 AM,Espresso,Coffee,"Espresso Beans, Water",4,160,640,UPI,3,September,9,Tuesday,10,9
2145,8554,Pooja,10-09-2024,9.13.02 AM,Mocha,Coffee,"Espresso, Chocolate Syrup, Milk",1,132,132,UPI,3,September,9,Tuesday,10,9
2146,2712,Simran,10-09-2024,8.23.50 PM,Latte,Coffee,"Espresso, Steamed Milk",4,173,692,Card,2,September,9,Tuesday,10,20
2147,9186,Simran,10-09-2024,8.11.33 PM,Green Tea,Tea,"Green Tea Leaves, Water",1,177,177,Card,2,September,9,Tuesday,10,20
2148,8561,Aarav,10-09-2024,4.21.54 PM,Mocha,Coffee,"Espresso, Chocolate Syrup, Milk",3,230,690,Cash,1,September,9,Tuesday,10,16
2149,6618,Aarav,10-09-2024,7.00.43 PM,Green Tea,Tea,"Green Tea Leaves, Water",4,215,860,Card,2,September,9,Tuesday,10,19
2150,8125,Riya,10-09-2024,12.21.42 PM,Green Tea,Tea,"Green Tea Leaves, Water",2,212,424,Cash,2,September,9,Tuesday,10,12
2151,6753,Ananya,10-09-2024,9.16.51 PM,Green Tea,Tea,"Green Tea Leaves, Water",3,185,555,UPI,3,September,9,Tuesday,10,21
2152,2631,Simran,10-09-2024,8.07.13 AM,Americano,Coffee,"Espresso, Hot Water",1,154,154,Cash,2,September,9,Tuesday,10,8
2153,1597,Ananya,11-09-2024,11.58.20 AM,Masala Tea,Tea,"Tea Leaves, Milk, Spices, Sugar",2,215,430,Cash,2,September,9,Wednesday,11,11
2154,9822,Karan,11-09-2024,8.33.11 AM,Croissant,Bakery,"Flour, Butter, Yeast",4,320,1280,Card,2,September,9,Wednesday,11,8
2155,4023,Karan,11-09-2024,8.36.13 PM,Latte,Coffee,"Espresso, Steamed Milk",3,143,429,Cash,1,September,9,Wednesday,11,20
2156,8351,Karan,11-09-2024,11.07.59 AM,Cappuccino,Coffee,"Espresso, Milk, Milk Foam",4,296,1184,Card,1,September,9,Wednesday,11,11
2157,6611,Simran,11-09-2024,9.07.29 PM,Mocha,Coffee,"Espresso, Chocolate Syrup, Milk",4,310,1240,UPI,1,September,9,Wednesday,11,21
2158,5216,Nikhil,11-09-2024,9.18.31 AM,Cold Brew,Coffee,"Coffee Beans, Cold Water",4,246,984,Card,1,September,9,Wednesday,11,9
2159,1115,Pooja,11-09-2024,8.07.02 PM,Mocha,Coffee,"Espresso, Chocolate Syrup, Milk",1,235,235,Cash,3,September,9,Wednesday,11,20
2160,3082,Karan,11-09-2024,1.02.13 PM,Green Tea,Tea,"Green Tea Leaves, Water",4,127,508,Card,3,September,9,Wednesday,11,13
2161,9672,Riya,11-09-2024,11.37.46 AM,Cappuccino,Coffee,"Espresso, Milk, Milk Foam",3,294,882,Card,3,September,9,Wednesday,11,11
2162,3382,Rahul,11-09-2024,8.35.31 AM,Green Tea,Tea,"Green Tea Leaves, Water",2,183,366,Card,1,September,9,Wednesday,11,8
2163,9930,Ananya,11-09-2024,4.11.47 PM,Espresso,Coffee,"Espresso Beans, Water",2,289,578,UPI,1,September,9,Wednesday,11,16
2164,3501,Nikhil,12-09-2024,8.20.45 PM,Masala Tea,Tea,"Tea Leaves, Milk, Spices, Sugar",3,230,690,Card,1,September,9,Thursday,12,20
2165,3777,Karan,12-09-2024,9.45.56 PM,Mocha,Coffee,"Espresso, Chocolate Syrup, Milk",2,283,566,Card,1,September,9,Thursday,12,21
2166,5320,Rahul,12-09-2024,11.57.54 AM,Cold Brew,Coffee,"Coffee Beans, Cold Water",2,265,530,Card,3,September,9,Thursday,12,11
2167,3775,Simran,12-09-2024,3.26.00 PM,Croissant,Bakery,"Flour, Butter, Yeast",2,161,322,Card,3,September,9,Thursday,12,15
2168,2936,Nikhil,12-09-2024,5.25.03 PM,Croissant,Bakery,"Flour, Butter, Yeast",1,240,240,Card,3,September,9,Thursday,12,17
2169,7425,Nikhil,12-09-2024,7.50.44 AM,Cappuccino,Coffee,"Espresso, Milk, Milk Foam",2,326,652,Card,2,September,9,Thursday,12,7
2170,2113,Karan,12-09-2024,12.44.14 PM,Masala Tea,Tea,"Tea Leaves, Milk, Spices, Sugar",2,170,340,Cash,1,September,9,Thursday,12,12
2171,6125,Rahul,12-09-2024,10.29.38 PM,Croissant,Bakery,"Flour, Butter, Yeast",3,304,912,Cash,2,September,9,Thursday,12,22
2172,4317,Aarav,12-09-2024,5.57.58 PM,Hot Chocolate,Beverage,"Cocoa Powder, Milk, Sugar",4,296,1184,Cash,1,September,9,Thursday,12,17
2173,5940,Aarav,12-09-2024,3.47.25 PM,Americano,Coffee,"Espresso, Hot Water",1,171,171,Cash,1,September,9,Thursday,12,15
2174,2640,Rahul,12-09-2024,2.58.18 PM,Cold Brew,Coffee,"Coffee Beans, Cold Water",4,297,1188,Card,2,September,9,Thursday,12,14
2175,8934,Karan,12-09-2024,8.58.55 AM,Hot Chocolate,Beverage,"Cocoa Powder, Milk, Sugar",1,300,300,Card,2,September,9,Thursday,12,8
2176,2470,Ananya,13-09-2024,2.04.50 PM,Green Tea,Tea,"Green Tea Leaves, Water",2,311,622,UPI,3,September,9,Friday,13,14
2177,7056,Nikhil,13-09-2024,10.18.49 AM,Mocha,Coffee,"Espresso, Chocolate Syrup, Milk",3,343,1029,UPI,2,September,9,Friday,13,10
2178,8735,Pooja,13-09-2024,5.08.14 PM,Americano,Coffee,"Espresso, Hot Water",3,275,825,Card,2,September,9,Friday,13,17
2179,5990,Pooja,13-09-2024,12.02.29 PM,Mocha,Coffee,"Espresso, Chocolate Syrup, Milk",2,285,570,Card,3,September,9,Friday,13,12
2180,1836,Rahul,13-09-2024,8.09.32 AM,Espresso,Coffee,"Espresso Beans, Water",1,291,291,UPI,1,September,9,Friday,13,8
2181,9802,Pooja,13-09-2024,3.04.31 PM,Mocha,Coffee,"Espresso, Chocolate Syrup, Milk",1,318,318,UPI,1,September,9,Friday,13,15
2182,6622,Pooja,13-09-2024,4.00.36 PM,Green Tea,Tea,"Green Tea Leaves, Water",4,192,768,UPI,1,September,9,Friday,13,16
2183,6415,Nikhil,13-09-2024,11.50.31 AM,Latte,Coffee,"Espresso, Steamed Milk",2,210,420,Cash,1,September,9,Friday,13,11
2184,6161,Riya,13-09-2024,10.57.44 AM,Espresso,Coffee,"Espresso Beans, Water",2,348,696,UPI,1,September,9,Friday,13,10
2185,5625,Riya,13-09-2024,2.42.38 PM,Hot Chocolate,Beverage,"Cocoa Powder, Milk, Sugar",1,184,184,Card,2,September,9,Friday,13,14
2186,2689,Riya,13-09-2024,11.09.14 AM,Cappuccino,Coffee,"Espresso, Milk, Milk Foam",3,156,468,Card,1,September,9,Friday,13,11
2187,2341,Karan,14-09-2024,10.49.05 AM,Croissant,Bakery,"Flour, Butter, Yeast",3,231,693,UPI,2,September,9,Saturday,14,10
2188,5015,Simran,14-09-2024,4.22.30 PM,Cold Brew,Coffee,"Coffee Beans, Cold Water",1,171,171,UPI,3,September,9,Saturday,14,16
2189,4564,Karan,14-09-2024,8.59.12 PM,Cold Brew,Coffee,"Coffee Beans, Cold Water",4,237,948,Cash,3,September,9,Saturday,14,20
2190,5872,Karan,14-09-2024,1.15.50 PM,Green Tea,Tea,"Green Tea Leaves, Water",4,307,1228,Cash,2,September,9,Saturday,14,13
2191,9425,Nikhil,14-09-2024,5.47.43 PM,Cold Brew,Coffee,"Coffee Beans, Cold Water",3,211,633,Cash,1,September,9,Saturday,14,17
2192,9041,Aarav,14-09-2024,10.05.00 PM,Cold Brew,Coffee,"Coffee Beans, Cold Water",1,215,215,UPI,3,September,9,Saturday,14,22
2193,3439,Aarav,15-09-2024,2.21.58 PM,Cold Brew,Coffee,"Coffee Beans, Cold Water",4,121,484,UPI,2,September,9,Sunday,15,14
2194,4954,Riya,15-09-2024,12.32.27 PM,Hot Chocolate,Beverage,"Cocoa Powder, Milk, Sugar",2,290,580,Cash,3,September,9,Sunday,15,12
2195,9188,Karan,15-09-2024,8.30.31 AM,Cold Brew,Coffee,"Coffee Beans, Cold Water",3,283,849,Card,2,September,9,Sunday,15,8
2196,9478,Simran,15-09-2024,4.07.06 PM,Espresso,Coffee,"Espresso Beans, Water",3,179,537,UPI,1,September,9,Sunday,15,16
2197,4798,Nikhil,15-09-2024,5.13.28 PM,Americano,Coffee,"Espresso, Hot Water",2,286,572,Card,1,September,9,Sunday,15,17
2198,4644,Riya,15-09-2024,3.29.38 PM,Cold Brew,Coffee,"Coffee Beans, Cold Water",1,156,156,Cash,1,September,9,Sunday,15,15
2199,7295,Karan,15-09-2024,12.30.21 PM,Croissant,Bakery,"Flour, Butter, Yeast",1,147,147,Cash,1,September,9,Sunday,15,12
2200,7168,Simran,15-09-2024,6.37.23 PM,Latte,Coffee,"Espresso, Steamed Milk",3,120,360,Cash,1,September,9,Sunday,15,18
2201,9504,Nikhil,15-09-2024,3.26.00 PM,Cappuccino,Coffee,"Espresso, Milk, Milk Foam",3,126,378,Card,3,September,9,Sunday,15,15
2202,5092,Karan,15-09-2024,7.01.59 PM,Croissant,Bakery,"Flour, Butter, Yeast",2,147,294,UPI,2,September,9,Sunday,15,19
2203,1614,Ananya,15-09-2024,8.58.33 PM,Mocha,Coffee,"Espresso, Chocolate Syrup, Milk",4,124,496,Cash,1,September,9,Sunday,15,20
2204,3322,Nikhil,15-09-2024,11.16.34 AM,Latte,Coffee,"Espresso, Steamed Milk",4,124,496,Card,3,September,9,Sunday,15,11
2205,8682,Aarav,16-09-2024,2.22.17 PM,Mocha,Coffee,"Espresso, Chocolate Syrup, Milk",3,269,807,UPI,1,September,9,Monday,16,14
2206,4341,Ananya,16-09-2024,7.55.51 AM,Masala Tea,Tea,"Tea Leaves, Milk, Spices, Sugar",3,136,408,Card,3,September,9,Monday,16,7
2207,4599,Aarav,16-09-2024,11.58.26 AM,Masala Tea,Tea,"Tea Leaves, Milk, Spices, Sugar",1,268,268,UPI,2,September,9,Monday,16,11
2208,2963,Ananya,16-09-2024,9.41.59 PM,Cappuccino,Coffee,"Espresso, Milk, Milk Foam",1,138,138,Card,3,September,9,Monday,16,21
2209,6543,Simran,16-09-2024,11.37.46 AM,Mocha,Coffee,"Espresso, Chocolate Syrup, Milk",1,207,207,Card,2,September,9,Monday,16,11
2210,6345,Ananya,16-09-2024,5.14.28 PM,Cold Brew,Coffee,"Coffee Beans, Cold Water",4,283,1132,Cash,3,September,9,Monday,16,17
2211,5518,Ananya,16-09-2024,8.50.38 AM,Green Tea,Tea,"Green Tea Leaves, Water",1,171,171,Cash,1,September,9,Monday,16,8
2212,2754,Riya,16-09-2024,11.05.48 AM,Cappuccino,Coffee,"Espresso, Milk, Milk Foam",1,152,152,UPI,2,September,9,Monday,16,11
2213,9566,Rahul,16-09-2024,9.25.55 PM,Cappuccino,Coffee,"Espresso, Milk, Milk Foam",3,323,969,UPI,1,September,9,Monday,16,21
2214,9292,Simran,16-09-2024,8.10.04 PM,Croissant,Bakery,"Flour, Butter, Yeast",1,211,211,Cash,3,September,9,Monday,16,20
2215,1608,Simran,16-09-2024,1.42.30 PM,Latte,Coffee,"Espresso, Steamed Milk",4,266,1064,Cash,2,September,9,Monday,16,13
2216,6714,Nikhil,16-09-2024,10.45.47 PM,Americano,Coffee,"Espresso, Hot Water",1,258,258,Card,2,September,9,Monday,16,22
2217,6983,Karan,17-09-2024,6.26.27 PM,Cappuccino,Coffee,"Espresso, Milk, Milk Foam",1,315,315,Cash,2,September,9,Tuesday,17,18
2218,9932,Rahul,17-09-2024,12.47.41 PM,Latte,Coffee,"Espresso, Steamed Milk",1,130,130,Card,3,September,9,Tuesday,17,12
2219,2242,Pooja,17-09-2024,10.32.10 AM,Cold Brew,Coffee,"Coffee Beans, Cold Water",4,123,492,Card,3,September,9,Tuesday,17,10
2220,8841,Karan,17-09-2024,10.37.47 PM,Cold Brew,Coffee,"Coffee Beans, Cold Water",1,229,229,UPI,1,September,9,Tuesday,17,22
2221,3258,Aarav,17-09-2024,9.45.00 PM,Croissant,Bakery,"Flour, Butter, Yeast",3,283,849,UPI,1,September,9,Tuesday,17,21
2222,4191,Simran,17-09-2024,7.07.41 AM,Masala Tea,Tea,"Tea Leaves, Milk, Spices, Sugar",4,285,1140,UPI,3,September,9,Tuesday,17,7
2223,6849,Nikhil,17-09-2024,8.20.02 PM,Green Tea,Tea,"Green Tea Leaves, Water",2,321,642,Card,2,September,9,Tuesday,17,20
2224,1060,Ananya,17-09-2024,5.08.22 PM,Green Tea,Tea,"Green Tea Leaves, Water",3,256,768,UPI,1,September,9,Tuesday,17,17
2225,4820,Rahul,17-09-2024,1.11.28 PM,Latte,Coffee,"Espresso, Steamed Milk",1,159,159,Cash,2,September,9,Tuesday,17,13
2226,4360,Karan,17-09-2024,3.13.16 PM,Latte,Coffee,"Espresso, Steamed Milk",3,268,804,Cash,3,September,9,Tuesday,17,15
2227,9264,Pooja,17-09-2024,2.20.38 PM,Croissant,Bakery,"Flour, Butter, Yeast",3,325,975,Card,3,September,9,Tuesday,17,14
2228,4032,Rahul,17-09-2024,8.36.05 AM,Croissant,Bakery,"Flour, Butter, Yeast",2,296,592,Card,2,September,9,Tuesday,17,8
2229,6876,Karan,18-09-2024,12.23.09 PM,Americano,Coffee,"Espresso, Hot Water",2,253,506,UPI,1,September,9,Wednesday,18,12
2230,4196,Nikhil,18-09-2024,6.17.34 PM,Green Tea,Tea,"Green Tea Leaves, Water",2,350,700,Cash,1,September,9,Wednesday,18,18
2231,9765,Simran,18-09-2024,3.31.29 PM,Cold Brew,Coffee,"Coffee Beans, Cold Water",3,322,966,UPI,2,September,9,Wednesday,18,15
2232,3649,Rahul,18-09-2024,11.19.23 AM,Croissant,Bakery,"Flour, Butter, Yeast",1,134,134,Cash,1,September,9,Wednesday,18,11
2233,6379,Rahul,18-09-2024,1.04.25 PM,Cold Brew,Coffee,"Coffee Beans, Cold Water",2,149,298,Card,2,September,9,Wednesday,18,13
2234,9577,Riya,18-09-2024,9.58.48 AM,Espresso,Coffee,"Espresso Beans, Water",1,336,336,Card,3,September,9,Wednesday,18,9
2235,7483,Karan,18-09-2024,1.50.34 PM,Americano,Coffee,"Espresso, Hot Water",4,159,636,Cash,2,September,9,Wednesday,18,13
2236,8703,Nikhil,18-09-2024,11.28.26 AM,Espresso,Coffee,"Espresso Beans, Water",3,129,387,Card,2,September,9,Wednesday,18,11
2237,4655,Pooja,19-09-2024,5.14.16 PM,Masala Tea,Tea,"Tea Leaves, Milk, Spices, Sugar",1,335,335,UPI,3,September,9,Thursday,19,17
2238,8330,Riya,19-09-2024,3.39.54 PM,Green Tea,Tea,"Green Tea Leaves, Water",3,306,918,Cash,3,September,9,Thursday,19,15
2239,1178,Nikhil,19-09-2024,1.15.49 PM,Latte,Coffee,"Espresso, Steamed Milk",1,167,167,Card,1,September,9,Thursday,19,13
2240,4249,Simran,19-09-2024,8.38.34 AM,Cappuccino,Coffee,"Espresso, Milk, Milk Foam",3,298,894,UPI,1,September,9,Thursday,19,8
2241,2326,Riya,19-09-2024,4.28.36 PM,Green Tea,Tea,"Green Tea Leaves, Water",1,315,315,Cash,2,September,9,Thursday,19,16
2242,2810,Aarav,19-09-2024,6.54.11 PM,Masala Tea,Tea,"Tea Leaves, Milk, Spices, Sugar",2,283,566,UPI,2,September,9,Thursday,19,18
2243,4080,Aarav,19-09-2024,11.19.25 AM,Masala Tea,Tea,"Tea Leaves, Milk, Spices, Sugar",2,189,378,UPI,1,September,9,Thursday,19,11
2244,9257,Riya,19-09-2024,7.35.29 PM,Latte,Coffee,"Espresso, Steamed Milk",1,264,264,UPI,3,September,9,Thursday,19,19
2245,5461,Simran,20-09-2024,10.51.26 PM,Croissant,Bakery,"Flour, Butter, Yeast",3,173,519,UPI,1,September,9,Friday,20,22
2246,3140,Simran,20-09-2024,12.26.37 PM,Americano,Coffee,"Espresso, Hot Water",1,214,214,Card,3,September,9,Friday,20,12
2247,2976,Karan,20-09-2024,12.01.45 PM,Americano,Coffee,"Espresso, Hot Water",2,224,448,Cash,1,September,9,Friday,20,12
2248,1358,Karan,20-09-2024,4.31.27 PM,Green Tea,Tea,"Green Tea Leaves, Water",3,144,432,Card,1,September,9,Friday,20,16
2249,3163,Riya,20-09-2024,9.23.39 PM,Mocha,Coffee,"Espresso, Chocolate Syrup, Milk",2,193,386,UPI,2,September,9,Friday,20,21
2250,3179,Ananya,20-09-2024,7.58.07 AM,Croissant,Bakery,"Flour, Butter, Yeast",1,237,237,UPI,2,September,9,Friday,20,7
2251,6192,Karan,20-09-2024,10.49.14 AM,Croissant,Bakery,"Flour, Butter, Yeast",3,323,969,Card,3,September,9,Friday,20,10
2252,3536,Karan,20-09-2024,8.14.26 AM,Hot Chocolate,Beverage,"Cocoa Powder, Milk, Sugar",2,238,476,Card,3,September,9,Friday,20,8
2253,4536,Rahul,20-09-2024,8.38.22 AM,Cappuccino,Coffee,"Espresso, Milk, Milk Foam",4,267,1068,UPI,3,September,9,Friday,20,8
2254,1214,Rahul,20-09-2024,6.06.44 PM,Latte,Coffee,"Espresso, Steamed Milk",3,339,1017,UPI,2,September,9,Friday,20,18
2255,1760,Nikhil,20-09-2024,2.55.20 PM,Green Tea,Tea,"Green Tea Leaves, Water",4,192,768,Card,3,September,9,Friday,20,14
2256,7202,Riya,21-09-2024,8.01.45 AM,Americano,Coffee,"Espresso, Hot Water",1,330,330,Cash,1,September,9,Saturday,21,8
2257,7208,Riya,21-09-2024,9.11.19 PM,Cold Brew,Coffee,"Coffee Beans, Cold Water",3,283,849,UPI,3,September,9,Saturday,21,21
2258,9637,Simran,21-09-2024,5.17.39 PM,Croissant,Bakery,"Flour, Butter, Yeast",2,159,318,UPI,3,September,9,Saturday,21,17
2259,7877,Ananya,21-09-2024,3.03.13 PM,Masala Tea,Tea,"Tea Leaves, Milk, Spices, Sugar",4,271,1084,Card,3,September,9,Saturday,21,15
2260,4000,Pooja,21-09-2024,9.43.29 AM,Cold Brew,Coffee,"Coffee Beans, Cold Water",1,151,151,Cash,1,September,9,Saturday,21,9
2261,8776,Simran,21-09-2024,9.50.49 AM,Hot Chocolate,Beverage,"Cocoa Powder, Milk, Sugar",3,172,516,Card,2,September,9,Saturday,21,9
2262,2063,Ananya,22-09-2024,9.59.15 PM,Masala Tea,Tea,"Tea Leaves, Milk, Spices, Sugar",3,268,804,Cash,1,September,9,Sunday,22,21
2263,4013,Aarav,22-09-2024,7.37.22 PM,Cold Brew,Coffee,"Coffee Beans, Cold Water",1,202,202,UPI,2,September,9,Sunday,22,19
2264,5199,Riya,22-09-2024,7.52.21 PM,Green Tea,Tea,"Green Tea Leaves, Water",3,281,843,Card,2,September,9,Sunday,22,19
2265,9404,Rahul,22-09-2024,12.46.00 PM,Green Tea,Tea,"Green Tea Leaves, Water",3,196,588,Card,1,September,9,Sunday,22,12
2266,8513,Nikhil,22-09-2024,4.43.53 PM,Hot Chocolate,Beverage,"Cocoa Powder, Milk, Sugar",4,290,1160,Card,1,September,9,Sunday,22,16
2267,3132,Simran,22-09-2024,10.58.22 PM,Espresso,Coffee,"Espresso Beans, Water",4,267,1068,Card,3,September,9,Sunday,22,22
2268,2551,Ananya,22-09-2024,9.46.06 AM,Latte,Coffee,"Espresso, Steamed Milk",3,271,813,UPI,2,September,9,Sunday,22,9
2269,7221,Rahul,22-09-2024,9.29.07 AM,Americano,Coffee,"Espresso, Hot Water",1,201,201,Card,2,September,9,Sunday,22,9
2270,2457,Aarav,23-09-2024,4.46.01 PM,Cappuccino,Coffee,"Espresso, Milk, Milk Foam",1,320,320,Cash,2,September,9,Monday,23,16
2271,1949,Karan,23-09-2024,3.59.45 PM,Espresso,Coffee,"Espresso Beans, Water",4,295,1180,Card,3,September,9,Monday,23,15
2272,9861,Nikhil,23-09-2024,9.37.37 AM,Hot Chocolate,Beverage,"Cocoa Powder, Milk, Sugar",1,211,211,Cash,2,September,9,Monday,23,9
2273,6346,Nikhil,23-09-2024,10.55.29 AM,Croissant,Bakery,"Flour, Butter, Yeast",2,303,606,UPI,1,September,9,Monday,23,10
2274,6635,Simran,23-09-2024,9.39.55 PM,Green Tea,Tea,"Green Tea Leaves, Water",3,325,975,UPI,3,September,9,Monday,23,21
2275,2450,Riya,23-09-2024,10.38.13 AM,Hot Chocolate,Beverage,"Cocoa Powder, Milk, Sugar",1,204,204,Cash,1,September,9,Monday,23,10
2276,7934,Nikhil,24-09-2024,9.24.27 PM,Americano,Coffee,"Espresso, Hot Water",1,322,322,UPI,2,September,9,Tuesday,24,21
2277,4915,Pooja,24-09-2024,9.32.52 AM,Cappuccino,Coffee,"Espresso, Milk, Milk Foam",2,242,484,Card,3,September,9,Tuesday,24,9
2278,1211,Simran,24-09-2024,9.39.58 AM,Masala Tea,Tea,"Tea Leaves, Milk, Spices, Sugar",2,152,304,UPI,2,September,9,Tuesday,24,9
2279,3581,Ananya,24-09-2024,6.18.30 PM,Masala Tea,Tea,"Tea Leaves, Milk, Spices, Sugar",3,176,528,Card,3,September,9,Tuesday,24,18
2280,8762,Karan,24-09-2024,5.41.35 PM,Mocha,Coffee,"Espresso, Chocolate Syrup, Milk",2,124,248,Cash,3,September,9,Tuesday,24,17
2281,5004,Nikhil,24-09-2024,1.26.55 PM,Mocha,Coffee,"Espresso, Chocolate Syrup, Milk",4,279,1116,Cash,2,September,9,Tuesday,24,13
2282,5983,Aarav,24-09-2024,6.53.47 PM,Mocha,Coffee,"Espresso, Chocolate Syrup, Milk",4,292,1168,Card,2,September,9,Tuesday,24,18
2283,3758,Nikhil,24-09-2024,9.55.08 PM,Green Tea,Tea,"Green Tea Leaves, Water",1,233,233,Cash,2,September,9,Tuesday,24,21
2284,8661,Pooja,24-09-2024,12.15.46 PM,Masala Tea,Tea,"Tea Leaves, Milk, Spices, Sugar",4,162,648,Cash,2,September,9,Tuesday,24,12
2285,3496,Rahul,25-09-2024,7.14.52 AM,Espresso,Coffee,"Espresso Beans, Water",1,245,245,Cash,3,September,9,Wednesday,25,7
2286,6547,Simran,25-09-2024,8.40.07 PM,Masala Tea,Tea,"Tea Leaves, Milk, Spices, Sugar",2,218,436,Card,1,September,9,Wednesday,25,20
2287,3699,Rahul,25-09-2024,8.24.41 AM,Cappuccino,Coffee,"Espresso, Milk, Milk Foam",4,269,1076,Card,1,September,9,Wednesday,25,8
2288,7341,Simran,25-09-2024,10.19.39 PM,Hot Chocolate,Beverage,"Cocoa Powder, Milk, Sugar",2,127,254,UPI,1,September,9,Wednesday,25,22
2289,3623,Rahul,25-09-2024,7.33.30 AM,Hot Chocolate,Beverage,"Cocoa Powder, Milk, Sugar",3,217,651,Cash,1,September,9,Wednesday,25,7
2290,3448,Nikhil,25-09-2024,10.03.26 AM,Green Tea,Tea,"Green Tea Leaves, Water",4,303,1212,UPI,3,September,9,Wednesday,25,10
2291,9512,Karan,25-09-2024,3.08.53 PM,Latte,Coffee,"Espresso, Steamed Milk",4,309,1236,Card,1,September,9,Wednesday,25,15
2292,7536,Karan,25-09-2024,4.24.57 PM,Cappuccino,Coffee,"Espresso, Milk, Milk Foam",2,130,260,Cash,3,September,9,Wednesday,25,16
2293,4985,Karan,26-09-2024,9.28.56 AM,Mocha,Coffee,"Espresso, Chocolate Syrup, Milk",3,219,657,UPI,2,September,9,Thursday,26,9
2294,7929,Aarav,26-09-2024,9.06.33 AM,Masala Tea,Tea,"Tea Leaves, Milk, Spices, Sugar",1,166,166,Cash,2,September,9,Thursday,26,9
2295,2644,Riya,26-09-2024,10.59.07 AM,Hot Chocolate,Beverage,"Cocoa Powder, Milk, Sugar",4,200,800,UPI,1,September,9,Thursday,26,10
2296,9958,Riya,26-09-2024,2.49.33 PM,Americano,Coffee,"Espresso, Hot Water",4,333,1332,UPI,2,September,9,Thursday,26,14
2297,6719,Nikhil,26-09-2024,9.10.06 AM,Latte,Coffee,"Espresso, Steamed Milk",3,332,996,UPI,3,September,9,Thursday,26,9
2298,4780,Aarav,26-09-2024,7.44.51 AM,Espresso,Coffee,"Espresso Beans, Water",4,180,720,Card,1,September,9,Thursday,26,7
2299,8104,Pooja,26-09-2024,10.31.39 PM,Latte,Coffee,"Espresso, Steamed Milk",4,184,736,Card,3,September,9,Thursday,26,22
2300,6575,Rahul,26-09-2024,1.46.37 PM,Americano,Coffee,"Espresso, Hot Water",3,156,468,Cash,3,September,9,Thursday,26,13
2301,3479,Simran,26-09-2024,1.44.48 PM,Hot Chocolate,Beverage,"Cocoa Powder, Milk, Sugar",4,153,612,UPI,3,September,9,Thursday,26,13
2302,5410,Simran,26-09-2024,1.59.59 PM,Espresso,Coffee,"Espresso Beans, Water",3,176,528,Card,2,September,9,Thursday,26,13
2303,5502,Karan,26-09-2024,9.51.19 PM,Green Tea,Tea,"Green Tea Leaves, Water",1,198,198,Card,1,September,9,Thursday,26,21
2304,5396,Riya,27-09-2024,6.25.38 PM,Latte,Coffee,"Espresso, Steamed Milk",1,250,250,Card,1,September,9,Friday,27,18
2305,1484,Rahul,27-09-2024,9.52.19 PM,Croissant,Bakery,"Flour, Butter, Yeast",4,137,548,Cash,1,September,9,Friday,27,21
2306,3408,Aarav,27-09-2024,10.39.01 AM,Latte,Coffee,"Espresso, Steamed Milk",3,212,636,UPI,2,September,9,Friday,27,10
2307,4821,Nikhil,27-09-2024,4.34.45 PM,Croissant,Bakery,"Flour, Butter, Yeast",1,336,336,UPI,2,September,9,Friday,27,16
2308,9350,Rahul,27-09-2024,11.39.38 AM,Americano,Coffee,"Espresso, Hot Water",3,255,765,Card,3,September,9,Friday,27,11
2309,6720,Nikhil,27-09-2024,10.23.24 PM,Croissant,Bakery,"Flour, Butter, Yeast",1,288,288,UPI,1,September,9,Friday,27,22
2310,4859,Karan,27-09-2024,12.03.07 PM,Hot Chocolate,Beverage,"Cocoa Powder, Milk, Sugar",2,331,662,Cash,3,September,9,Friday,27,12
2311,3416,Karan,27-09-2024,4.38.52 PM,Croissant,Bakery,"Flour, Butter, Yeast",4,148,592,Cash,3,September,9,Friday,27,16
2312,6081,Simran,27-09-2024,12.31.14 PM,Green Tea,Tea,"Green Tea Leaves, Water",1,312,312,UPI,1,September,9,Friday,27,12
2313,9561,Riya,27-09-2024,1.47.10 PM,Latte,Coffee,"Espresso, Steamed Milk",2,295,590,UPI,3,September,9,Friday,27,13
2314,5615,Simran,27-09-2024,2.24.03 PM,Croissant,Bakery,"Flour, Butter, Yeast",3,282,846,UPI,2,September,9,Friday,27,14
2315,5365,Pooja,27-09-2024,1.01.44 PM,Espresso,Coffee,"Espresso Beans, Water",1,243,243,UPI,3,September,9,Friday,27,13
2316,9012,Ananya,28-09-2024,9.17.39 PM,Croissant,Bakery,"Flour, Butter, Yeast",2,300,600,UPI,3,September,9,Saturday,28,21
2317,2743,Nikhil,28-09-2024,6.54.49 PM,Espresso,Coffee,"Espresso Beans, Water",2,272,544,Card,2,September,9,Saturday,28,18
2318,8729,Nikhil,28-09-2024,8.48.59 PM,Latte,Coffee,"Espresso, Steamed Milk",1,249,249,UPI,2,September,9,Saturday,28,20
2319,4914,Aarav,28-09-2024,8.26.34 AM,Croissant,Bakery,"Flour, Butter, Yeast",1,133,133,UPI,2,September,9,Saturday,28,8
2320,7947,Riya,28-09-2024,1.36.28 PM,Americano,Coffee,"Espresso, Hot Water",2,183,366,UPI,2,September,9,Saturday,28,13
2321,8834,Karan,29-09-2024,7.32.58 PM,Hot Chocolate,Beverage,"Cocoa Powder, Milk, Sugar",3,268,804,UPI,1,September,9,Sunday,29,19
2322,4992,Riya,29-09-2024,7.23.14 AM,Americano,Coffee,"Espresso, Hot Water",4,153,612,Card,3,September,9,Sunday,29,7
2323,9687,Aarav,29-09-2024,6.22.30 PM,Masala Tea,Tea,"Tea Leaves, Milk, Spices, Sugar",1,343,343,Cash,2,September,9,Sunday,29,18
2324,2158,Nikhil,29-09-2024,9.33.28 PM,Americano,Coffee,"Espresso, Hot Water",2,339,678,UPI,2,September,9,Sunday,29,21
2325,1985,Simran,29-09-2024,8.40.50 AM,Mocha,Coffee,"Espresso, Chocolate Syrup, Milk",1,331,331,Card,3,September,9,Sunday,29,8
2326,6189,Karan,29-09-2024,1.56.27 PM,Hot Chocolate,Beverage,"Cocoa Powder, Milk, Sugar",2,313,626,Card,3,September,9,Sunday,29,13
2327,7895,Riya,29-09-2024,8.50.29 PM,Mocha,Coffee,"Espresso, Chocolate Syrup, Milk",2,281,562,Card,3,September,9,Sunday,29,20
2328,6050,Ananya,29-09-2024,8.21.05 AM,Hot Chocolate,Beverage,"Cocoa Powder, Milk, Sugar",2,254,508,Card,2,September,9,Sunday,29,8
2329,2002,Ananya,29-09-2024,9.26.57 AM,Masala Tea,Tea,"Tea Leaves, Milk, Spices, Sugar",2,174,348,Cash,2,September,9,Sunday,29,9
2330,2224,Riya,29-09-2024,6.02.50 PM,Masala Tea,Tea,"Tea Leaves, Milk, Spices, Sugar",1,123,123,Cash,3,September,9,Sunday,29,18
2331,4984,Simran,29-09-2024,9.08.40 PM,Mocha,Coffee,"Espresso, Chocolate Syrup, Milk",2,215,430,Cash,2,September,9,Sunday,29,21
2332,3669,Aarav,30-09-2024,7.21.57 AM,Cappuccino,Coffee,"Espresso, Milk, Milk Foam",2,347,694,UPI,3,September,9,Monday,30,7
2333,4396,Nikhil,30-09-2024,6.14.29 PM,Espresso,Coffee,"Espresso Beans, Water",3,207,621,Card,1,September,9,Monday,30,18
2334,4882,Ananya,30-09-2024,8.40.45 PM,Latte,Coffee,"Espresso, Steamed Milk",3,319,957,Card,2,September,9,Monday,30,20
2335,8143,Ananya,30-09-2024,10.57.34 AM,Green Tea,Tea,"Green Tea Leaves, Water",2,273,546,Card,3,September,9,Monday,30,10
2336,2362,Simran,30-09-2024,8.22.16 PM,Espresso,Coffee,"Espresso Beans, Water",3,157,471,UPI,3,September,9,Monday,30,20
2337,5281,Ananya,30-09-2024,10.30.36 AM,Latte,Coffee,"Espresso, Steamed Milk",3,151,453,Card,3,September,9,Monday,30,10
2338,5295,Simran,30-09-2024,11.30.55 AM,Cold Brew,Coffee,"Coffee Beans, Cold Water",4,240,960,Card,3,September,9,Monday,30,11
2339,2815,Aarav,30-09-2024,10.01.51 AM,Cold Brew,Coffee,"Coffee Beans, Cold Water",1,326,326,UPI,2,September,9,Monday,30,10
2340,5959,Nikhil,30-09-2024,3.55.31 PM,Croissant,Bakery,"Flour, Butter, Yeast",2,229,458,Cash,3,September,9,Monday,30,15
2341,1156,Nikhil,30-09-2024,1.33.39 PM,Green Tea,Tea,"Green Tea Leaves, Water",4,149,596,Cash,2,September,9,Monday,30,13
2342,7115,Ananya,30-09-2024,10.26.24 PM,Mocha,Coffee,"Espresso, Chocolate Syrup, Milk",3,177,531,UPI,1,September,9,Monday,30,22
2343,5010,Karan,30-09-2024,10.08.28 AM,Mocha,Coffee,"Espresso, Chocolate Syrup, Milk",2,208,416,UPI,1,September,9,Monday,30,10
2344,3419,Aarav,01-10-2024,12.37.21 PM,Croissant,Bakery,"Flour, Butter, Yeast",4,155,620,UPI,2,October,10,Tuesday,1,12
2345,7124,Nikhil,01-10-2024,8.01.03 PM,Mocha,Coffee,"Espresso, Chocolate Syrup, Milk",1,261,261,Card,1,October,10,Tuesday,1,20
2346,1732,Riya,01-10-2024,9.04.28 PM,Espresso,Coffee,"Espresso Beans, Water",3,343,1029,Cash,2,October,10,Tuesday,1,21
2347,9690,Riya,01-10-2024,2.11.11 PM,Mocha,Coffee,"Espresso, Chocolate Syrup, Milk",4,158,632,Card,2,October,10,Tuesday,1,14
2348,7328,Ananya,01-10-2024,7.22.51 AM,Latte,Coffee,"Espresso, Steamed Milk",4,124,496,Card,1,October,10,Tuesday,1,7
2349,8511,Pooja,01-10-2024,9.05.13 AM,Croissant,Bakery,"Flour, Butter, Yeast",3,184,552,UPI,3,October,10,Tuesday,1,9
2350,4154,Rahul,01-10-2024,1.58.51 PM,Cappuccino,Coffee,"Espresso, Milk, Milk Foam",1,280,280,Card,1,October,10,Tuesday,1,13
2351,4481,Riya,01-10-2024,6.44.52 PM,Green Tea,Tea,"Green Tea Leaves, Water",3,207,621,Card,3,October,10,Tuesday,1,18
2352,2963,Aarav,01-10-2024,11.02.03 AM,Croissant,Bakery,"Flour, Butter, Yeast",4,314,1256,UPI,1,October,10,Tuesday,1,11
2353,7778,Ananya,01-10-2024,3.07.22 PM,Croissant,Bakery,"Flour, Butter, Yeast",3,157,471,Card,1,October,10,Tuesday,1,15
2354,1530,Karan,01-10-2024,9.06.11 AM,Masala Tea,Tea,"Tea Leaves, Milk, Spices, Sugar",2,344,688,UPI,3,October,10,Tuesday,1,9
2355,7131,Karan,02-10-2024,4.44.13 PM,Americano,Coffee,"Espresso, Hot Water",4,321,1284,Cash,3,October,10,Wednesday,2,16
2356,6090,Rahul,02-10-2024,10.52.50 AM,Croissant,Bakery,"Flour, Butter, Yeast",1,220,220,UPI,3,October,10,Wednesday,2,10
2357,7997,Riya,02-10-2024,2.36.38 PM,Latte,Coffee,"Espresso, Steamed Milk",3,227,681,Cash,1,October,10,Wednesday,2,14
2358,6531,Ananya,02-10-2024,4.47.56 PM,Espresso,Coffee,"Espresso Beans, Water",3,231,693,UPI,1,October,10,Wednesday,2,16
2359,4021,Aarav,02-10-2024,2.08.28 PM,Latte,Coffee,"Espresso, Steamed Milk",2,228,456,Cash,1,October,10,Wednesday,2,14
2360,8505,Aarav,02-10-2024,1.31.25 PM,Cappuccino,Coffee,"Espresso, Milk, Milk Foam",2,229,458,Cash,1,October,10,Wednesday,2,13
2361,1095,Karan,02-10-2024,10.53.38 AM,Cappuccino,Coffee,"Espresso, Milk, Milk Foam",4,243,972,UPI,3,October,10,Wednesday,2,10
2362,3527,Pooja,03-10-2024,9.57.04 PM,Cold Brew,Coffee,"Coffee Beans, Cold Water",1,321,321,UPI,3,October,10,Thursday,3,21
2363,5436,Simran,03-10-2024,10.18.09 PM,Latte,Coffee,"Espresso, Steamed Milk",4,156,624,Card,2,October,10,Thursday,3,22
2364,1071,Pooja,03-10-2024,7.09.17 PM,Latte,Coffee,"Espresso, Steamed Milk",3,349,1047,UPI,3,October,10,Thursday,3,19
2365,7603,Karan,03-10-2024,4.13.09 PM,Espresso,Coffee,"Espresso Beans, Water",2,336,672,Card,2,October,10,Thursday,3,16
2366,6819,Simran,03-10-2024,10.36.51 AM,Green Tea,Tea,"Green Tea Leaves, Water",3,335,1005,UPI,3,October,10,Thursday,3,10
2367,4965,Pooja,03-10-2024,1.03.53 PM,Croissant,Bakery,"Flour, Butter, Yeast",2,189,378,Card,2,October,10,Thursday,3,13
2368,1122,Karan,04-10-2024,1.06.57 PM,Masala Tea,Tea,"Tea Leaves, Milk, Spices, Sugar",3,159,477,Cash,1,October,10,Friday,4,13
2369,1571,Riya,04-10-2024,8.18.42 AM,Hot Chocolate,Beverage,"Cocoa Powder, Milk, Sugar",4,142,568,Card,3,October,10,Friday,4,8
2370,6523,Aarav,04-10-2024,10.45.54 PM,Mocha,Coffee,"Espresso, Chocolate Syrup, Milk",4,340,1360,UPI,2,October,10,Friday,4,22
2371,2878,Riya,04-10-2024,2.50.51 PM,Cold Brew,Coffee,"Coffee Beans, Cold Water",4,255,1020,Cash,2,October,10,Friday,4,14
2372,8844,Aarav,04-10-2024,12.45.13 PM,Espresso,Coffee,"Espresso Beans, Water",1,325,325,Card,3,October,10,Friday,4,12
2373,9856,Pooja,04-10-2024,1.14.06 PM,Espresso,Coffee,"Espresso Beans, Water",1,318,318,UPI,2,October,10,Friday,4,13
2374,4742,Riya,04-10-2024,1.33.22 PM,Cappuccino,Coffee,"Espresso, Milk, Milk Foam",2,278,556,Card,3,October,10,Friday,4,13
2375,3707,Rahul,04-10-2024,8.45.16 PM,Cold Brew,Coffee,"Coffee Beans, Cold Water",4,319,1276,Cash,3,October,10,Friday,4,20
2376,6734,Rahul,04-10-2024,11.33.52 AM,Mocha,Coffee,"Espresso, Chocolate Syrup, Milk",3,238,714,Card,1,October,10,Friday,4,11
2377,9524,Nikhil,04-10-2024,8.13.06 PM,Green Tea,Tea,"Green Tea Leaves, Water",3,332,996,Cash,1,October,10,Friday,4,20
2378,5682,Ananya,04-10-2024,10.07.59 PM,Hot Chocolate,Beverage,"Cocoa Powder, Milk, Sugar",1,254,254,Cash,2,October,10,Friday,4,22
2379,5873,Aarav,04-10-2024,1.16.26 PM,Americano,Coffee,"Espresso, Hot Water",1,285,285,Cash,2,October,10,Friday,4,13
2380,9685,Riya,05-10-2024,3.03.57 PM,Latte,Coffee,"Espresso, Steamed Milk",1,240,240,Cash,2,October,10,Saturday,5,15
2381,2000,Simran,05-10-2024,7.27.49 AM,Cold Brew,Coffee,"Coffee Beans, Cold Water",2,319,638,Cash,3,October,10,Saturday,5,7
2382,5261,Karan,05-10-2024,12.34.05 PM,Hot Chocolate,Beverage,"Cocoa Powder, Milk, Sugar",4,213,852,Card,3,October,10,Saturday,5,12
2383,3835,Nikhil,05-10-2024,9.37.12 PM,Hot Chocolate,Beverage,"Cocoa Powder, Milk, Sugar",3,191,573,Cash,2,October,10,Saturday,5,21
2384,1364,Pooja,05-10-2024,7.52.07 AM,Cold Brew,Coffee,"Coffee Beans, Cold Water",4,185,740,UPI,3,October,10,Saturday,5,7
2385,2872,Ananya,05-10-2024,5.33.06 PM,Cold Brew,Coffee,"Coffee Beans, Cold Water",3,287,861,UPI,3,October,10,Saturday,5,17
2386,5755,Karan,05-10-2024,8.53.30 AM,Americano,Coffee,"Espresso, Hot Water",1,285,285,Cash,1,October,10,Saturday,5,8
2387,2100,Ananya,05-10-2024,9.37.06 PM,Latte,Coffee,"Espresso, Steamed Milk",4,238,952,UPI,1,October,10,Saturday,5,21
2388,5755,Rahul,05-10-2024,1.55.17 PM,Mocha,Coffee,"Espresso, Chocolate Syrup, Milk",2,192,384,Card,2,October,10,Saturday,5,13
2389,1629,Pooja,05-10-2024,7.44.38 PM,Masala Tea,Tea,"Tea Leaves, Milk, Spices, Sugar",2,287,574,Card,2,October,10,Saturday,5,19
2390,5640,Aarav,06-10-2024,8.35.46 PM,Latte,Coffee,"Espresso, Steamed Milk",1,303,303,UPI,2,October,10,Sunday,6,20
2391,1172,Riya,06-10-2024,10.09.08 PM,Americano,Coffee,"Espresso, Hot Water",4,302,1208,Card,3,October,10,Sunday,6,22
2392,7132,Karan,06-10-2024,9.43.20 PM,Croissant,Bakery,"Flour, Butter, Yeast",4,144,576,UPI,3,October,10,Sunday,6,21
2393,7228,Riya,06-10-2024,6.51.26 PM,Cold Brew,Coffee,"Coffee Beans, Cold Water",1,230,230,Card,3,October,10,Sunday,6,18
2394,1098,Aarav,06-10-2024,3.07.29 PM,Masala Tea,Tea,"Tea Leaves, Milk, Spices, Sugar",3,183,549,Card,2,October,10,Sunday,6,15
2395,3188,Pooja,06-10-2024,3.43.02 PM,Americano,Coffee,"Espresso, Hot Water",4,223,892,Card,1,October,10,Sunday,6,15
2396,2030,Ananya,06-10-2024,12.04.39 PM,Green Tea,Tea,"Green Tea Leaves, Water",4,167,668,UPI,2,October,10,Sunday,6,12
2397,5880,Pooja,06-10-2024,9.17.21 PM,Masala Tea,Tea,"Tea Leaves, Milk, Spices, Sugar",3,124,372,Cash,2,October,10,Sunday,6,21
2398,7681,Rahul,06-10-2024,5.22.50 PM,Mocha,Coffee,"Espresso, Chocolate Syrup, Milk",3,245,735,Card,1,October,10,Sunday,6,17
2399,4988,Ananya,07-10-2024,4.39.06 PM,Latte,Coffee,"Espresso, Steamed Milk",2,272,544,UPI,3,October,10,Monday,7,16
2400,8813,Aarav,07-10-2024,4.08.15 PM,Croissant,Bakery,"Flour, Butter, Yeast",1,254,254,Cash,3,October,10,Monday,7,16
2401,6841,Simran,07-10-2024,7.38.54 PM,Green Tea,Tea,"Green Tea Leaves, Water",3,178,534,Cash,1,October,10,Monday,7,19
2402,5756,Pooja,07-10-2024,10.35.55 PM,Masala Tea,Tea,"Tea Leaves, Milk, Spices, Sugar",3,139,417,Cash,2,October,10,Monday,7,22
2403,4582,Rahul,07-10-2024,10.09.52 PM,Croissant,Bakery,"Flour, Butter, Yeast",4,165,660,Cash,2,October,10,Monday,7,22
2404,6182,Ananya,07-10-2024,3.43.46 PM,Masala Tea,Tea,"Tea Leaves, Milk, Spices, Sugar",2,280,560,Card,2,October,10,Monday,7,15
2405,9584,Aarav,08-10-2024,10.01.50 PM,Espresso,Coffee,"Espresso Beans, Water",2,296,592,UPI,3,October,10,Tuesday,8,22
2406,2476,Simran,08-10-2024,10.07.34 AM,Green Tea,Tea,"Green Tea Leaves, Water",3,291,873,Card,1,October,10,Tuesday,8,10
2407,1711,Riya,08-10-2024,6.49.49 PM,Croissant,Bakery,"Flour, Butter, Yeast",2,263,526,Cash,2,October,10,Tuesday,8,18
2408,5502,Nikhil,08-10-2024,3.40.59 PM,Cold Brew,Coffee,"Coffee Beans, Cold Water",2,187,374,UPI,3,October,10,Tuesday,8,15
2409,1927,Rahul,08-10-2024,11.16.05 AM,Green Tea,Tea,"Green Tea Leaves, Water",4,232,928,Cash,2,October,10,Tuesday,8,11
2410,9234,Simran,08-10-2024,7.34.42 PM,Espresso,Coffee,"Espresso Beans, Water",4,309,1236,Card,2,October,10,Tuesday,8,19
2411,4085,Riya,08-10-2024,1.37.24 PM,Masala Tea,Tea,"Tea Leaves, Milk, Spices, Sugar",3,168,504,UPI,1,October,10,Tuesday,8,13
2412,6324,Ananya,08-10-2024,10.02.54 AM,Hot Chocolate,Beverage,"Cocoa Powder, Milk, Sugar",4,198,792,UPI,3,October,10,Tuesday,8,10
2413,5221,Riya,08-10-2024,7.30.17 PM,Americano,Coffee,"Espresso, Hot Water",3,159,477,Cash,1,October,10,Tuesday,8,19
2414,7858,Aarav,09-10-2024,10.37.18 AM,Americano,Coffee,"Espresso, Hot Water",4,168,672,Card,1,October,10,Wednesday,9,10
2415,6423,Simran,09-10-2024,8.49.08 AM,Masala Tea,Tea,"Tea Leaves, Milk, Spices, Sugar",1,307,307,Card,3,October,10,Wednesday,9,8
2416,7263,Pooja,09-10-2024,8.48.05 AM,Americano,Coffee,"Espresso, Hot Water",1,304,304,Card,1,October,10,Wednesday,9,8
2417,4745,Aarav,09-10-2024,9.33.15 PM,Cold Brew,Coffee,"Coffee Beans, Cold Water",3,214,642,Cash,1,October,10,Wednesday,9,21
2418,4877,Aarav,09-10-2024,4.41.07 PM,Cappuccino,Coffee,"Espresso, Milk, Milk Foam",3,239,717,Card,1,October,10,Wednesday,9,16
2419,6883,Nikhil,09-10-2024,9.43.39 AM,Hot Chocolate,Beverage,"Cocoa Powder, Milk, Sugar",3,171,513,Cash,2,October,10,Wednesday,9,9
2420,4574,Rahul,09-10-2024,7.02.27 AM,Green Tea,Tea,"Green Tea Leaves, Water",1,304,304,Cash,3,October,10,Wednesday,9,7
2421,8201,Simran,09-10-2024,10.24.24 AM,Hot Chocolate,Beverage,"Cocoa Powder, Milk, Sugar",3,125,375,UPI,3,October,10,Wednesday,9,10
2422,8205,Simran,09-10-2024,1.15.48 PM,Latte,Coffee,"Espresso, Steamed Milk",4,285,1140,Cash,3,October,10,Wednesday,9,13
2423,5357,Rahul,10-10-2024,5.31.09 PM,Mocha,Coffee,"Espresso, Chocolate Syrup, Milk",3,189,567,Cash,2,October,10,Thursday,10,17
2424,5375,Rahul,10-10-2024,8.24.48 PM,Masala Tea,Tea,"Tea Leaves, Milk, Spices, Sugar",3,202,606,Card,2,October,10,Thursday,10,20
2425,1815,Rahul,10-10-2024,9.36.37 AM,Masala Tea,Tea,"Tea Leaves, Milk, Spices, Sugar",4,184,736,Card,3,October,10,Thursday,10,9
2426,7330,Rahul,10-10-2024,9.23.34 AM,Espresso,Coffee,"Espresso Beans, Water",4,291,1164,Cash,3,October,10,Thursday,10,9
2427,7284,Pooja,10-10-2024,9.54.52 AM,Hot Chocolate,Beverage,"Cocoa Powder, Milk, Sugar",2,126,252,UPI,3,October,10,Thursday,10,9
2428,5560,Riya,10-10-2024,10.58.56 AM,Green Tea,Tea,"Green Tea Leaves, Water",2,159,318,Card,2,October,10,Thursday,10,10
2429,6758,Aarav,10-10-2024,4.28.27 PM,Espresso,Coffee,"Espresso Beans, Water",1,198,198,UPI,2,October,10,Thursday,10,16
2430,6543,Ananya,10-10-2024,8.36.19 AM,Masala Tea,Tea,"Tea Leaves, Milk, Spices, Sugar",4,133,532,Card,1,October,10,Thursday,10,8
2431,4400,Ananya,10-10-2024,10.18.10 AM,Masala Tea,Tea,"Tea Leaves, Milk, Spices, Sugar",4,249,996,UPI,2,October,10,Thursday,10,10
2432,9731,Aarav,10-10-2024,1.00.21 PM,Americano,Coffee,"Espresso, Hot Water",3,209,627,Cash,1,October,10,Thursday,10,13
2433,9976,Riya,10-10-2024,11.24.20 AM,Masala Tea,Tea,"Tea Leaves, Milk, Spices, Sugar",3,294,882,Cash,2,October,10,Thursday,10,11
2434,7126,Pooja,10-10-2024,9.33.07 AM,Cold Brew,Coffee,"Coffee Beans, Cold Water",4,156,624,UPI,2,October,10,Thursday,10,9
2435,8632,Aarav,11-10-2024,2.05.57 PM,Cappuccino,Coffee,"Espresso, Milk, Milk Foam",1,234,234,Card,3,October,10,Friday,11,14
2436,4989,Rahul,11-10-2024,5.29.53 PM,Cappuccino,Coffee,"Espresso, Milk, Milk Foam",4,240,960,UPI,3,October,10,Friday,11,17
2437,9313,Pooja,11-10-2024,9.20.55 AM,Green Tea,Tea,"Green Tea Leaves, Water",2,200,400,Cash,3,October,10,Friday,11,9
2438,3897,Nikhil,11-10-2024,5.53.55 PM,Mocha,Coffee,"Espresso, Chocolate Syrup, Milk",4,175,700,Card,1,October,10,Friday,11,17
2439,1747,Aarav,11-10-2024,9.41.32 PM,Espresso,Coffee,"Espresso Beans, Water",4,190,760,Card,2,October,10,Friday,11,21
2440,2321,Rahul,11-10-2024,9.15.26 AM,Cold Brew,Coffee,"Coffee Beans, Cold Water",3,222,666,UPI,1,October,10,Friday,11,9
2441,8202,Pooja,11-10-2024,7.24.39 AM,Cappuccino,Coffee,"Espresso, Milk, Milk Foam",2,270,540,Card,1,October,10,Friday,11,7
2442,3631,Simran,11-10-2024,3.03.26 PM,Croissant,Bakery,"Flour, Butter, Yeast",1,287,287,Cash,3,October,10,Friday,11,15
2443,8210,Karan,11-10-2024,4.59.55 PM,Masala Tea,Tea,"Tea Leaves, Milk, Spices, Sugar",3,330,990,Cash,3,October,10,Friday,11,16
2444,4975,Riya,11-10-2024,1.52.00 PM,Green Tea,Tea,"Green Tea Leaves, Water",1,138,138,UPI,3,October,10,Friday,11,13
2445,4680,Pooja,11-10-2024,8.14.27 PM,Americano,Coffee,"Espresso, Hot Water",1,151,151,Cash,3,October,10,Friday,11,20
2446,3416,Ananya,11-10-2024,12.41.05 PM,Masala Tea,Tea,"Tea Leaves, Milk, Spices, Sugar",3,235,705,UPI,1,October,10,Friday,11,12
2447,5717,Pooja,12-10-2024,7.11.14 PM,Green Tea,Tea,"Green Tea Leaves, Water",4,216,864,Cash,2,October,10,Saturday,12,19
2448,7662,Simran,12-10-2024,10.27.12 AM,Masala Tea,Tea,"Tea Leaves, Milk, Spices, Sugar",3,136,408,UPI,2,October,10,Saturday,12,10
2449,5428,Karan,12-10-2024,6.33.56 PM,Americano,Coffee,"Espresso, Hot Water",2,260,520,UPI,3,October,10,Saturday,12,18
2450,7684,Pooja,12-10-2024,9.09.26 AM,Espresso,Coffee,"Espresso Beans, Water",2,294,588,UPI,3,October,10,Saturday,12,9
2451,8992,Aarav,12-10-2024,3.14.29 PM,Mocha,Coffee,"Espresso, Chocolate Syrup, Milk",4,249,996,Card,2,October,10,Saturday,12,15
2452,7604,Rahul,12-10-2024,12.06.22 PM,Masala Tea,Tea,"Tea Leaves, Milk, Spices, Sugar",4,165,660,Cash,3,October,10,Saturday,12,12
2453,7805,Nikhil,12-10-2024,7.43.54 PM,Espresso,Coffee,"Espresso Beans, Water",3,258,774,Card,3,October,10,Saturday,12,19
2454,4045,Aarav,12-10-2024,6.07.02 PM,Masala Tea,Tea,"Tea Leaves, Milk, Spices, Sugar",2,244,488,Card,3,October,10,Saturday,12,18
2455,8534,Riya,12-10-2024,3.43.04 PM,Hot Chocolate,Beverage,"Cocoa Powder, Milk, Sugar",2,278,556,UPI,1,October,10,Saturday,12,15
2456,6636,Riya,12-10-2024,11.38.56 AM,Masala Tea,Tea,"Tea Leaves, Milk, Spices, Sugar",3,196,588,Cash,3,October,10,Saturday,12,11
2457,6314,Karan,12-10-2024,7.05.36 AM,Mocha,Coffee,"Espresso, Chocolate Syrup, Milk",4,319,1276,Cash,1,October,10,Saturday,12,7
2458,3772,Aarav,13-10-2024,10.15.30 AM,Cappuccino,Coffee,"Espresso, Milk, Milk Foam",3,198,594,UPI,3,October,10,Sunday,13,10
2459,9020,Simran,13-10-2024,2.17.40 PM,Croissant,Bakery,"Flour, Butter, Yeast",1,224,224,UPI,1,October,10,Sunday,13,14
2460,2489,Karan,13-10-2024,6.41.35 PM,Cappuccino,Coffee,"Espresso, Milk, Milk Foam",4,279,1116,Card,2,October,10,Sunday,13,18
2461,3007,Ananya,13-10-2024,9.34.09 PM,Masala Tea,Tea,"Tea Leaves, Milk, Spices, Sugar",4,167,668,Card,3,October,10,Sunday,13,21
2462,6979,Aarav,13-10-2024,3.07.28 PM,Cold Brew,Coffee,"Coffee Beans, Cold Water",3,206,618,UPI,1,October,10,Sunday,13,15
2463,2521,Simran,13-10-2024,11.16.06 AM,Latte,Coffee,"Espresso, Steamed Milk",3,311,933,Card,2,October,10,Sunday,13,11
2464,6347,Simran,13-10-2024,1.25.03 PM,Americano,Coffee,"Espresso, Hot Water",3,192,576,Cash,1,October,10,Sunday,13,13
2465,3941,Karan,13-10-2024,1.24.42 PM,Mocha,Coffee,"Espresso, Chocolate Syrup, Milk",2,290,580,UPI,3,October,10,Sunday,13,13
2466,7201,Rahul,13-10-2024,8.05.40 AM,Americano,Coffee,"Espresso, Hot Water",4,263,1052,UPI,1,October,10,Sunday,13,8
2467,5660,Simran,14-10-2024,8.33.08 AM,Americano,Coffee,"Espresso, Hot Water",1,292,292,UPI,3,October,10,Monday,14,8
2468,5864,Karan,14-10-2024,4.15.29 PM,Cappuccino,Coffee,"Espresso, Milk, Milk Foam",1,350,350,UPI,3,October,10,Monday,14,16
2469,7885,Pooja,14-10-2024,3.40.49 PM,Green Tea,Tea,"Green Tea Leaves, Water",3,346,1038,UPI,3,October,10,Monday,14,15
2470,1702,Simran,14-10-2024,3.04.35 PM,Hot Chocolate,Beverage,"Cocoa Powder, Milk, Sugar",1,282,282,Card,3,October,10,Monday,14,15
2471,4258,Riya,14-10-2024,10.19.18 AM,Espresso,Coffee,"Espresso Beans, Water",3,129,387,Card,1,October,10,Monday,14,10
2472,2100,Ananya,14-10-2024,8.11.23 PM,Masala Tea,Tea,"Tea Leaves, Milk, Spices, Sugar",3,223,669,Cash,1,October,10,Monday,14,20
2473,8078,Ananya,14-10-2024,9.03.21 AM,Cappuccino,Coffee,"Espresso, Milk, Milk Foam",1,314,314,UPI,2,October,10,Monday,14,9
2474,1817,Ananya,14-10-2024,11.33.16 AM,Mocha,Coffee,"Espresso, Chocolate Syrup, Milk",2,153,306,UPI,1,October,10,Monday,14,11
2475,2232,Simran,14-10-2024,5.30.52 PM,Masala Tea,Tea,"Tea Leaves, Milk, Spices, Sugar",2,242,484,Card,2,October,10,Monday,14,17
2476,4897,Riya,14-10-2024,12.04.57 PM,Hot Chocolate,Beverage,"Cocoa Powder, Milk, Sugar",2,247,494,Cash,2,October,10,Monday,14,12
2477,1436,Riya,15-10-2024,7.38.37 PM,Masala Tea,Tea,"Tea Leaves, Milk, Spices, Sugar",1,310,310,UPI,3,October,10,Tuesday,15,19
2478,1741,Ananya,15-10-2024,6.07.28 PM,Cold Brew,Coffee,"Coffee Beans, Cold Water",4,221,884,Cash,1,October,10,Tuesday,15,18
2479,6012,Karan,15-10-2024,9.08.05 AM,Cappuccino,Coffee,"Espresso, Milk, Milk Foam",2,340,680,Card,2,October,10,Tuesday,15,9
2480,7264,Pooja,15-10-2024,9.36.19 AM,Masala Tea,Tea,"Tea Leaves, Milk, Spices, Sugar",1,231,231,Card,3,October,10,Tuesday,15,9
2481,4324,Rahul,15-10-2024,5.51.47 PM,Mocha,Coffee,"Espresso, Chocolate Syrup, Milk",3,283,849,UPI,3,October,10,Tuesday,15,17
2482,5936,Pooja,15-10-2024,8.17.09 AM,Americano,Coffee,"Espresso, Hot Water",3,324,972,Cash,1,October,10,Tuesday,15,8
2483,5663,Rahul,15-10-2024,12.10.00 PM,Latte,Coffee,"Espresso, Steamed Milk",2,266,532,Cash,1,October,10,Tuesday,15,12
2484,4143,Karan,15-10-2024,9.08.18 AM,Espresso,Coffee,"Espresso Beans, Water",2,176,352,Card,2,October,10,Tuesday,15,9
2485,7129,Nikhil,15-10-2024,6.21.54 PM,Cappuccino,Coffee,"Espresso, Milk, Milk Foam",4,312,1248,Cash,1,October,10,Tuesday,15,18
2486,3624,Simran,15-10-2024,1.35.29 PM,Latte,Coffee,"Espresso, Steamed Milk",4,191,764,UPI,2,October,10,Tuesday,15,13
2487,3317,Nikhil,15-10-2024,9.54.12 AM,Cappuccino,Coffee,"Espresso, Milk, Milk Foam",1,329,329,UPI,2,October,10,Tuesday,15,9
2488,7542,Ananya,16-10-2024,10.52.26 AM,Croissant,Bakery,"Flour, Butter, Yeast",3,134,402,Cash,2,October,10,Wednesday,16,10
2489,7711,Karan,16-10-2024,3.58.13 PM,Cappuccino,Coffee,"Espresso, Milk, Milk Foam",1,208,208,Cash,3,October,10,Wednesday,16,15
2490,4669,Riya,16-10-2024,6.54.08 PM,Latte,Coffee,"Espresso, Steamed Milk",2,220,440,UPI,2,October,10,Wednesday,16,18
2491,3095,Rahul,16-10-2024,12.21.43 PM,Americano,Coffee,"Espresso, Hot Water",3,245,735,Card,1,October,10,Wednesday,16,12
2492,5663,Simran,16-10-2024,4.37.30 PM,Espresso,Coffee,"Espresso Beans, Water",4,170,680,UPI,1,October,10,Wednesday,16,16
2493,8480,Pooja,16-10-2024,12.26.12 PM,Espresso,Coffee,"Espresso Beans, Water",3,311,933,Cash,1,October,10,Wednesday,16,12
2494,8963,Karan,16-10-2024,6.51.13 PM,Cold Brew,Coffee,"Coffee Beans, Cold Water",4,282,1128,Card,1,October,10,Wednesday,16,18
2495,9884,Aarav,16-10-2024,5.39.47 PM,Mocha,Coffee,"Espresso, Chocolate Syrup, Milk",4,137,548,UPI,3,October,10,Wednesday,16,17
2496,8216,Riya,16-10-2024,8.24.56 AM,Mocha,Coffee,"Espresso, Chocolate Syrup, Milk",1,124,124,Card,3,October,10,Wednesday,16,8
2497,4620,Simran,16-10-2024,12.11.34 PM,Cold Brew,Coffee,"Coffee Beans, Cold Water",2,172,344,UPI,2,October,10,Wednesday,16,12
2498,4446,Ananya,16-10-2024,7.12.46 PM,Americano,Coffee,"Espresso, Hot Water",4,306,1224,Card,3,October,10,Wednesday,16,19
2499,1038,Pooja,17-10-2024,10.19.42 PM,Croissant,Bakery,"Flour, Butter, Yeast",1,156,156,Card,1,October,10,Thursday,17,22
2500,8334,Karan,17-10-2024,9.18.58 AM,Latte,Coffee,"Espresso, Steamed Milk",4,230,920,Card,3,October,10,Thursday,17,9
2501,3252,Karan,17-10-2024,9.08.59 PM,Espresso,Coffee,"Espresso Beans, Water",4,289,1156,UPI,1,October,10,Thursday,17,21
2502,2585,Simran,17-10-2024,12.12.27 PM,Croissant,Bakery,"Flour, Butter, Yeast",2,231,462,Card,3,October,10,Thursday,17,12
2503,7124,Riya,17-10-2024,6.56.35 PM,Hot Chocolate,Beverage,"Cocoa Powder, Milk, Sugar",4,195,780,UPI,3,October,10,Thursday,17,18
2504,6522,Karan,18-10-2024,3.19.10 PM,Green Tea,Tea,"Green Tea Leaves, Water",4,181,724,UPI,1,October,10,Friday,18,15
2505,1830,Pooja,18-10-2024,8.50.26 AM,Espresso,Coffee,"Espresso Beans, Water",4,185,740,UPI,3,October,10,Friday,18,8
2506,4415,Pooja,18-10-2024,10.35.59 AM,Green Tea,Tea,"Green Tea Leaves, Water",1,202,202,Card,1,October,10,Friday,18,10
2507,7872,Karan,18-10-2024,9.28.54 PM,Cold Brew,Coffee,"Coffee Beans, Cold Water",1,128,128,UPI,2,October,10,Friday,18,21
2508,3766,Karan,18-10-2024,1.49.33 PM,Green Tea,Tea,"Green Tea Leaves, Water",2,140,280,Cash,1,October,10,Friday,18,13
2509,9080,Aarav,18-10-2024,9.06.50 PM,Cappuccino,Coffee,"Espresso, Milk, Milk Foam",2,303,606,UPI,1,October,10,Friday,18,21
2510,7305,Pooja,18-10-2024,9.47.21 PM,Americano,Coffee,"Espresso, Hot Water",1,247,247,Cash,1,October,10,Friday,18,21
2511,3273,Ananya,18-10-2024,9.14.02 PM,Mocha,Coffee,"Espresso, Chocolate Syrup, Milk",2,154,308,UPI,2,October,10,Friday,18,21
2512,4446,Rahul,18-10-2024,10.09.01 AM,Green Tea,Tea,"Green Tea Leaves, Water",2,226,452,Card,2,October,10,Friday,18,10
2513,2996,Simran,18-10-2024,6.49.07 PM,Cold Brew,Coffee,"Coffee Beans, Cold Water",4,240,960,Cash,3,October,10,Friday,18,18
2514,2810,Karan,18-10-2024,7.39.02 PM,Masala Tea,Tea,"Tea Leaves, Milk, Spices, Sugar",2,294,588,UPI,1,October,10,Friday,18,19
2515,6486,Nikhil,18-10-2024,4.34.23 PM,Croissant,Bakery,"Flour, Butter, Yeast",2,329,658,Cash,2,October,10,Friday,18,16
2516,2409,Riya,19-10-2024,10.55.08 AM,Hot Chocolate,Beverage,"Cocoa Powder, Milk, Sugar",4,311,1244,Cash,3,October,10,Saturday,19,10
2517,1155,Ananya,19-10-2024,8.27.52 PM,Americano,Coffee,"Espresso, Hot Water",3,280,840,Cash,2,October,10,Saturday,19,20
2518,2852,Simran,19-10-2024,12.35.01 PM,Croissant,Bakery,"Flour, Butter, Yeast",4,160,640,UPI,3,October,10,Saturday,19,12
2519,5520,Nikhil,19-10-2024,10.04.22 PM,Cold Brew,Coffee,"Coffee Beans, Cold Water",2,199,398,UPI,1,October,10,Saturday,19,22
2520,4476,Aarav,19-10-2024,10.46.59 AM,Cold Brew,Coffee,"Coffee Beans, Cold Water",1,293,293,Card,1,October,10,Saturday,19,10
2521,2205,Nikhil,19-10-2024,10.48.34 AM,Cappuccino,Coffee,"Espresso, Milk, Milk Foam",4,213,852,Cash,3,October,10,Saturday,19,10
2522,7859,Pooja,19-10-2024,11.30.28 AM,Latte,Coffee,"Espresso, Steamed Milk",2,258,516,UPI,1,October,10,Saturday,19,11
2523,2314,Karan,20-10-2024,3.39.18 PM,Americano,Coffee,"Espresso, Hot Water",1,276,276,UPI,2,October,10,Sunday,20,15
2524,9328,Simran,20-10-2024,10.13.31 AM,Green Tea,Tea,"Green Tea Leaves, Water",2,229,458,UPI,1,October,10,Sunday,20,10
2525,5000,Nikhil,20-10-2024,7.22.03 AM,Mocha,Coffee,"Espresso, Chocolate Syrup, Milk",3,196,588,Cash,1,October,10,Sunday,20,7
2526,9566,Pooja,20-10-2024,8.13.14 AM,Mocha,Coffee,"Espresso, Chocolate Syrup, Milk",3,224,672,Card,1,October,10,Sunday,20,8
2527,8568,Nikhil,20-10-2024,1.02.45 PM,Cold Brew,Coffee,"Coffee Beans, Cold Water",1,159,159,Cash,1,October,10,Sunday,20,13
2528,2038,Nikhil,21-10-2024,11.47.01 AM,Green Tea,Tea,"Green Tea Leaves, Water",4,271,1084,Card,2,October,10,Monday,21,11
2529,7948,Karan,21-10-2024,8.41.49 AM,Masala Tea,Tea,"Tea Leaves, Milk, Spices, Sugar",4,280,1120,Cash,2,October,10,Monday,21,8
2530,6818,Nikhil,21-10-2024,7.39.06 AM,Croissant,Bakery,"Flour, Butter, Yeast",1,323,323,Card,3,October,10,Monday,21,7
2531,9310,Pooja,21-10-2024,8.09.03 AM,Espresso,Coffee,"Espresso Beans, Water",3,208,624,Cash,2,October,10,Monday,21,8
2532,4602,Karan,21-10-2024,10.23.58 PM,Masala Tea,Tea,"Tea Leaves, Milk, Spices, Sugar",2,184,368,Card,2,October,10,Monday,21,22
2533,2467,Aarav,21-10-2024,3.36.11 PM,Espresso,Coffee,"Espresso Beans, Water",2,253,506,Card,2,October,10,Monday,21,15
2534,5200,Rahul,21-10-2024,1.51.15 PM,Cold Brew,Coffee,"Coffee Beans, Cold Water",1,158,158,Cash,2,October,10,Monday,21,13
2535,2306,Ananya,21-10-2024,7.27.30 AM,Cappuccino,Coffee,"Espresso, Milk, Milk Foam",4,174,696,Card,2,October,10,Monday,21,7
2536,7872,Karan,21-10-2024,8.24.00 AM,Latte,Coffee,"Espresso, Steamed Milk",2,328,656,Card,1,October,10,Monday,21,8
2537,3988,Simran,21-10-2024,8.18.46 AM,Masala Tea,Tea,"Tea Leaves, Milk, Spices, Sugar",1,197,197,UPI,3,October,10,Monday,21,8
2538,4557,Pooja,21-10-2024,12.15.11 PM,Americano,Coffee,"Espresso, Hot Water",1,333,333,UPI,2,October,10,Monday,21,12
2539,1369,Karan,21-10-2024,2.51.56 PM,Cold Brew,Coffee,"Coffee Beans, Cold Water",4,221,884,UPI,1,October,10,Monday,21,14
2540,7267,Ananya,22-10-2024,7.19.52 AM,Croissant,Bakery,"Flour, Butter, Yeast",4,218,872,UPI,1,October,10,Tuesday,22,7
2541,9593,Rahul,22-10-2024,10.57.27 PM,Green Tea,Tea,"Green Tea Leaves, Water",1,140,140,Card,3,October,10,Tuesday,22,22
2542,5754,Nikhil,22-10-2024,5.10.17 PM,Cold Brew,Coffee,"Coffee Beans, Cold Water",3,141,423,Card,2,October,10,Tuesday,22,17
2543,6559,Karan,22-10-2024,2.27.15 PM,Green Tea,Tea,"Green Tea Leaves, Water",1,231,231,Cash,1,October,10,Tuesday,22,14
2544,2399,Ananya,22-10-2024,8.19.13 AM,Americano,Coffee,"Espresso, Hot Water",3,218,654,Cash,1,October,10,Tuesday,22,8
2545,1257,Nikhil,22-10-2024,9.44.47 AM,Americano,Coffee,"Espresso, Hot Water",3,151,453,Card,2,October,10,Tuesday,22,9
2546,5641,Simran,22-10-2024,10.46.13 PM,Latte,Coffee,"Espresso, Steamed Milk",2,161,322,Cash,2,October,10,Tuesday,22,22
2547,6472,Simran,23-10-2024,9.04.56 PM,Masala Tea,Tea,"Tea Leaves, Milk, Spices, Sugar",3,140,420,Card,1,October,10,Wednesday,23,21
2548,6354,Pooja,23-10-2024,8.16.19 AM,Croissant,Bakery,"Flour, Butter, Yeast",3,143,429,Cash,2,October,10,Wednesday,23,8
2549,7501,Ananya,23-10-2024,7.31.11 PM,Masala Tea,Tea,"Tea Leaves, Milk, Spices, Sugar",1,212,212,UPI,2,October,10,Wednesday,23,19
2550,5741,Aarav,23-10-2024,4.04.02 PM,Cold Brew,Coffee,"Coffee Beans, Cold Water",3,226,678,Cash,2,October,10,Wednesday,23,16
2551,7059,Aarav,23-10-2024,3.44.45 PM,Croissant,Bakery,"Flour, Butter, Yeast",4,295,1180,UPI,1,October,10,Wednesday,23,15
2552,5805,Ananya,23-10-2024,11.10.55 AM,Masala Tea,Tea,"Tea Leaves, Milk, Spices, Sugar",4,250,1000,Card,2,October,10,Wednesday,23,11
2553,7212,Simran,23-10-2024,5.06.54 PM,Cold Brew,Coffee,"Coffee Beans, Cold Water",1,240,240,Card,2,October,10,Wednesday,23,17
2554,7117,Riya,23-10-2024,7.37.03 PM,Cappuccino,Coffee,"Espresso, Milk, Milk Foam",2,217,434,Card,2,October,10,Wednesday,23,19
2555,4853,Simran,23-10-2024,3.14.04 PM,Americano,Coffee,"Espresso, Hot Water",2,335,670,UPI,2,October,10,Wednesday,23,15
2556,1656,Nikhil,23-10-2024,11.54.05 AM,Americano,Coffee,"Espresso, Hot Water",4,214,856,Card,3,October,10,Wednesday,23,11
2557,4201,Pooja,23-10-2024,3.20.02 PM,Croissant,Bakery,"Flour, Butter, Yeast",1,319,319,UPI,3,October,10,Wednesday,23,15
2558,1873,Rahul,23-10-2024,8.52.53 PM,Cappuccino,Coffee,"Espresso, Milk, Milk Foam",2,278,556,Card,2,October,10,Wednesday,23,20
2559,3683,Rahul,24-10-2024,8.20.02 PM,Cappuccino,Coffee,"Espresso, Milk, Milk Foam",4,132,528,Card,1,October,10,Thursday,24,20
2560,8509,Rahul,24-10-2024,12.16.19 PM,Croissant,Bakery,"Flour, Butter, Yeast",1,143,143,Card,2,October,10,Thursday,24,12
2561,9550,Nikhil,24-10-2024,8.02.27 PM,Mocha,Coffee,"Espresso, Chocolate Syrup, Milk",2,228,456,Cash,1,October,10,Thursday,24,20
2562,9930,Rahul,24-10-2024,5.04.28 PM,Green Tea,Tea,"Green Tea Leaves, Water",2,157,314,Card,2,October,10,Thursday,24,17
2563,7405,Ananya,24-10-2024,4.05.15 PM,Cold Brew,Coffee,"Coffee Beans, Cold Water",2,204,408,Card,2,October,10,Thursday,24,16
2564,2138,Simran,24-10-2024,8.50.17 PM,Latte,Coffee,"Espresso, Steamed Milk",3,166,498,Card,1,October,10,Thursday,24,20
2565,6740,Riya,24-10-2024,8.08.59 PM,Hot Chocolate,Beverage,"Cocoa Powder, Milk, Sugar",4,350,1400,Cash,1,October,10,Thursday,24,20
2566,8575,Riya,24-10-2024,7.12.53 PM,Green Tea,Tea,"Green Tea Leaves, Water",1,140,140,UPI,1,October,10,Thursday,24,19
2567,4458,Simran,24-10-2024,8.37.06 AM,Cold Brew,Coffee,"Coffee Beans, Cold Water",2,133,266,UPI,1,October,10,Thursday,24,8
2568,6890,Ananya,24-10-2024,10.42.30 AM,Americano,Coffee,"Espresso, Hot Water",3,271,813,Cash,3,October,10,Thursday,24,10
2569,8845,Simran,25-10-2024,4.29.59 PM,Americano,Coffee,"Espresso, Hot Water",1,238,238,Card,2,October,10,Friday,25,16
2570,9808,Simran,25-10-2024,2.02.39 PM,Latte,Coffee,"Espresso, Steamed Milk",4,141,564,Card,3,October,10,Friday,25,14
2571,1606,Simran,25-10-2024,8.11.58 AM,Cold Brew,Coffee,"Coffee Beans, Cold Water",4,251,1004,Card,3,October,10,Friday,25,8
2572,7212,Nikhil,25-10-2024,9.16.52 AM,Americano,Coffee,"Espresso, Hot Water",3,233,699,Cash,1,October,10,Friday,25,9
2573,7921,Ananya,25-10-2024,5.51.03 PM,Mocha,Coffee,"Espresso, Chocolate Syrup, Milk",1,187,187,Cash,2,October,10,Friday,25,17
2574,9928,Riya,25-10-2024,12.37.19 PM,Croissant,Bakery,"Flour, Butter, Yeast",1,241,241,UPI,1,October,10,Friday,25,12
2575,3892,Ananya,25-10-2024,1.34.40 PM,Green Tea,Tea,"Green Tea Leaves, Water",2,339,678,Cash,3,October,10,Friday,25,13
2576,4155,Karan,25-10-2024,8.40.37 AM,Hot Chocolate,Beverage,"Cocoa Powder, Milk, Sugar",1,292,292,Card,1,October,10,Friday,25,8
2577,5708,Karan,25-10-2024,12.56.23 PM,Espresso,Coffee,"Espresso Beans, Water",4,247,988,UPI,2,October,10,Friday,25,12
2578,2245,Ananya,25-10-2024,7.08.37 PM,Latte,Coffee,"Espresso, Steamed Milk",1,242,242,UPI,1,October,10,Friday,25,19
2579,2423,Simran,26-10-2024,5.31.16 PM,Latte,Coffee,"Espresso, Steamed Milk",3,306,918,Cash,3,October,10,Saturday,26,17
2580,4673,Ananya,26-10-2024,6.57.57 PM,Hot Chocolate,Beverage,"Cocoa Powder, Milk, Sugar",4,270,1080,Cash,1,October,10,Saturday,26,18
2581,2092,Karan,26-10-2024,8.08.23 PM,Cold Brew,Coffee,"Coffee Beans, Cold Water",3,324,972,UPI,1,October,10,Saturday,26,20
2582,3217,Ananya,26-10-2024,7.42.21 PM,Espresso,Coffee,"Espresso Beans, Water",4,153,612,UPI,1,October,10,Saturday,26,19
2583,2682,Riya,26-10-2024,2.00.08 PM,Espresso,Coffee,"Espresso Beans, Water",3,156,468,UPI,1,October,10,Saturday,26,14
2584,5485,Riya,26-10-2024,5.06.57 PM,Croissant,Bakery,"Flour, Butter, Yeast",2,165,330,Card,2,October,10,Saturday,26,17
2585,3696,Rahul,26-10-2024,4.06.39 PM,Cold Brew,Coffee,"Coffee Beans, Cold Water",2,229,458,Cash,2,October,10,Saturday,26,16
2586,4000,Nikhil,27-10-2024,5.14.36 PM,Cold Brew,Coffee,"Coffee Beans, Cold Water",4,308,1232,Cash,3,October,10,Sunday,27,17
2587,4357,Riya,27-10-2024,4.04.55 PM,Hot Chocolate,Beverage,"Cocoa Powder, Milk, Sugar",1,198,198,Card,1,October,10,Sunday,27,16
2588,7859,Nikhil,27-10-2024,7.14.50 AM,Americano,Coffee,"Espresso, Hot Water",1,275,275,UPI,2,October,10,Sunday,27,7
2589,5313,Ananya,27-10-2024,4.11.07 PM,Hot Chocolate,Beverage,"Cocoa Powder, Milk, Sugar",2,274,548,UPI,2,October,10,Sunday,27,16
2590,5797,Simran,27-10-2024,12.39.12 PM,Masala Tea,Tea,"Tea Leaves, Milk, Spices, Sugar",3,129,387,Card,1,October,10,Sunday,27,12
2591,7102,Rahul,28-10-2024,12.46.30 PM,Espresso,Coffee,"Espresso Beans, Water",2,173,346,Cash,3,October,10,Monday,28,12
2592,1275,Pooja,28-10-2024,4.02.26 PM,Mocha,Coffee,"Espresso, Chocolate Syrup, Milk",4,252,1008,Card,1,October,10,Monday,28,16
2593,6531,Simran,28-10-2024,10.40.12 PM,Americano,Coffee,"Espresso, Hot Water",2,166,332,UPI,1,October,10,Monday,28,22
2594,9923,Karan,28-10-2024,7.35.35 PM,Mocha,Coffee,"Espresso, Chocolate Syrup, Milk",3,127,381,Card,3,October,10,Monday,28,19
2595,1250,Riya,28-10-2024,10.38.22 PM,Masala Tea,Tea,"Tea Leaves, Milk, Spices, Sugar",2,322,644,Cash,1,October,10,Monday,28,22
2596,9198,Ananya,28-10-2024,10.19.34 AM,Mocha,Coffee,"Espresso, Chocolate Syrup, Milk",1,132,132,UPI,2,October,10,Monday,28,10
2597,7148,Rahul,28-10-2024,1.48.13 PM,Americano,Coffee,"Espresso, Hot Water",2,166,332,Cash,3,October,10,Monday,28,13
2598,9658,Ananya,28-10-2024,7.29.21 PM,Cappuccino,Coffee,"Espresso, Milk, Milk Foam",2,311,622,UPI,1,October,10,Monday,28,19
2599,6348,Ananya,28-10-2024,5.17.35 PM,Espresso,Coffee,"Espresso Beans, Water",4,304,1216,Card,3,October,10,Monday,28,17
2600,1639,Nikhil,28-10-2024,9.08.13 AM,Mocha,Coffee,"Espresso, Chocolate Syrup, Milk",4,258,1032,Card,2,October,10,Monday,28,9
2601,5844,Nikhil,29-10-2024,5.25.24 PM,Espresso,Coffee,"Espresso Beans, Water",2,156,312,Card,3,October,10,Tuesday,29,17
2602,2234,Aarav,29-10-2024,9.44.52 PM,Espresso,Coffee,"Espresso Beans, Water",3,131,393,UPI,1,October,10,Tuesday,29,21
2603,7419,Nikhil,29-10-2024,5.49.21 PM,Cappuccino,Coffee,"Espresso, Milk, Milk Foam",1,216,216,UPI,3,October,10,Tuesday,29,17
2604,6831,Riya,29-10-2024,12.17.21 PM,Cappuccino,Coffee,"Espresso, Milk, Milk Foam",1,296,296,Cash,3,October,10,Tuesday,29,12
2605,5003,Riya,29-10-2024,6.40.43 PM,Hot Chocolate,Beverage,"Cocoa Powder, Milk, Sugar",2,292,584,Card,2,October,10,Tuesday,29,18
2606,1642,Aarav,30-10-2024,1.26.04 PM,Americano,Coffee,"Espresso, Hot Water",3,306,918,Cash,3,October,10,Wednesday,30,13
2607,6236,Simran,30-10-2024,10.25.58 PM,Americano,Coffee,"Espresso, Hot Water",2,228,456,Card,1,October,10,Wednesday,30,22
2608,3018,Karan,30-10-2024,7.38.09 PM,Croissant,Bakery,"Flour, Butter, Yeast",4,275,1100,UPI,2,October,10,Wednesday,30,19
2609,3619,Aarav,30-10-2024,10.00.10 PM,Mocha,Coffee,"Espresso, Chocolate Syrup, Milk",1,165,165,Cash,2,October,10,Wednesday,30,22
2610,5027,Ananya,30-10-2024,8.18.09 AM,Mocha,Coffee,"Espresso, Chocolate Syrup, Milk",2,339,678,Cash,3,October,10,Wednesday,30,8
2611,6891,Ananya,31-10-2024,6.59.10 PM,Latte,Coffee,"Espresso, Steamed Milk",2,248,496,Cash,2,October,10,Thursday,31,18
2612,9614,Rahul,31-10-2024,3.26.03 PM,Espresso,Coffee,"Espresso Beans, Water",1,302,302,Cash,2,October,10,Thursday,31,15
2613,1601,Rahul,31-10-2024,12.00.22 PM,Masala Tea,Tea,"Tea Leaves, Milk, Spices, Sugar",1,332,332,Card,1,October,10,Thursday,31,12
2614,2593,Pooja,31-10-2024,3.08.52 PM,Green Tea,Tea,"Green Tea Leaves, Water",1,238,238,Cash,2,October,10,Thursday,31,15
2615,6266,Rahul,31-10-2024,12.32.46 PM,Americano,Coffee,"Espresso, Hot Water",1,268,268,UPI,1,October,10,Thursday,31,12
2616,1885,Rahul,01-11-2024,9.29.45 AM,Masala Tea,Tea,"Tea Leaves, Milk, Spices, Sugar",4,179,716,UPI,2,November,11,Friday,1,9
2617,7109,Rahul,01-11-2024,12.29.32 PM,Green Tea,Tea,"Green Tea Leaves, Water",2,240,480,Card,2,November,11,Friday,1,12
2618,6763,Aarav,01-11-2024,2.28.47 PM,Cold Brew,Coffee,"Coffee Beans, Cold Water",1,204,204,Cash,1,November,11,Friday,1,14
2619,6275,Karan,01-11-2024,7.28.02 AM,Espresso,Coffee,"Espresso Beans, Water",4,191,764,UPI,1,November,11,Friday,1,7
2620,2174,Simran,01-11-2024,6.46.15 PM,Masala Tea,Tea,"Tea Leaves, Milk, Spices, Sugar",3,236,708,Card,1,November,11,Friday,1,18
2621,7553,Ananya,01-11-2024,12.40.33 PM,Latte,Coffee,"Espresso, Steamed Milk",2,204,408,UPI,3,November,11,Friday,1,12
2622,9634,Pooja,01-11-2024,12.53.03 PM,Hot Chocolate,Beverage,"Cocoa Powder, Milk, Sugar",4,204,816,UPI,1,November,11,Friday,1,12
2623,6034,Aarav,01-11-2024,5.05.12 PM,Hot Chocolate,Beverage,"Cocoa Powder, Milk, Sugar",2,132,264,Card,2,November,11,Friday,1,17
2624,8007,Pooja,01-11-2024,6.25.48 PM,Green Tea,Tea,"Green Tea Leaves, Water",2,314,628,Card,2,November,11,Friday,1,18
2625,9277,Aarav,01-11-2024,4.12.05 PM,Hot Chocolate,Beverage,"Cocoa Powder, Milk, Sugar",2,273,546,UPI,3,November,11,Friday,1,16
2626,9596,Riya,01-11-2024,4.57.16 PM,Green Tea,Tea,"Green Tea Leaves, Water",3,265,795,Cash,3,November,11,Friday,1,16
2627,4801,Riya,02-11-2024,7.29.20 AM,Americano,Coffee,"Espresso, Hot Water",1,124,124,UPI,1,November,11,Saturday,2,7
2628,5722,Karan,02-11-2024,5.48.45 PM,Mocha,Coffee,"Espresso, Chocolate Syrup, Milk",2,251,502,UPI,2,November,11,Saturday,2,17
2629,9592,Pooja,02-11-2024,4.11.18 PM,Croissant,Bakery,"Flour, Butter, Yeast",1,127,127,Cash,2,November,11,Saturday,2,16
2630,7996,Karan,02-11-2024,8.43.14 PM,Hot Chocolate,Beverage,"Cocoa Powder, Milk, Sugar",3,248,744,Cash,2,November,11,Saturday,2,20
2631,1829,Aarav,02-11-2024,11.06.57 AM,Croissant,Bakery,"Flour, Butter, Yeast",1,270,270,Cash,2,November,11,Saturday,2,11
2632,1935,Karan,02-11-2024,12.47.29 PM,Espresso,Coffee,"Espresso Beans, Water",1,169,169,Card,1,November,11,Saturday,2,12
2633,5047,Pooja,02-11-2024,7.02.01 PM,Masala Tea,Tea,"Tea Leaves, Milk, Spices, Sugar",2,239,478,Cash,2,November,11,Saturday,2,19
2634,7810,Pooja,02-11-2024,5.28.44 PM,Hot Chocolate,Beverage,"Cocoa Powder, Milk, Sugar",3,275,825,UPI,1,November,11,Saturday,2,17
2635,3639,Ananya,02-11-2024,3.21.59 PM,Green Tea,Tea,"Green Tea Leaves, Water",4,327,1308,Card,3,November,11,Saturday,2,15
2636,6174,Ananya,03-11-2024,9.48.09 PM,Masala Tea,Tea,"Tea Leaves, Milk, Spices, Sugar",2,167,334,Cash,2,November,11,Sunday,3,21
2637,2837,Ananya,03-11-2024,8.18.06 AM,Mocha,Coffee,"Espresso, Chocolate Syrup, Milk",4,302,1208,Cash,1,November,11,Sunday,3,8
2638,1853,Nikhil,03-11-2024,3.55.32 PM,Espresso,Coffee,"Espresso Beans, Water",2,340,680,Card,1,November,11,Sunday,3,15
2639,5430,Ananya,03-11-2024,7.28.46 AM,Latte,Coffee,"Espresso, Steamed Milk",1,253,253,UPI,1,November,11,Sunday,3,7
2640,9363,Aarav,03-11-2024,9.15.27 PM,Green Tea,Tea,"Green Tea Leaves, Water",2,333,666,Cash,2,November,11,Sunday,3,21
2641,7320,Nikhil,03-11-2024,9.36.45 AM,Americano,Coffee,"Espresso, Hot Water",3,160,480,Card,1,November,11,Sunday,3,9
2642,7002,Nikhil,03-11-2024,11.33.16 AM,Green Tea,Tea,"Green Tea Leaves, Water",3,255,765,Cash,1,November,11,Sunday,3,11
2643,5228,Pooja,04-11-2024,4.50.08 PM,Latte,Coffee,"Espresso, Steamed Milk",3,215,645,Card,1,November,11,Monday,4,16
2644,7627,Riya,04-11-2024,7.34.41 AM,Croissant,Bakery,"Flour, Butter, Yeast",2,139,278,Card,3,November,11,Monday,4,7
2645,9620,Ananya,04-11-2024,9.06.09 AM,Latte,Coffee,"Espresso, Steamed Milk",3,145,435,UPI,2,November,11,Monday,4,9
2646,9237,Aarav,04-11-2024,5.22.46 PM,Espresso,Coffee,"Espresso Beans, Water",1,288,288,UPI,3,November,11,Monday,4,17
2647,5744,Ananya,04-11-2024,2.38.10 PM,Masala Tea,Tea,"Tea Leaves, Milk, Spices, Sugar",4,278,1112,UPI,3,November,11,Monday,4,14
2648,9741,Aarav,04-11-2024,4.22.06 PM,Masala Tea,Tea,"Tea Leaves, Milk, Spices, Sugar",1,279,279,Card,3,November,11,Monday,4,16
2649,5176,Riya,04-11-2024,5.49.00 PM,Hot Chocolate,Beverage,"Cocoa Powder, Milk, Sugar",4,143,572,UPI,3,November,11,Monday,4,17
2650,1378,Rahul,04-11-2024,11.33.04 AM,Hot Chocolate,Beverage,"Cocoa Powder, Milk, Sugar",4,300,1200,Cash,1,November,11,Monday,4,11
2651,2750,Karan,04-11-2024,11.00.01 AM,Masala Tea,Tea,"Tea Leaves, Milk, Spices, Sugar",3,196,588,UPI,3,November,11,Monday,4,11
2652,5892,Rahul,04-11-2024,6.08.08 PM,Hot Chocolate,Beverage,"Cocoa Powder, Milk, Sugar",2,243,486,Card,2,November,11,Monday,4,18
2653,7978,Karan,05-11-2024,8.19.37 PM,Hot Chocolate,Beverage,"Cocoa Powder, Milk, Sugar",2,332,664,Cash,1,November,11,Tuesday,5,20
2654,6340,Riya,05-11-2024,7.13.45 AM,Croissant,Bakery,"Flour, Butter, Yeast",2,129,258,Card,2,November,11,Tuesday,5,7
2655,8723,Riya,05-11-2024,2.02.10 PM,Espresso,Coffee,"Espresso Beans, Water",2,211,422,UPI,2,November,11,Tuesday,5,14
2656,2044,Aarav,05-11-2024,9.33.48 PM,Masala Tea,Tea,"Tea Leaves, Milk, Spices, Sugar",2,336,672,Card,3,November,11,Tuesday,5,21
2657,3159,Pooja,05-11-2024,7.30.57 AM,Masala Tea,Tea,"Tea Leaves, Milk, Spices, Sugar",2,286,572,Card,2,November,11,Tuesday,5,7
2658,3261,Riya,06-11-2024,5.12.28 PM,Green Tea,Tea,"Green Tea Leaves, Water",4,211,844,UPI,1,November,11,Wednesday,6,17
2659,4417,Simran,06-11-2024,12.26.57 PM,Americano,Coffee,"Espresso, Hot Water",1,172,172,UPI,1,November,11,Wednesday,6,12
2660,9679,Ananya,06-11-2024,10.22.46 PM,Cappuccino,Coffee,"Espresso, Milk, Milk Foam",2,191,382,Card,2,November,11,Wednesday,6,22
2661,2186,Riya,06-11-2024,6.17.31 PM,Croissant,Bakery,"Flour, Butter, Yeast",1,239,239,Card,1,November,11,Wednesday,6,18
2662,4320,Ananya,06-11-2024,4.13.38 PM,Green Tea,Tea,"Green Tea Leaves, Water",2,303,606,Card,3,November,11,Wednesday,6,16
2663,3520,Aarav,06-11-2024,12.50.29 PM,Croissant,Bakery,"Flour, Butter, Yeast",2,302,604,Cash,2,November,11,Wednesday,6,12
2664,5880,Riya,06-11-2024,9.33.21 PM,Masala Tea,Tea,"Tea Leaves, Milk, Spices, Sugar",4,322,1288,Cash,2,November,11,Wednesday,6,21
2665,3605,Pooja,06-11-2024,5.35.44 PM,Hot Chocolate,Beverage,"Cocoa Powder, Milk, Sugar",4,308,1232,Card,3,November,11,Wednesday,6,17
2666,8955,Aarav,06-11-2024,4.11.45 PM,Masala Tea,Tea,"Tea Leaves, Milk, Spices, Sugar",3,231,693,Card,2,November,11,Wednesday,6,16
2667,5102,Aarav,07-11-2024,3.58.20 PM,Masala Tea,Tea,"Tea Leaves, Milk, Spices, Sugar",1,200,200,Cash,3,November,11,Thursday,7,15
2668,1694,Rahul,07-11-2024,1.01.56 PM,Espresso,Coffee,"Espresso Beans, Water",3,145,435,Cash,1,November,11,Thursday,7,13
2669,2868,Rahul,07-11-2024,4.59.15 PM,Green Tea,Tea,"Green Tea Leaves, Water",3,273,819,Card,1,November,11,Thursday,7,16
2670,1797,Rahul,07-11-2024,9.30.44 PM,Hot Chocolate,Beverage,"Cocoa Powder, Milk, Sugar",3,301,903,UPI,2,November,11,Thursday,7,21
2671,7379,Rahul,07-11-2024,3.44.42 PM,Mocha,Coffee,"Espresso, Chocolate Syrup, Milk",1,167,167,Cash,3,November,11,Thursday,7,15
2672,7781,Simran,07-11-2024,7.43.31 AM,Green Tea,Tea,"Green Tea Leaves, Water",2,183,366,Card,3,November,11,Thursday,7,7
2673,5756,Aarav,07-11-2024,8.11.57 PM,Mocha,Coffee,"Espresso, Chocolate Syrup, Milk",1,322,322,Cash,1,November,11,Thursday,7,20
2674,4294,Ananya,07-11-2024,9.44.04 AM,Cold Brew,Coffee,"Coffee Beans, Cold Water",1,298,298,Card,1,November,11,Thursday,7,9
2675,3554,Riya,07-11-2024,7.13.52 AM,Hot Chocolate,Beverage,"Cocoa Powder, Milk, Sugar",1,222,222,Cash,2,November,11,Thursday,7,7
2676,6829,Ananya,07-11-2024,8.26.39 AM,Cappuccino,Coffee,"Espresso, Milk, Milk Foam",2,279,558,UPI,1,November,11,Thursday,7,8
2677,9297,Aarav,08-11-2024,4.38.30 PM,Espresso,Coffee,"Espresso Beans, Water",3,247,741,Card,1,November,11,Friday,8,16
2678,7560,Pooja,08-11-2024,9.40.57 AM,Cappuccino,Coffee,"Espresso, Milk, Milk Foam",4,163,652,Card,1,November,11,Friday,8,9
2679,2278,Ananya,08-11-2024,12.44.34 PM,Cold Brew,Coffee,"Coffee Beans, Cold Water",3,277,831,Card,1,November,11,Friday,8,12
2680,3753,Nikhil,08-11-2024,3.43.14 PM,Cold Brew,Coffee,"Coffee Beans, Cold Water",4,198,792,Card,1,November,11,Friday,8,15
2681,6318,Riya,08-11-2024,5.34.50 PM,Cold Brew,Coffee,"Coffee Beans, Cold Water",4,280,1120,Cash,3,November,11,Friday,8,17
2682,8089,Ananya,08-11-2024,4.22.08 PM,Espresso,Coffee,"Espresso Beans, Water",1,264,264,Cash,1,November,11,Friday,8,16
2683,7181,Ananya,08-11-2024,10.32.41 AM,Mocha,Coffee,"Espresso, Chocolate Syrup, Milk",3,212,636,UPI,2,November,11,Friday,8,10
2684,6499,Nikhil,08-11-2024,4.17.54 PM,Green Tea,Tea,"Green Tea Leaves, Water",3,122,366,UPI,2,November,11,Friday,8,16
2685,8688,Pooja,08-11-2024,12.35.28 PM,Masala Tea,Tea,"Tea Leaves, Milk, Spices, Sugar",2,289,578,Card,1,November,11,Friday,8,12
2686,6416,Simran,08-11-2024,5.28.02 PM,Masala Tea,Tea,"Tea Leaves, Milk, Spices, Sugar",1,195,195,Card,1,November,11,Friday,8,17
2687,8549,Pooja,09-11-2024,8.58.35 PM,Cappuccino,Coffee,"Espresso, Milk, Milk Foam",2,326,652,Card,2,November,11,Saturday,9,20
2688,9672,Simran,09-11-2024,5.05.47 PM,Croissant,Bakery,"Flour, Butter, Yeast",2,341,682,UPI,3,November,11,Saturday,9,17
2689,8887,Simran,09-11-2024,8.18.17 PM,Croissant,Bakery,"Flour, Butter, Yeast",4,339,1356,Cash,3,November,11,Saturday,9,20
2690,4144,Riya,09-11-2024,2.40.41 PM,Espresso,Coffee,"Espresso Beans, Water",1,222,222,Card,3,November,11,Saturday,9,14
2691,3981,Simran,09-11-2024,5.34.27 PM,Mocha,Coffee,"Espresso, Chocolate Syrup, Milk",1,250,250,UPI,3,November,11,Saturday,9,17
2692,1492,Pooja,09-11-2024,1.06.25 PM,Green Tea,Tea,"Green Tea Leaves, Water",4,199,796,UPI,2,November,11,Saturday,9,13
2693,9893,Simran,09-11-2024,9.48.25 PM,Cold Brew,Coffee,"Coffee Beans, Cold Water",3,268,804,Card,2,November,11,Saturday,9,21
2694,3492,Karan,09-11-2024,2.49.02 PM,Masala Tea,Tea,"Tea Leaves, Milk, Spices, Sugar",1,309,309,Card,1,November,11,Saturday,9,14
2695,3671,Simran,09-11-2024,7.26.02 PM,Cold Brew,Coffee,"Coffee Beans, Cold Water",4,273,1092,UPI,3,November,11,Saturday,9,19
2696,9509,Aarav,10-11-2024,7.20.29 AM,Americano,Coffee,"Espresso, Hot Water",1,288,288,Cash,2,November,11,Sunday,10,7
2697,6697,Karan,10-11-2024,9.49.33 PM,Cold Brew,Coffee,"Coffee Beans, Cold Water",2,199,398,UPI,3,November,11,Sunday,10,21
2698,9573,Ananya,10-11-2024,1.43.05 PM,Green Tea,Tea,"Green Tea Leaves, Water",2,140,280,UPI,3,November,11,Sunday,10,13
2699,6790,Karan,10-11-2024,12.08.36 PM,Green Tea,Tea,"Green Tea Leaves, Water",2,343,686,UPI,2,November,11,Sunday,10,12
2700,2447,Simran,10-11-2024,1.32.48 PM,Hot Chocolate,Beverage,"Cocoa Powder, Milk, Sugar",1,247,247,Card,2,November,11,Sunday,10,13
2701,1588,Pooja,10-11-2024,5.16.43 PM,Latte,Coffee,"Espresso, Steamed Milk",4,216,864,Card,1,November,11,Sunday,10,17
2702,8009,Karan,10-11-2024,11.47.16 AM,Hot Chocolate,Beverage,"Cocoa Powder, Milk, Sugar",3,133,399,UPI,3,November,11,Sunday,10,11
2703,6035,Karan,10-11-2024,10.29.08 PM,Latte,Coffee,"Espresso, Steamed Milk",2,162,324,UPI,1,November,11,Sunday,10,22
2704,7613,Karan,10-11-2024,6.22.38 PM,Cold Brew,Coffee,"Coffee Beans, Cold Water",4,218,872,UPI,1,November,11,Sunday,10,18
2705,3923,Aarav,11-11-2024,10.50.46 AM,Green Tea,Tea,"Green Tea Leaves, Water",4,336,1344,Cash,2,November,11,Monday,11,10
2706,6020,Aarav,11-11-2024,3.04.27 PM,Croissant,Bakery,"Flour, Butter, Yeast",1,212,212,Card,3,November,11,Monday,11,15
2707,4171,Riya,11-11-2024,1.16.44 PM,Croissant,Bakery,"Flour, Butter, Yeast",3,242,726,UPI,1,November,11,Monday,11,13
2708,8144,Riya,11-11-2024,1.07.39 PM,Espresso,Coffee,"Espresso Beans, Water",1,340,340,Cash,1,November,11,Monday,11,13
2709,9395,Nikhil,11-11-2024,6.53.00 PM,Latte,Coffee,"Espresso, Steamed Milk",2,245,490,UPI,2,November,11,Monday,11,18
2710,9915,Nikhil,11-11-2024,7.18.57 PM,Croissant,Bakery,"Flour, Butter, Yeast",1,185,185,Cash,3,November,11,Monday,11,19
2711,6903,Nikhil,11-11-2024,9.48.19 PM,Americano,Coffee,"Espresso, Hot Water",1,273,273,Cash,2,November,11,Monday,11,21
2712,6124,Simran,11-11-2024,10.46.36 AM,Americano,Coffee,"Espresso, Hot Water",1,258,258,Cash,1,November,11,Monday,11,10
2713,1086,Rahul,12-11-2024,6.29.48 PM,Espresso,Coffee,"Espresso Beans, Water",4,349,1396,Cash,2,November,11,Tuesday,12,18
2714,9943,Riya,12-11-2024,6.48.31 PM,Green Tea,Tea,"Green Tea Leaves, Water",1,139,139,Cash,3,November,11,Tuesday,12,18
2715,7665,Aarav,12-11-2024,5.17.05 PM,Americano,Coffee,"Espresso, Hot Water",2,165,330,Card,2,November,11,Tuesday,12,17
2716,3882,Simran,12-11-2024,5.58.02 PM,Croissant,Bakery,"Flour, Butter, Yeast",1,311,311,Cash,3,November,11,Tuesday,12,17
2717,7403,Riya,12-11-2024,7.24.43 AM,Espresso,Coffee,"Espresso Beans, Water",3,190,570,Card,3,November,11,Tuesday,12,7
2718,3899,Pooja,12-11-2024,9.00.35 AM,Hot Chocolate,Beverage,"Cocoa Powder, Milk, Sugar",3,147,441,Cash,3,November,11,Tuesday,12,9
2719,2346,Rahul,13-11-2024,4.49.29 PM,Americano,Coffee,"Espresso, Hot Water",2,278,556,Card,2,November,11,Wednesday,13,16
2720,7185,Karan,13-11-2024,3.00.16 PM,Croissant,Bakery,"Flour, Butter, Yeast",1,202,202,Card,2,November,11,Wednesday,13,15
2721,5259,Karan,13-11-2024,2.51.11 PM,Masala Tea,Tea,"Tea Leaves, Milk, Spices, Sugar",4,253,1012,Card,2,November,11,Wednesday,13,14
2722,2569,Karan,13-11-2024,6.07.37 PM,Cold Brew,Coffee,"Coffee Beans, Cold Water",2,211,422,Cash,2,November,11,Wednesday,13,18
2723,7269,Aarav,13-11-2024,8.43.32 PM,Cappuccino,Coffee,"Espresso, Milk, Milk Foam",2,249,498,Cash,2,November,11,Wednesday,13,20
2724,9007,Karan,13-11-2024,12.49.48 PM,Masala Tea,Tea,"Tea Leaves, Milk, Spices, Sugar",2,278,556,Card,1,November,11,Wednesday,13,12
2725,5982,Karan,13-11-2024,9.21.15 PM,Green Tea,Tea,"Green Tea Leaves, Water",3,217,651,Cash,3,November,11,Wednesday,13,21
2726,4079,Aarav,13-11-2024,5.03.18 PM,Hot Chocolate,Beverage,"Cocoa Powder, Milk, Sugar",4,156,624,UPI,1,November,11,Wednesday,13,17
2727,8976,Aarav,13-11-2024,11.02.40 AM,Cold Brew,Coffee,"Coffee Beans, Cold Water",2,151,302,Card,2,November,11,Wednesday,13,11
2728,9893,Riya,13-11-2024,3.35.10 PM,Cappuccino,Coffee,"Espresso, Milk, Milk Foam",2,185,370,Cash,2,November,11,Wednesday,13,15
2729,6076,Aarav,13-11-2024,7.25.40 PM,Cold Brew,Coffee,"Coffee Beans, Cold Water",1,348,348,UPI,1,November,11,Wednesday,13,19
2730,7515,Simran,13-11-2024,11.44.13 AM,Cappuccino,Coffee,"Espresso, Milk, Milk Foam",3,335,1005,UPI,1,November,11,Wednesday,13,11
2731,6240,Karan,14-11-2024,11.04.02 AM,Espresso,Coffee,"Espresso Beans, Water",3,232,696,UPI,3,November,11,Thursday,14,11
2732,4498,Simran,14-11-2024,12.33.32 PM,Croissant,Bakery,"Flour, Butter, Yeast",2,197,394,Cash,1,November,11,Thursday,14,12
2733,7195,Nikhil,14-11-2024,6.29.12 PM,Masala Tea,Tea,"Tea Leaves, Milk, Spices, Sugar",3,257,771,Cash,2,November,11,Thursday,14,18
2734,2072,Nikhil,14-11-2024,3.19.42 PM,Latte,Coffee,"Espresso, Steamed Milk",1,274,274,Card,3,November,11,Thursday,14,15
2735,3335,Rahul,14-11-2024,1.22.23 PM,Masala Tea,Tea,"Tea Leaves, Milk, Spices, Sugar",1,252,252,Cash,2,November,11,Thursday,14,13
2736,8557,Karan,15-11-2024,2.46.39 PM,Cold Brew,Coffee,"Coffee Beans, Cold Water",1,171,171,Card,2,November,11,Friday,15,14
2737,7674,Karan,15-11-2024,6.52.08 PM,Croissant,Bakery,"Flour, Butter, Yeast",2,249,498,Card,3,November,11,Friday,15,18
2738,9096,Ananya,15-11-2024,2.39.17 PM,Americano,Coffee,"Espresso, Hot Water",1,348,348,Card,2,November,11,Friday,15,14
2739,3491,Pooja,15-11-2024,10.19.31 PM,Espresso,Coffee,"Espresso Beans, Water",2,146,292,Card,3,November,11,Friday,15,22
2740,1891,Ananya,15-11-2024,3.47.10 PM,Espresso,Coffee,"Espresso Beans, Water",1,131,131,Cash,1,November,11,Friday,15,15
2741,8531,Rahul,15-11-2024,9.15.25 AM,Hot Chocolate,Beverage,"Cocoa Powder, Milk, Sugar",4,227,908,UPI,1,November,11,Friday,15,9
2742,5350,Pooja,15-11-2024,5.47.59 PM,Croissant,Bakery,"Flour, Butter, Yeast",1,329,329,UPI,1,November,11,Friday,15,17
2743,3017,Riya,15-11-2024,4.01.31 PM,Mocha,Coffee,"Espresso, Chocolate Syrup, Milk",4,167,668,UPI,1,November,11,Friday,15,16
2744,6667,Aarav,15-11-2024,8.00.53 PM,Mocha,Coffee,"Espresso, Chocolate Syrup, Milk",4,243,972,Card,3,November,11,Friday,15,20
2745,9179,Simran,15-11-2024,6.12.18 PM,Latte,Coffee,"Espresso, Steamed Milk",2,288,576,Card,2,November,11,Friday,15,18
2746,2672,Ananya,15-11-2024,12.15.37 PM,Green Tea,Tea,"Green Tea Leaves, Water",2,250,500,UPI,3,November,11,Friday,15,12
2747,9711,Nikhil,16-11-2024,1.21.51 PM,Hot Chocolate,Beverage,"Cocoa Powder, Milk, Sugar",4,164,656,UPI,2,November,11,Saturday,16,13
2748,3466,Simran,16-11-2024,8.28.59 AM,Latte,Coffee,"Espresso, Steamed Milk",4,261,1044,Card,1,November,11,Saturday,16,8
2749,2335,Rahul,16-11-2024,11.03.32 AM,Green Tea,Tea,"Green Tea Leaves, Water",3,279,837,Card,3,November,11,Saturday,16,11
2750,6393,Riya,16-11-2024,7.23.23 PM,Masala Tea,Tea,"Tea Leaves, Milk, Spices, Sugar",2,127,254,Cash,1,November,11,Saturday,16,19
2751,7945,Riya,16-11-2024,4.35.41 PM,Cold Brew,Coffee,"Coffee Beans, Cold Water",2,270,540,Card,3,November,11,Saturday,16,16
2752,3772,Simran,16-11-2024,7.14.45 AM,Croissant,Bakery,"Flour, Butter, Yeast",4,306,1224,UPI,3,November,11,Saturday,16,7
2753,2272,Aarav,16-11-2024,9.17.05 AM,Croissant,Bakery,"Flour, Butter, Yeast",1,277,277,UPI,2,November,11,Saturday,16,9
2754,8116,Riya,16-11-2024,11.32.36 AM,Espresso,Coffee,"Espresso Beans, Water",3,300,900,Card,2,November,11,Saturday,16,11
2755,2168,Aarav,16-11-2024,1.03.06 PM,Americano,Coffee,"Espresso, Hot Water",4,153,612,UPI,3,November,11,Saturday,16,13
2756,4765,Karan,17-11-2024,7.23.20 PM,Croissant,Bakery,"Flour, Butter, Yeast",3,267,801,Cash,1,November,11,Sunday,17,19
2757,2453,Aarav,17-11-2024,3.22.26 PM,Croissant,Bakery,"Flour, Butter, Yeast",3,122,366,Cash,3,November,11,Sunday,17,15
2758,7743,Pooja,17-11-2024,8.36.01 AM,Cappuccino,Coffee,"Espresso, Milk, Milk Foam",2,310,620,UPI,1,November,11,Sunday,17,8
2759,5719,Riya,17-11-2024,7.53.57 PM,Green Tea,Tea,"Green Tea Leaves, Water",1,127,127,Card,3,November,11,Sunday,17,19
2760,8585,Rahul,17-11-2024,4.00.11 PM,Hot Chocolate,Beverage,"Cocoa Powder, Milk, Sugar",3,226,678,UPI,1,November,11,Sunday,17,16
2761,2190,Karan,18-11-2024,11.15.10 AM,Mocha,Coffee,"Espresso, Chocolate Syrup, Milk",3,307,921,Card,3,November,11,Monday,18,11
2762,4810,Nikhil,18-11-2024,11.34.03 AM,Cappuccino,Coffee,"Espresso, Milk, Milk Foam",4,250,1000,Card,2,November,11,Monday,18,11
2763,4588,Simran,18-11-2024,4.55.03 PM,Croissant,Bakery,"Flour, Butter, Yeast",1,249,249,UPI,2,November,11,Monday,18,16
2764,8775,Pooja,18-11-2024,6.12.07 PM,Cold Brew,Coffee,"Coffee Beans, Cold Water",3,168,504,UPI,3,November,11,Monday,18,18
2765,8481,Simran,18-11-2024,10.32.21 PM,Hot Chocolate,Beverage,"Cocoa Powder, Milk, Sugar",1,207,207,UPI,1,November,11,Monday,18,22
2766,6003,Nikhil,18-11-2024,6.45.01 PM,Mocha,Coffee,"Espresso, Chocolate Syrup, Milk",2,280,560,Cash,2,November,11,Monday,18,18
2767,9668,Pooja,18-11-2024,5.29.46 PM,Latte,Coffee,"Espresso, Steamed Milk",2,254,508,UPI,3,November,11,Monday,18,17
2768,6525,Rahul,18-11-2024,2.05.46 PM,Green Tea,Tea,"Green Tea Leaves, Water",1,256,256,Card,3,November,11,Monday,18,14
2769,2784,Nikhil,19-11-2024,1.41.27 PM,Masala Tea,Tea,"Tea Leaves, Milk, Spices, Sugar",3,346,1038,Cash,1,November,11,Tuesday,19,13
2770,3112,Ananya,19-11-2024,10.25.46 PM,Green Tea,Tea,"Green Tea Leaves, Water",1,126,126,Card,2,November,11,Tuesday,19,22
2771,4128,Aarav,19-11-2024,9.16.28 AM,Green Tea,Tea,"Green Tea Leaves, Water",4,160,640,Cash,1,November,11,Tuesday,19,9
2772,9667,Rahul,19-11-2024,9.42.14 AM,Mocha,Coffee,"Espresso, Chocolate Syrup, Milk",3,253,759,Cash,1,November,11,Tuesday,19,9
2773,7142,Ananya,19-11-2024,4.44.16 PM,Croissant,Bakery,"Flour, Butter, Yeast",2,307,614,Cash,1,November,11,Tuesday,19,16
2774,3101,Simran,19-11-2024,9.23.24 PM,Cappuccino,Coffee,"Espresso, Milk, Milk Foam",1,322,322,Cash,3,November,11,Tuesday,19,21
2775,9173,Pooja,19-11-2024,8.53.34 PM,Latte,Coffee,"Espresso, Steamed Milk",1,257,257,Card,1,November,11,Tuesday,19,20
2776,9692,Ananya,19-11-2024,1.26.54 PM,Croissant,Bakery,"Flour, Butter, Yeast",2,192,384,Cash,3,November,11,Tuesday,19,13
2777,2732,Ananya,19-11-2024,7.03.56 PM,Americano,Coffee,"Espresso, Hot Water",2,124,248,UPI,3,November,11,Tuesday,19,19
2778,6190,Simran,19-11-2024,6.51.49 PM,Cappuccino,Coffee,"Espresso, Milk, Milk Foam",2,208,416,Card,2,November,11,Tuesday,19,18
2779,8500,Ananya,19-11-2024,8.45.57 AM,Cappuccino,Coffee,"Espresso, Milk, Milk Foam",3,320,960,UPI,2,November,11,Tuesday,19,8
2780,2056,Simran,20-11-2024,9.28.01 PM,Croissant,Bakery,"Flour, Butter, Yeast",1,342,342,UPI,2,November,11,Wednesday,20,21
2781,6219,Simran,20-11-2024,5.19.08 PM,Croissant,Bakery,"Flour, Butter, Yeast",1,333,333,Card,2,November,11,Wednesday,20,17
2782,1195,Pooja,20-11-2024,11.26.44 AM,Mocha,Coffee,"Espresso, Chocolate Syrup, Milk",1,234,234,Card,1,November,11,Wednesday,20,11
2783,9989,Karan,20-11-2024,10.30.01 AM,Croissant,Bakery,"Flour, Butter, Yeast",1,242,242,UPI,1,November,11,Wednesday,20,10
2784,4102,Pooja,20-11-2024,4.01.28 PM,Croissant,Bakery,"Flour, Butter, Yeast",4,130,520,Card,1,November,11,Wednesday,20,16
2785,6429,Rahul,20-11-2024,12.43.23 PM,Espresso,Coffee,"Espresso Beans, Water",3,328,984,UPI,3,November,11,Wednesday,20,12
2786,3603,Rahul,20-11-2024,8.43.40 AM,Espresso,Coffee,"Espresso Beans, Water",1,128,128,UPI,3,November,11,Wednesday,20,8
2787,2255,Ananya,20-11-2024,10.22.55 AM,Latte,Coffee,"Espresso, Steamed Milk",2,284,568,Card,3,November,11,Wednesday,20,10
2788,7792,Simran,21-11-2024,7.47.01 PM,Croissant,Bakery,"Flour, Butter, Yeast",1,333,333,Cash,1,November,11,Thursday,21,19
2789,2490,Rahul,21-11-2024,8.34.30 PM,Masala Tea,Tea,"Tea Leaves, Milk, Spices, Sugar",1,126,126,Cash,1,November,11,Thursday,21,20
2790,1549,Aarav,21-11-2024,9.47.11 PM,Cold Brew,Coffee,"Coffee Beans, Cold Water",2,256,512,Cash,2,November,11,Thursday,21,21
2791,1480,Riya,21-11-2024,10.01.42 AM,Americano,Coffee,"Espresso, Hot Water",1,192,192,Cash,2,November,11,Thursday,21,10
2792,2373,Rahul,21-11-2024,11.49.57 AM,Masala Tea,Tea,"Tea Leaves, Milk, Spices, Sugar",2,154,308,UPI,1,November,11,Thursday,21,11
2793,2055,Karan,21-11-2024,7.38.28 PM,Hot Chocolate,Beverage,"Cocoa Powder, Milk, Sugar",3,271,813,Card,1,November,11,Thursday,21,19
2794,8100,Riya,21-11-2024,7.50.43 AM,Espresso,Coffee,"Espresso Beans, Water",1,138,138,Card,1,November,11,Thursday,21,7
2795,8384,Rahul,21-11-2024,8.05.57 AM,Hot Chocolate,Beverage,"Cocoa Powder, Milk, Sugar",3,202,606,UPI,3,November,11,Thursday,21,8
2796,1284,Simran,21-11-2024,2.46.58 PM,Americano,Coffee,"Espresso, Hot Water",1,188,188,Card,2,November,11,Thursday,21,14
2797,2759,Aarav,21-11-2024,12.00.07 PM,Cappuccino,Coffee,"Espresso, Milk, Milk Foam",4,277,1108,Cash,3,November,11,Thursday,21,12
2798,6209,Aarav,21-11-2024,9.47.05 PM,Hot Chocolate,Beverage,"Cocoa Powder, Milk, Sugar",4,173,692,Cash,3,November,11,Thursday,21,21
2799,8542,Aarav,21-11-2024,7.54.15 PM,Espresso,Coffee,"Espresso Beans, Water",3,206,618,UPI,2,November,11,Thursday,21,19
2800,7143,Karan,22-11-2024,7.57.00 AM,Cold Brew,Coffee,"Coffee Beans, Cold Water",2,286,572,UPI,2,November,11,Friday,22,7
2801,2563,Aarav,22-11-2024,9.50.00 PM,Espresso,Coffee,"Espresso Beans, Water",4,331,1324,Cash,2,November,11,Friday,22,21
2802,8549,Karan,22-11-2024,6.04.55 PM,Espresso,Coffee,"Espresso Beans, Water",3,124,372,Card,2,November,11,Friday,22,18
2803,3555,Rahul,22-11-2024,8.22.28 PM,Hot Chocolate,Beverage,"Cocoa Powder, Milk, Sugar",3,341,1023,Cash,2,November,11,Friday,22,20
2804,4748,Aarav,22-11-2024,6.05.12 PM,Green Tea,Tea,"Green Tea Leaves, Water",3,134,402,Cash,1,November,11,Friday,22,18
2805,6206,Ananya,22-11-2024,10.31.38 AM,Cold Brew,Coffee,"Coffee Beans, Cold Water",2,159,318,Cash,1,November,11,Friday,22,10
2806,7286,Pooja,22-11-2024,12.05.03 PM,Cold Brew,Coffee,"Coffee Beans, Cold Water",2,235,470,UPI,2,November,11,Friday,22,12
2807,1303,Rahul,22-11-2024,5.04.44 PM,Croissant,Bakery,"Flour, Butter, Yeast",3,121,363,Cash,3,November,11,Friday,22,17
2808,4438,Rahul,22-11-2024,10.14.55 PM,Espresso,Coffee,"Espresso Beans, Water",3,162,486,Cash,1,November,11,Friday,22,22
2809,8901,Pooja,22-11-2024,11.36.22 AM,Cold Brew,Coffee,"Coffee Beans, Cold Water",1,302,302,UPI,3,November,11,Friday,22,11
2810,4434,Simran,23-11-2024,10.09.10 AM,Latte,Coffee,"Espresso, Steamed Milk",1,324,324,UPI,1,November,11,Saturday,23,10
2811,9866,Rahul,23-11-2024,5.19.19 PM,Cappuccino,Coffee,"Espresso, Milk, Milk Foam",4,242,968,Card,1,November,11,Saturday,23,17
2812,4173,Pooja,23-11-2024,1.49.06 PM,Cold Brew,Coffee,"Coffee Beans, Cold Water",3,192,576,Cash,3,November,11,Saturday,23,13
2813,5459,Nikhil,23-11-2024,8.09.18 AM,Croissant,Bakery,"Flour, Butter, Yeast",2,268,536,UPI,3,November,11,Saturday,23,8
2814,6336,Karan,23-11-2024,2.09.15 PM,Espresso,Coffee,"Espresso Beans, Water",3,183,549,UPI,3,November,11,Saturday,23,14
2815,2680,Karan,23-11-2024,7.41.21 PM,Green Tea,Tea,"Green Tea Leaves, Water",2,193,386,UPI,2,November,11,Saturday,23,19
2816,8352,Ananya,23-11-2024,10.11.46 AM,Masala Tea,Tea,"Tea Leaves, Milk, Spices, Sugar",2,179,358,Card,2,November,11,Saturday,23,10
2817,6402,Nikhil,23-11-2024,4.26.03 PM,Latte,Coffee,"Espresso, Steamed Milk",1,309,309,Cash,3,November,11,Saturday,23,16
2818,2379,Pooja,23-11-2024,10.17.55 PM,Cold Brew,Coffee,"Coffee Beans, Cold Water",2,140,280,UPI,2,November,11,Saturday,23,22
2819,2008,Aarav,23-11-2024,3.27.02 PM,Hot Chocolate,Beverage,"Cocoa Powder, Milk, Sugar",4,195,780,UPI,2,November,11,Saturday,23,15
2820,9318,Rahul,23-11-2024,11.18.49 AM,Espresso,Coffee,"Espresso Beans, Water",2,257,514,Card,3,November,11,Saturday,23,11
2821,5485,Pooja,23-11-2024,1.14.04 PM,Americano,Coffee,"Espresso, Hot Water",1,343,343,Card,2,November,11,Saturday,23,13
2822,4209,Simran,24-11-2024,7.36.49 PM,Cold Brew,Coffee,"Coffee Beans, Cold Water",4,129,516,Cash,3,November,11,Sunday,24,19
2823,2578,Pooja,24-11-2024,7.27.58 AM,Hot Chocolate,Beverage,"Cocoa Powder, Milk, Sugar",3,190,570,Card,3,November,11,Sunday,24,7
2824,8808,Ananya,24-11-2024,12.31.43 PM,Croissant,Bakery,"Flour, Butter, Yeast",3,210,630,Cash,3,November,11,Sunday,24,12
2825,7871,Riya,24-11-2024,3.56.19 PM,Masala Tea,Tea,"Tea Leaves, Milk, Spices, Sugar",2,200,400,Cash,3,November,11,Sunday,24,15
2826,5612,Pooja,24-11-2024,8.49.37 AM,Cold Brew,Coffee,"Coffee Beans, Cold Water",2,202,404,UPI,1,November,11,Sunday,24,8
2827,2487,Pooja,24-11-2024,4.40.03 PM,Latte,Coffee,"Espresso, Steamed Milk",4,166,664,Card,3,November,11,Sunday,24,16
2828,2182,Nikhil,25-11-2024,1.07.17 PM,Croissant,Bakery,"Flour, Butter, Yeast",4,203,812,UPI,1,November,11,Monday,25,13
2829,8782,Pooja,25-11-2024,4.58.24 PM,Americano,Coffee,"Espresso, Hot Water",2,247,494,Cash,2,November,11,Monday,25,16
2830,8478,Karan,25-11-2024,5.24.28 PM,Americano,Coffee,"Espresso, Hot Water",2,348,696,Cash,1,November,11,Monday,25,17
2831,6284,Nikhil,25-11-2024,10.06.44 PM,Hot Chocolate,Beverage,"Cocoa Powder, Milk, Sugar",1,346,346,Card,1,November,11,Monday,25,22
2832,2450,Aarav,25-11-2024,12.14.34 PM,Americano,Coffee,"Espresso, Hot Water",2,185,370,Cash,1,November,11,Monday,25,12
2833,3578,Simran,25-11-2024,4.45.34 PM,Espresso,Coffee,"Espresso Beans, Water",1,318,318,Cash,3,November,11,Monday,25,16
2834,7613,Rahul,26-11-2024,10.13.29 AM,Masala Tea,Tea,"Tea Leaves, Milk, Spices, Sugar",2,140,280,Cash,1,November,11,Tuesday,26,10
2835,1847,Karan,26-11-2024,11.21.20 AM,Croissant,Bakery,"Flour, Butter, Yeast",1,256,256,UPI,3,November,11,Tuesday,26,11
2836,5508,Simran,26-11-2024,9.54.28 PM,Latte,Coffee,"Espresso, Steamed Milk",4,174,696,Cash,3,November,11,Tuesday,26,21
2837,1987,Simran,26-11-2024,11.00.22 AM,Americano,Coffee,"Espresso, Hot Water",2,337,674,Cash,1,November,11,Tuesday,26,11
2838,8589,Pooja,26-11-2024,11.46.36 AM,Masala Tea,Tea,"Tea Leaves, Milk, Spices, Sugar",4,142,568,Cash,2,November,11,Tuesday,26,11
2839,1573,Karan,26-11-2024,12.37.05 PM,Espresso,Coffee,"Espresso Beans, Water",2,316,632,Card,2,November,11,Tuesday,26,12
2840,7544,Pooja,26-11-2024,8.22.48 PM,Mocha,Coffee,"Espresso, Chocolate Syrup, Milk",3,153,459,Cash,2,November,11,Tuesday,26,20
2841,6390,Rahul,26-11-2024,11.59.35 AM,Croissant,Bakery,"Flour, Butter, Yeast",4,256,1024,UPI,2,November,11,Tuesday,26,11
2842,3789,Ananya,26-11-2024,7.59.06 AM,Espresso,Coffee,"Espresso Beans, Water",1,142,142,Card,1,November,11,Tuesday,26,7
2843,6697,Pooja,27-11-2024,7.33.23 PM,Masala Tea,Tea,"Tea Leaves, Milk, Spices, Sugar",3,338,1014,Cash,2,November,11,Wednesday,27,19
2844,1792,Riya,27-11-2024,2.16.54 PM,Cappuccino,Coffee,"Espresso, Milk, Milk Foam",3,324,972,Card,2,November,11,Wednesday,27,14
2845,2246,Ananya,27-11-2024,10.47.41 AM,Cappuccino,Coffee,"Espresso, Milk, Milk Foam",1,332,332,Card,2,November,11,Wednesday,27,10
2846,4990,Nikhil,27-11-2024,2.26.16 PM,Americano,Coffee,"Espresso, Hot Water",1,158,158,Card,3,November,11,Wednesday,27,14
2847,3519,Ananya,27-11-2024,6.29.10 PM,Espresso,Coffee,"Espresso Beans, Water",1,220,220,Card,2,November,11,Wednesday,27,18
2848,2097,Ananya,27-11-2024,3.31.27 PM,Masala Tea,Tea,"Tea Leaves, Milk, Spices, Sugar",1,163,163,UPI,2,November,11,Wednesday,27,15
2849,5133,Pooja,27-11-2024,8.39.06 AM,Cold Brew,Coffee,"Coffee Beans, Cold Water",3,156,468,Card,3,November,11,Wednesday,27,8
2850,4171,Pooja,27-11-2024,3.44.58 PM,Masala Tea,Tea,"Tea Leaves, Milk, Spices, Sugar",2,238,476,Cash,1,November,11,Wednesday,27,15
2851,7568,Nikhil,27-11-2024,9.40.27 AM,Latte,Coffee,"Espresso, Steamed Milk",2,179,358,Cash,2,November,11,Wednesday,27,9
2852,6628,Karan,28-11-2024,11.51.16 AM,Americano,Coffee,"Espresso, Hot Water",1,291,291,Cash,3,November,11,Thursday,28,11
2853,2831,Aarav,28-11-2024,9.04.27 AM,Green Tea,Tea,"Green Tea Leaves, Water",2,224,448,Card,3,November,11,Thursday,28,9
2854,6583,Riya,28-11-2024,11.01.24 AM,Masala Tea,Tea,"Tea Leaves, Milk, Spices, Sugar",1,316,316,UPI,3,November,11,Thursday,28,11
2855,4961,Aarav,28-11-2024,9.54.58 PM,Masala Tea,Tea,"Tea Leaves, Milk, Spices, Sugar",3,242,726,Card,2,November,11,Thursday,28,21
2856,1570,Ananya,28-11-2024,10.54.38 AM,Green Tea,Tea,"Green Tea Leaves, Water",2,238,476,UPI,1,November,11,Thursday,28,10
2857,3875,Rahul,28-11-2024,4.05.51 PM,Green Tea,Tea,"Green Tea Leaves, Water",3,279,837,Cash,3,November,11,Thursday,28,16
2858,8792,Rahul,28-11-2024,9.15.02 PM,Mocha,Coffee,"Espresso, Chocolate Syrup, Milk",3,335,1005,Cash,1,November,11,Thursday,28,21
2859,2136,Riya,28-11-2024,2.42.23 PM,Masala Tea,Tea,"Tea Leaves, Milk, Spices, Sugar",2,171,342,Cash,3,November,11,Thursday,28,14
2860,9589,Karan,28-11-2024,4.36.33 PM,Cold Brew,Coffee,"Coffee Beans, Cold Water",3,337,1011,UPI,2,November,11,Thursday,28,16
2861,6310,Pooja,29-11-2024,11.45.32 AM,Green Tea,Tea,"Green Tea Leaves, Water",1,162,162,Cash,1,November,11,Friday,29,11
2862,3437,Aarav,29-11-2024,10.07.58 AM,Mocha,Coffee,"Espresso, Chocolate Syrup, Milk",4,325,1300,UPI,2,November,11,Friday,29,10
2863,8441,Rahul,29-11-2024,4.02.44 PM,Green Tea,Tea,"Green Tea Leaves, Water",2,152,304,Cash,3,November,11,Friday,29,16
2864,6468,Karan,29-11-2024,9.40.45 AM,Cold Brew,Coffee,"Coffee Beans, Cold Water",4,199,796,Cash,3,November,11,Friday,29,9
2865,3459,Karan,29-11-2024,9.00.16 AM,Mocha,Coffee,"Espresso, Chocolate Syrup, Milk",1,121,121,Card,2,November,11,Friday,29,9
2866,6959,Rahul,29-11-2024,5.25.24 PM,Green Tea,Tea,"Green Tea Leaves, Water",3,169,507,Cash,3,November,11,Friday,29,17
2867,7863,Riya,29-11-2024,8.46.11 PM,Latte,Coffee,"Espresso, Steamed Milk",4,130,520,UPI,2,November,11,Friday,29,20
2868,7782,Simran,29-11-2024,11.26.11 AM,Mocha,Coffee,"Espresso, Chocolate Syrup, Milk",4,138,552,Cash,3,November,11,Friday,29,11
2869,9579,Aarav,29-11-2024,10.26.06 AM,Latte,Coffee,"Espresso, Steamed Milk",3,147,441,UPI,1,November,11,Friday,29,10
2870,8873,Nikhil,29-11-2024,9.29.35 PM,Cold Brew,Coffee,"Coffee Beans, Cold Water",2,292,584,Cash,1,November,11,Friday,29,21
2871,5939,Riya,29-11-2024,10.06.49 PM,Mocha,Coffee,"Espresso, Chocolate Syrup, Milk",2,224,448,Card,3,November,11,Friday,29,22
2872,7998,Aarav,29-11-2024,10.15.41 PM,Latte,Coffee,"Espresso, Steamed Milk",1,248,248,Cash,2,November,11,Friday,29,22
2873,8981,Karan,30-11-2024,9.50.53 PM,Cappuccino,Coffee,"Espresso, Milk, Milk Foam",1,180,180,Cash,3,November,11,Saturday,30,21
2874,8678,Aarav,30-11-2024,10.01.03 PM,Croissant,Bakery,"Flour, Butter, Yeast",3,276,828,UPI,2,November,11,Saturday,30,22
2875,8072,Karan,30-11-2024,11.06.55 AM,Espresso,Coffee,"Espresso Beans, Water",4,228,912,Cash,3,November,11,Saturday,30,11
2876,1410,Nikhil,30-11-2024,10.13.30 AM,Green Tea,Tea,"Green Tea Leaves, Water",2,134,268,Card,3,November,11,Saturday,30,10
2877,9958,Aarav,30-11-2024,12.07.29 PM,Cappuccino,Coffee,"Espresso, Milk, Milk Foam",3,300,900,Cash,1,November,11,Saturday,30,12
2878,2375,Nikhil,30-11-2024,10.57.00 AM,Green Tea,Tea,"Green Tea Leaves, Water",4,274,1096,Card,2,November,11,Saturday,30,10
2879,1439,Riya,30-11-2024,5.46.46 PM,Cappuccino,Coffee,"Espresso, Milk, Milk Foam",2,250,500,UPI,3,November,11,Saturday,30,17
2880,5131,Riya,30-11-2024,10.29.54 AM,Masala Tea,Tea,"Tea Leaves, Milk, Spices, Sugar",3,308,924,Card,3,November,11,Saturday,30,10
2881,9058,Karan,01-12-2024,9.23.10 AM,Green Tea,Tea,"Green Tea Leaves, Water",4,248,992,Card,1,December,12,Sunday,1,9
2882,5494,Karan,01-12-2024,4.51.44 PM,Hot Chocolate,Beverage,"Cocoa Powder, Milk, Sugar",1,299,299,Card,2,December,12,Sunday,1,16
2883,6811,Nikhil,01-12-2024,3.56.52 PM,Cold Brew,Coffee,"Coffee Beans, Cold Water",1,312,312,Card,1,December,12,Sunday,1,15
2884,9647,Riya,01-12-2024,4.41.40 PM,Hot Chocolate,Beverage,"Cocoa Powder, Milk, Sugar",2,199,398,Cash,2,December,12,Sunday,1,16
2885,7007,Riya,01-12-2024,7.05.53 AM,Latte,Coffee,"Espresso, Steamed Milk",4,245,980,Cash,1,December,12,Sunday,1,7
2886,1790,Riya,01-12-2024,12.25.10 PM,Espresso,Coffee,"Espresso Beans, Water",3,256,768,Card,2,December,12,Sunday,1,12
2887,2428,Simran,01-12-2024,6.06.25 PM,Espresso,Coffee,"Espresso Beans, Water",1,136,136,Cash,3,December,12,Sunday,1,18
2888,4970,Karan,01-12-2024,9.16.34 AM,Cappuccino,Coffee,"Espresso, Milk, Milk Foam",4,226,904,Card,2,December,12,Sunday,1,9
2889,5817,Nikhil,01-12-2024,12.23.37 PM,Hot Chocolate,Beverage,"Cocoa Powder, Milk, Sugar",2,297,594,Cash,3,December,12,Sunday,1,12
2890,8867,Riya,01-12-2024,10.52.17 PM,Mocha,Coffee,"Espresso, Chocolate Syrup, Milk",4,159,636,Card,3,December,12,Sunday,1,22
2891,7009,Rahul,02-12-2024,8.30.43 AM,Cappuccino,Coffee,"Espresso, Milk, Milk Foam",1,271,271,Cash,3,December,12,Monday,2,8
2892,1954,Rahul,02-12-2024,10.59.48 PM,Croissant,Bakery,"Flour, Butter, Yeast",4,225,900,Cash,3,December,12,Monday,2,22
2893,4654,Pooja,02-12-2024,7.40.33 AM,Espresso,Coffee,"Espresso Beans, Water",3,350,1050,UPI,2,December,12,Monday,2,7
2894,5737,Pooja,02-12-2024,5.49.23 PM,Espresso,Coffee,"Espresso Beans, Water",2,131,262,Cash,1,December,12,Monday,2,17
2895,1158,Ananya,02-12-2024,11.41.59 AM,Hot Chocolate,Beverage,"Cocoa Powder, Milk, Sugar",4,204,816,Card,1,December,12,Monday,2,11
2896,1903,Riya,02-12-2024,7.12.36 PM,Green Tea,Tea,"Green Tea Leaves, Water",1,224,224,UPI,3,December,12,Monday,2,19
2897,9377,Nikhil,03-12-2024,7.23.20 PM,Hot Chocolate,Beverage,"Cocoa Powder, Milk, Sugar",3,239,717,UPI,3,December,12,Tuesday,3,19
2898,5495,Riya,03-12-2024,9.45.58 AM,Green Tea,Tea,"Green Tea Leaves, Water",2,282,564,UPI,3,December,12,Tuesday,3,9
2899,2919,Ananya,03-12-2024,9.40.14 PM,Espresso,Coffee,"Espresso Beans, Water",3,194,582,UPI,1,December,12,Tuesday,3,21
2900,3903,Karan,03-12-2024,8.01.40 PM,Americano,Coffee,"Espresso, Hot Water",3,216,648,Card,3,December,12,Tuesday,3,20
2901,6325,Karan,03-12-2024,9.48.13 AM,Latte,Coffee,"Espresso, Steamed Milk",4,335,1340,Card,2,December,12,Tuesday,3,9
2902,5645,Simran,03-12-2024,5.13.20 PM,Croissant,Bakery,"Flour, Butter, Yeast",4,298,1192,Card,3,December,12,Tuesday,3,17
2903,4123,Simran,04-12-2024,1.13.31 PM,Americano,Coffee,"Espresso, Hot Water",4,239,956,Card,3,December,12,Wednesday,4,13
2904,9707,Riya,04-12-2024,2.04.36 PM,Latte,Coffee,"Espresso, Steamed Milk",3,268,804,UPI,2,December,12,Wednesday,4,14
2905,9528,Rahul,04-12-2024,2.27.11 PM,Cold Brew,Coffee,"Coffee Beans, Cold Water",4,127,508,Cash,3,December,12,Wednesday,4,14
2906,7188,Karan,04-12-2024,7.32.48 AM,Masala Tea,Tea,"Tea Leaves, Milk, Spices, Sugar",3,179,537,UPI,1,December,12,Wednesday,4,7
2907,9033,Riya,04-12-2024,8.36.35 AM,Latte,Coffee,"Espresso, Steamed Milk",2,131,262,UPI,2,December,12,Wednesday,4,8
2908,3227,Ananya,04-12-2024,8.29.10 PM,Cappuccino,Coffee,"Espresso, Milk, Milk Foam",1,227,227,Cash,3,December,12,Wednesday,4,20
2909,5998,Aarav,04-12-2024,8.06.44 AM,Hot Chocolate,Beverage,"Cocoa Powder, Milk, Sugar",3,268,804,Card,3,December,12,Wednesday,4,8
2910,3192,Nikhil,04-12-2024,8.31.24 PM,Mocha,Coffee,"Espresso, Chocolate Syrup, Milk",3,174,522,UPI,1,December,12,Wednesday,4,20
2911,4744,Rahul,04-12-2024,1.18.05 PM,Latte,Coffee,"Espresso, Steamed Milk",1,133,133,Card,2,December,12,Wednesday,4,13
2912,2135,Aarav,04-12-2024,8.31.53 AM,Mocha,Coffee,"Espresso, Chocolate Syrup, Milk",1,322,322,Cash,2,December,12,Wednesday,4,8
2913,5434,Karan,05-12-2024,9.47.06 PM,Croissant,Bakery,"Flour, Butter, Yeast",4,248,992,Cash,2,December,12,Thursday,5,21
2914,9379,Riya,05-12-2024,9.58.03 PM,Cappuccino,Coffee,"Espresso, Milk, Milk Foam",1,315,315,UPI,2,December,12,Thursday,5,21
2915,2590,Ananya,05-12-2024,5.58.57 PM,Masala Tea,Tea,"Tea Leaves, Milk, Spices, Sugar",2,293,586,Card,3,December,12,Thursday,5,17
2916,3324,Riya,05-12-2024,10.14.41 PM,Espresso,Coffee,"Espresso Beans, Water",1,225,225,Card,3,December,12,Thursday,5,22
2917,8131,Aarav,05-12-2024,5.00.53 PM,Mocha,Coffee,"Espresso, Chocolate Syrup, Milk",1,138,138,Cash,1,December,12,Thursday,5,17
2918,5256,Simran,06-12-2024,6.17.42 PM,Mocha,Coffee,"Espresso, Chocolate Syrup, Milk",4,242,968,UPI,1,December,12,Friday,6,18
2919,8823,Simran,06-12-2024,10.48.42 AM,Latte,Coffee,"Espresso, Steamed Milk",2,239,478,Card,3,December,12,Friday,6,10
2920,6236,Pooja,06-12-2024,11.56.37 AM,Latte,Coffee,"Espresso, Steamed Milk",3,256,768,Cash,3,December,12,Friday,6,11
2921,1191,Aarav,06-12-2024,2.16.58 PM,Mocha,Coffee,"Espresso, Chocolate Syrup, Milk",1,305,305,UPI,1,December,12,Friday,6,14
2922,9764,Aarav,06-12-2024,9.27.20 PM,Green Tea,Tea,"Green Tea Leaves, Water",4,133,532,UPI,2,December,12,Friday,6,21
2923,3792,Simran,06-12-2024,11.00.43 AM,Americano,Coffee,"Espresso, Hot Water",1,305,305,Cash,1,December,12,Friday,6,11
2924,9760,Simran,06-12-2024,8.24.38 PM,Hot Chocolate,Beverage,"Cocoa Powder, Milk, Sugar",4,263,1052,UPI,1,December,12,Friday,6,20
2925,2947,Simran,06-12-2024,10.19.02 PM,Croissant,Bakery,"Flour, Butter, Yeast",1,266,266,UPI,1,December,12,Friday,6,22
2926,5891,Aarav,06-12-2024,1.06.36 PM,Mocha,Coffee,"Espresso, Chocolate Syrup, Milk",3,180,540,Card,2,December,12,Friday,6,13
2927,9291,Aarav,07-12-2024,8.29.20 AM,Espresso,Coffee,"Espresso Beans, Water",4,340,1360,Card,1,December,12,Saturday,7,8
2928,2529,Simran,07-12-2024,5.31.05 PM,Masala Tea,Tea,"Tea Leaves, Milk, Spices, Sugar",1,132,132,Card,3,December,12,Saturday,7,17
2929,6606,Ananya,07-12-2024,10.02.45 PM,Cappuccino,Coffee,"Espresso, Milk, Milk Foam",1,243,243,Card,1,December,12,Saturday,7,22
2930,5323,Rahul,07-12-2024,6.32.23 PM,Mocha,Coffee,"Espresso, Chocolate Syrup, Milk",4,209,836,Card,3,December,12,Saturday,7,18
2931,1917,Rahul,07-12-2024,4.49.11 PM,Cold Brew,Coffee,"Coffee Beans, Cold Water",2,267,534,Cash,1,December,12,Saturday,7,16
2932,7398,Pooja,07-12-2024,3.20.55 PM,Americano,Coffee,"Espresso, Hot Water",4,277,1108,Cash,3,December,12,Saturday,7,15
2933,6167,Riya,08-12-2024,8.42.55 PM,Croissant,Bakery,"Flour, Butter, Yeast",1,171,171,Card,3,December,12,Sunday,8,20
2934,6805,Pooja,08-12-2024,6.44.33 PM,Cold Brew,Coffee,"Coffee Beans, Cold Water",2,207,414,Card,1,December,12,Sunday,8,18
2935,9059,Rahul,08-12-2024,5.29.37 PM,Americano,Coffee,"Espresso, Hot Water",2,338,676,UPI,2,December,12,Sunday,8,17
2936,8278,Simran,08-12-2024,10.30.52 AM,Americano,Coffee,"Espresso, Hot Water",3,201,603,UPI,1,December,12,Sunday,8,10
2937,4060,Aarav,08-12-2024,1.40.49 PM,Americano,Coffee,"Espresso, Hot Water",3,121,363,Cash,2,December,12,Sunday,8,13
2938,6513,Rahul,08-12-2024,11.34.53 AM,Croissant,Bakery,"Flour, Butter, Yeast",2,134,268,UPI,3,December,12,Sunday,8,11
2939,4432,Riya,08-12-2024,9.33.55 PM,Americano,Coffee,"Espresso, Hot Water",2,336,672,Card,3,December,12,Sunday,8,21
2940,8893,Riya,08-12-2024,11.03.47 AM,Americano,Coffee,"Espresso, Hot Water",1,289,289,Cash,3,December,12,Sunday,8,11
2941,1133,Rahul,08-12-2024,4.17.26 PM,Cold Brew,Coffee,"Coffee Beans, Cold Water",2,193,386,Card,3,December,12,Sunday,8,16
2942,8432,Simran,09-12-2024,4.54.32 PM,Mocha,Coffee,"Espresso, Chocolate Syrup, Milk",1,325,325,UPI,1,December,12,Monday,9,16
2943,5675,Nikhil,09-12-2024,10.23.01 PM,Croissant,Bakery,"Flour, Butter, Yeast",1,259,259,Card,1,December,12,Monday,9,22
2944,4054,Pooja,09-12-2024,11.59.33 AM,Hot Chocolate,Beverage,"Cocoa Powder, Milk, Sugar",3,168,504,UPI,2,December,12,Monday,9,11
2945,6137,Karan,09-12-2024,5.50.02 PM,Cappuccino,Coffee,"Espresso, Milk, Milk Foam",3,232,696,Card,2,December,12,Monday,9,17
2946,9296,Nikhil,09-12-2024,7.01.34 PM,Croissant,Bakery,"Flour, Butter, Yeast",4,282,1128,Card,2,December,12,Monday,9,19
2947,6544,Riya,09-12-2024,8.02.47 PM,Latte,Coffee,"Espresso, Steamed Milk",4,195,780,UPI,1,December,12,Monday,9,20
2948,2987,Rahul,09-12-2024,9.55.31 AM,Latte,Coffee,"Espresso, Steamed Milk",1,316,316,Card,3,December,12,Monday,9,9
2949,3260,Ananya,09-12-2024,10.11.21 PM,Americano,Coffee,"Espresso, Hot Water",4,158,632,Cash,1,December,12,Monday,9,22
2950,5047,Aarav,09-12-2024,7.31.52 AM,Green Tea,Tea,"Green Tea Leaves, Water",4,336,1344,UPI,3,December,12,Monday,9,7
2951,4596,Simran,09-12-2024,5.11.36 PM,Americano,Coffee,"Espresso, Hot Water",4,225,900,UPI,2,December,12,Monday,9,17
2952,2302,Pooja,09-12-2024,5.47.08 PM,Cappuccino,Coffee,"Espresso, Milk, Milk Foam",1,350,350,UPI,3,December,12,Monday,9,17
2953,9657,Rahul,10-12-2024,12.24.00 PM,Cappuccino,Coffee,"Espresso, Milk, Milk Foam",3,132,396,Cash,2,December,12,Tuesday,10,12
2954,3583,Aarav,10-12-2024,9.53.06 AM,Mocha,Coffee,"Espresso, Chocolate Syrup, Milk",1,292,292,Card,1,December,12,Tuesday,10,9
2955,4194,Ananya,10-12-2024,7.42.47 AM,Cold Brew,Coffee,"Coffee Beans, Cold Water",1,311,311,Card,2,December,12,Tuesday,10,7
2956,5541,Rahul,10-12-2024,7.18.57 PM,Croissant,Bakery,"Flour, Butter, Yeast",3,257,771,Cash,2,December,12,Tuesday,10,19
2957,4279,Karan,10-12-2024,8.36.06 PM,Americano,Coffee,"Espresso, Hot Water",3,127,381,Card,2,December,12,Tuesday,10,20
2958,7981,Karan,10-12-2024,7.27.47 PM,Masala Tea,Tea,"Tea Leaves, Milk, Spices, Sugar",4,275,1100,Card,1,December,12,Tuesday,10,19
2959,6819,Riya,10-12-2024,6.35.43 PM,Latte,Coffee,"Espresso, Steamed Milk",2,270,540,UPI,2,December,12,Tuesday,10,18
2960,8710,Riya,10-12-2024,4.36.34 PM,Masala Tea,Tea,"Tea Leaves, Milk, Spices, Sugar",2,268,536,UPI,3,December,12,Tuesday,10,16
2961,2825,Ananya,10-12-2024,6.56.31 PM,Mocha,Coffee,"Espresso, Chocolate Syrup, Milk",1,300,300,UPI,1,December,12,Tuesday,10,18
2962,4395,Ananya,10-12-2024,7.17.23 AM,Green Tea,Tea,"Green Tea Leaves, Water",1,163,163,Cash,1,December,12,Tuesday,10,7
2963,7019,Simran,10-12-2024,3.15.33 PM,Espresso,Coffee,"Espresso Beans, Water",3,150,450,Card,2,December,12,Tuesday,10,15
2964,3144,Ananya,11-12-2024,5.32.32 PM,Mocha,Coffee,"Espresso, Chocolate Syrup, Milk",1,175,175,Card,3,December,12,Wednesday,11,17
2965,9150,Karan,11-12-2024,3.18.50 PM,Cappuccino,Coffee,"Espresso, Milk, Milk Foam",2,208,416,Card,1,December,12,Wednesday,11,15
2966,5050,Karan,11-12-2024,7.04.17 PM,Mocha,Coffee,"Espresso, Chocolate Syrup, Milk",2,200,400,Cash,2,December,12,Wednesday,11,19
2967,4618,Ananya,11-12-2024,10.21.10 AM,Cold Brew,Coffee,"Coffee Beans, Cold Water",4,176,704,Card,2,December,12,Wednesday,11,10
2968,9782,Karan,11-12-2024,9.15.07 AM,Americano,Coffee,"Espresso, Hot Water",2,234,468,Cash,3,December,12,Wednesday,11,9
2969,6768,Simran,11-12-2024,8.18.32 PM,Green Tea,Tea,"Green Tea Leaves, Water",2,129,258,Card,3,December,12,Wednesday,11,20
2970,6826,Aarav,11-12-2024,10.27.03 PM,Espresso,Coffee,"Espresso Beans, Water",3,328,984,Cash,1,December,12,Wednesday,11,22
2971,6708,Ananya,12-12-2024,4.01.46 PM,Latte,Coffee,"Espresso, Steamed Milk",4,328,1312,UPI,2,December,12,Thursday,12,16
2972,9677,Aarav,12-12-2024,8.20.31 AM,Espresso,Coffee,"Espresso Beans, Water",3,270,810,UPI,3,December,12,Thursday,12,8
2973,9077,Riya,12-12-2024,3.42.47 PM,Hot Chocolate,Beverage,"Cocoa Powder, Milk, Sugar",4,167,668,Cash,1,December,12,Thursday,12,15
2974,9934,Simran,12-12-2024,11.57.16 AM,Americano,Coffee,"Espresso, Hot Water",1,191,191,UPI,1,December,12,Thursday,12,11
2975,5390,Pooja,12-12-2024,8.34.17 PM,Americano,Coffee,"Espresso, Hot Water",2,260,520,UPI,2,December,12,Thursday,12,20
2976,8370,Rahul,12-12-2024,3.04.10 PM,Cold Brew,Coffee,"Coffee Beans, Cold Water",4,128,512,Card,3,December,12,Thursday,12,15
2977,2455,Rahul,12-12-2024,4.28.43 PM,Masala Tea,Tea,"Tea Leaves, Milk, Spices, Sugar",2,259,518,Cash,3,December,12,Thursday,12,16
2978,9508,Aarav,12-12-2024,10.15.11 PM,Espresso,Coffee,"Espresso Beans, Water",1,145,145,Cash,3,December,12,Thursday,12,22
2979,7668,Simran,12-12-2024,7.59.58 PM,Cold Brew,Coffee,"Coffee Beans, Cold Water",2,263,526,Card,2,December,12,Thursday,12,19
2980,3727,Karan,12-12-2024,12.01.57 PM,Croissant,Bakery,"Flour, Butter, Yeast",4,186,744,UPI,1,December,12,Thursday,12,12
2981,9422,Rahul,13-12-2024,5.42.12 PM,Cold Brew,Coffee,"Coffee Beans, Cold Water",3,180,540,Card,1,December,12,Friday,13,17
2982,7487,Pooja,13-12-2024,10.56.27 PM,Masala Tea,Tea,"Tea Leaves, Milk, Spices, Sugar",4,185,740,Card,1,December,12,Friday,13,22
2983,6270,Simran,13-12-2024,2.21.47 PM,Espresso,Coffee,"Espresso Beans, Water",3,201,603,UPI,1,December,12,Friday,13,14
2984,6373,Pooja,13-12-2024,12.00.21 PM,Hot Chocolate,Beverage,"Cocoa Powder, Milk, Sugar",2,227,454,UPI,3,December,12,Friday,13,12
2985,3733,Karan,13-12-2024,3.49.28 PM,Cold Brew,Coffee,"Coffee Beans, Cold Water",2,273,546,UPI,1,December,12,Friday,13,15
2986,1098,Pooja,13-12-2024,2.25.26 PM,Cold Brew,Coffee,"Coffee Beans, Cold Water",4,125,500,Card,2,December,12,Friday,13,14
2987,8856,Karan,13-12-2024,7.20.35 PM,Hot Chocolate,Beverage,"Cocoa Powder, Milk, Sugar",2,241,482,UPI,2,December,12,Friday,13,19
2988,1498,Simran,13-12-2024,7.01.01 AM,Cold Brew,Coffee,"Coffee Beans, Cold Water",3,199,597,Cash,1,December,12,Friday,13,7
2989,1363,Simran,13-12-2024,8.04.43 AM,Masala Tea,Tea,"Tea Leaves, Milk, Spices, Sugar",1,273,273,Card,2,December,12,Friday,13,8
2990,1255,Nikhil,14-12-2024,10.02.18 AM,Cold Brew,Coffee,"Coffee Beans, Cold Water",1,234,234,UPI,3,December,12,Saturday,14,10
2991,4094,Riya,14-12-2024,10.50.53 AM,Mocha,Coffee,"Espresso, Chocolate Syrup, Milk",4,205,820,Card,2,December,12,Saturday,14,10
2992,1174,Simran,14-12-2024,2.37.52 PM,Americano,Coffee,"Espresso, Hot Water",3,248,744,Card,3,December,12,Saturday,14,14
2993,7397,Pooja,14-12-2024,3.27.31 PM,Espresso,Coffee,"Espresso Beans, Water",3,129,387,Cash,1,December,12,Saturday,14,15
2994,7542,Ananya,14-12-2024,11.31.17 AM,Mocha,Coffee,"Espresso, Chocolate Syrup, Milk",4,184,736,Cash,2,December,12,Saturday,14,11
2995,4396,Nikhil,14-12-2024,1.26.58 PM,Masala Tea,Tea,"Tea Leaves, Milk, Spices, Sugar",4,239,956,Cash,3,December,12,Saturday,14,13
2996,6999,Rahul,14-12-2024,1.27.03 PM,Espresso,Coffee,"Espresso Beans, Water",2,249,498,Card,2,December,12,Saturday,14,13
2997,6052,Karan,15-12-2024,8.29.33 AM,Espresso,Coffee,"Espresso Beans, Water",1,130,130,Card,1,December,12,Sunday,15,8
2998,7964,Pooja,15-12-2024,9.23.42 PM,Espresso,Coffee,"Espresso Beans, Water",4,190,760,Card,1,December,12,Sunday,15,21
2999,7654,Aarav,15-12-2024,4.57.03 PM,Hot Chocolate,Beverage,"Cocoa Powder, Milk, Sugar",1,143,143,Cash,1,December,12,Sunday,15,16
3000,6783,Riya,15-12-2024,7.53.56 PM,Americano,Coffee,"Espresso, Hot Water",4,164,656,Card,3,December,12,Sunday,15,19
3001,8838,Ananya,15-12-2024,6.03.41 PM,Croissant,Bakery,"Flour, Butter, Yeast",1,127,127,UPI,1,December,12,Sunday,15,18
3002,4124,Ananya,15-12-2024,11.30.13 AM,Masala Tea,Tea,"Tea Leaves, Milk, Spices, Sugar",2,305,610,Cash,2,December,12,Sunday,15,11
3003,3008,Karan,15-12-2024,10.55.05 PM,Croissant,Bakery,"Flour, Butter, Yeast",4,213,852,Cash,1,December,12,Sunday,15,22
3004,7521,Aarav,15-12-2024,2.09.12 PM,Mocha,Coffee,"Espresso, Chocolate Syrup, Milk",2,129,258,Cash,1,December,12,Sunday,15,14
3005,1810,Karan,15-12-2024,9.22.44 AM,Masala Tea,Tea,"Tea Leaves, Milk, Spices, Sugar",1,154,154,Card,3,December,12,Sunday,15,9
3006,2626,Simran,15-12-2024,9.05.19 AM,Latte,Coffee,"Espresso, Steamed Milk",2,324,648,Cash,2,December,12,Sunday,15,9
3007,3439,Nikhil,15-12-2024,9.39.19 PM,Mocha,Coffee,"Espresso, Chocolate Syrup, Milk",2,273,546,Cash,3,December,12,Sunday,15,21
3008,8994,Nikhil,16-12-2024,7.03.24 PM,Latte,Coffee,"Espresso, Steamed Milk",1,313,313,Card,3,December,12,Monday,16,19
3009,8105,Pooja,16-12-2024,10.26.25 PM,Hot Chocolate,Beverage,"Cocoa Powder, Milk, Sugar",2,289,578,Cash,2,December,12,Monday,16,22
3010,8516,Riya,16-12-2024,9.03.34 PM,Green Tea,Tea,"Green Tea Leaves, Water",1,184,184,Card,2,December,12,Monday,16,21
3011,7857,Simran,16-12-2024,8.17.46 PM,Cappuccino,Coffee,"Espresso, Milk, Milk Foam",3,305,915,Card,2,December,12,Monday,16,20
3012,4641,Simran,16-12-2024,10.56.56 AM,Masala Tea,Tea,"Tea Leaves, Milk, Spices, Sugar",1,300,300,UPI,1,December,12,Monday,16,10
3013,6647,Rahul,16-12-2024,3.20.03 PM,Mocha,Coffee,"Espresso, Chocolate Syrup, Milk",3,135,405,Cash,3,December,12,Monday,16,15
3014,1827,Rahul,16-12-2024,2.35.19 PM,Mocha,Coffee,"Espresso, Chocolate Syrup, Milk",3,229,687,Cash,1,December,12,Monday,16,14
3015,5005,Riya,16-12-2024,1.38.00 PM,Americano,Coffee,"Espresso, Hot Water",3,186,558,Card,1,December,12,Monday,16,13
3016,5631,Pooja,16-12-2024,9.19.31 PM,Americano,Coffee,"Espresso, Hot Water",2,254,508,Card,3,December,12,Monday,16,21
3017,6780,Pooja,16-12-2024,9.56.18 AM,Croissant,Bakery,"Flour, Butter, Yeast",2,237,474,UPI,1,December,12,Monday,16,9
3018,8693,Ananya,17-12-2024,9.19.03 PM,Green Tea,Tea,"Green Tea Leaves, Water",4,325,1300,Card,3,December,12,Tuesday,17,21
3019,5555,Ananya,17-12-2024,6.15.35 PM,Mocha,Coffee,"Espresso, Chocolate Syrup, Milk",2,131,262,UPI,1,December,12,Tuesday,17,18
3020,9680,Karan,17-12-2024,8.29.04 PM,Mocha,Coffee,"Espresso, Chocolate Syrup, Milk",3,167,501,Cash,2,December,12,Tuesday,17,20
3021,4296,Rahul,17-12-2024,10.19.47 PM,Latte,Coffee,"Espresso, Steamed Milk",3,198,594,Cash,2,December,12,Tuesday,17,22
3022,4946,Karan,17-12-2024,3.07.14 PM,Americano,Coffee,"Espresso, Hot Water",1,179,179,Cash,3,December,12,Tuesday,17,15
3023,2780,Simran,17-12-2024,5.09.23 PM,Mocha,Coffee,"Espresso, Chocolate Syrup, Milk",3,285,855,UPI,1,December,12,Tuesday,17,17
3024,2454,Nikhil,17-12-2024,5.45.34 PM,Latte,Coffee,"Espresso, Steamed Milk",3,197,591,UPI,1,December,12,Tuesday,17,17
3025,1911,Riya,17-12-2024,11.38.14 AM,Mocha,Coffee,"Espresso, Chocolate Syrup, Milk",1,269,269,Cash,2,December,12,Tuesday,17,11
3026,3125,Aarav,18-12-2024,7.40.47 AM,Cold Brew,Coffee,"Coffee Beans, Cold Water",4,217,868,Cash,3,December,12,Wednesday,18,7
3027,7858,Karan,18-12-2024,8.07.10 AM,Cold Brew,Coffee,"Coffee Beans, Cold Water",2,165,330,Card,2,December,12,Wednesday,18,8
3028,8962,Ananya,18-12-2024,8.30.44 PM,Mocha,Coffee,"Espresso, Chocolate Syrup, Milk",4,186,744,UPI,2,December,12,Wednesday,18,20
3029,4114,Riya,18-12-2024,3.25.12 PM,Mocha,Coffee,"Espresso, Chocolate Syrup, Milk",3,123,369,UPI,3,December,12,Wednesday,18,15
3030,8977,Pooja,18-12-2024,11.28.23 AM,Green Tea,Tea,"Green Tea Leaves, Water",2,292,584,Cash,1,December,12,Wednesday,18,11
3031,9483,Karan,18-12-2024,3.20.09 PM,Cappuccino,Coffee,"Espresso, Milk, Milk Foam",1,242,242,Cash,2,December,12,Wednesday,18,15
3032,3356,Aarav,18-12-2024,10.46.52 PM,Hot Chocolate,Beverage,"Cocoa Powder, Milk, Sugar",1,327,327,UPI,2,December,12,Wednesday,18,22
3033,2342,Simran,18-12-2024,12.13.36 PM,Mocha,Coffee,"Espresso, Chocolate Syrup, Milk",3,239,717,Cash,1,December,12,Wednesday,18,12
3034,3802,Nikhil,18-12-2024,4.55.16 PM,Mocha,Coffee,"Espresso, Chocolate Syrup, Milk",4,260,1040,Cash,1,December,12,Wednesday,18,16
3035,8420,Nikhil,19-12-2024,7.44.44 AM,Cappuccino,Coffee,"Espresso, Milk, Milk Foam",1,232,232,Card,1,December,12,Thursday,19,7
3036,7630,Riya,19-12-2024,9.46.51 AM,Latte,Coffee,"Espresso, Steamed Milk",2,169,338,Cash,1,December,12,Thursday,19,9
3037,1367,Pooja,19-12-2024,10.24.09 AM,Cappuccino,Coffee,"Espresso, Milk, Milk Foam",3,339,1017,Cash,2,December,12,Thursday,19,10
3038,9429,Pooja,19-12-2024,4.30.44 PM,Hot Chocolate,Beverage,"Cocoa Powder, Milk, Sugar",2,186,372,UPI,2,December,12,Thursday,19,16
3039,5600,Riya,19-12-2024,9.38.28 PM,Green Tea,Tea,"Green Tea Leaves, Water",1,242,242,UPI,2,December,12,Thursday,19,21
3040,2864,Pooja,19-12-2024,7.10.27 AM,Americano,Coffee,"Espresso, Hot Water",4,321,1284,Card,1,December,12,Thursday,19,7
3041,9782,Riya,19-12-2024,9.25.33 PM,Hot Chocolate,Beverage,"Cocoa Powder, Milk, Sugar",3,346,1038,UPI,2,December,12,Thursday,19,21
3042,6681,Rahul,19-12-2024,7.23.32 PM,Hot Chocolate,Beverage,"Cocoa Powder, Milk, Sugar",4,213,852,Card,1,December,12,Thursday,19,19
3043,4409,Pooja,19-12-2024,3.50.24 PM,Cold Brew,Coffee,"Coffee Beans, Cold Water",3,162,486,Card,3,December,12,Thursday,19,15
3044,1914,Simran,20-12-2024,1.58.52 PM,Cappuccino,Coffee,"Espresso, Milk, Milk Foam",3,288,864,Card,2,December,12,Friday,20,13
3045,3535,Riya,20-12-2024,2.51.55 PM,Latte,Coffee,"Espresso, Steamed Milk",1,145,145,UPI,1,December,12,Friday,20,14
3046,7790,Pooja,20-12-2024,3.53.48 PM,Croissant,Bakery,"Flour, Butter, Yeast",4,183,732,UPI,3,December,12,Friday,20,15
3047,5847,Karan,20-12-2024,4.11.20 PM,Cappuccino,Coffee,"Espresso, Milk, Milk Foam",2,203,406,Card,3,December,12,Friday,20,16
3048,3625,Pooja,20-12-2024,12.55.24 PM,Mocha,Coffee,"Espresso, Chocolate Syrup, Milk",1,150,150,Cash,3,December,12,Friday,20,12
3049,2151,Riya,20-12-2024,6.42.03 PM,Masala Tea,Tea,"Tea Leaves, Milk, Spices, Sugar",2,236,472,Card,2,December,12,Friday,20,18
3050,6527,Karan,20-12-2024,7.05.03 AM,Masala Tea,Tea,"Tea Leaves, Milk, Spices, Sugar",4,292,1168,UPI,3,December,12,Friday,20,7
3051,9336,Pooja,20-12-2024,11.22.54 AM,Hot Chocolate,Beverage,"Cocoa Powder, Milk, Sugar",1,220,220,Cash,1,December,12,Friday,20,11
3052,9627,Ananya,20-12-2024,9.14.46 PM,Cold Brew,Coffee,"Coffee Beans, Cold Water",2,268,536,Card,1,December,12,Friday,20,21
3053,2791,Nikhil,21-12-2024,4.55.48 PM,Espresso,Coffee,"Espresso Beans, Water",2,323,646,Cash,3,December,12,Saturday,21,16
3054,9055,Riya,21-12-2024,9.06.45 PM,Espresso,Coffee,"Espresso Beans, Water",4,164,656,UPI,3,December,12,Saturday,21,21
3055,5514,Aarav,21-12-2024,9.39.25 PM,Espresso,Coffee,"Espresso Beans, Water",1,246,246,Cash,1,December,12,Saturday,21,21
3056,7852,Riya,21-12-2024,10.02.01 PM,Cold Brew,Coffee,"Coffee Beans, Cold Water",2,254,508,Card,2,December,12,Saturday,21,22
3057,3270,Pooja,21-12-2024,8.10.17 PM,Mocha,Coffee,"Espresso, Chocolate Syrup, Milk",1,339,339,UPI,2,December,12,Saturday,21,20
3058,6216,Rahul,21-12-2024,9.31.10 PM,Cold Brew,Coffee,"Coffee Beans, Cold Water",2,268,536,UPI,2,December,12,Saturday,21,21
3059,2753,Nikhil,21-12-2024,3.46.29 PM,Latte,Coffee,"Espresso, Steamed Milk",2,340,680,Card,2,December,12,Saturday,21,15
3060,2308,Karan,22-12-2024,2.08.51 PM,Masala Tea,Tea,"Tea Leaves, Milk, Spices, Sugar",1,157,157,UPI,3,December,12,Sunday,22,14
3061,3476,Rahul,22-12-2024,1.48.18 PM,Hot Chocolate,Beverage,"Cocoa Powder, Milk, Sugar",3,172,516,UPI,3,December,12,Sunday,22,13
3062,4993,Ananya,22-12-2024,11.10.13 AM,Latte,Coffee,"Espresso, Steamed Milk",1,258,258,UPI,3,December,12,Sunday,22,11
3063,6472,Riya,22-12-2024,7.53.00 PM,Latte,Coffee,"Espresso, Steamed Milk",4,283,1132,Cash,3,December,12,Sunday,22,19
3064,7470,Rahul,22-12-2024,2.03.27 PM,Masala Tea,Tea,"Tea Leaves, Milk, Spices, Sugar",1,287,287,UPI,3,December,12,Sunday,22,14
3065,7558,Nikhil,22-12-2024,7.52.17 AM,Hot Chocolate,Beverage,"Cocoa Powder, Milk, Sugar",1,316,316,UPI,2,December,12,Sunday,22,7
3066,4924,Pooja,22-12-2024,10.03.19 PM,Masala Tea,Tea,"Tea Leaves, Milk, Spices, Sugar",4,213,852,UPI,3,December,12,Sunday,22,22
3067,8095,Nikhil,23-12-2024,7.30.38 AM,Latte,Coffee,"Espresso, Steamed Milk",2,214,428,Card,3,December,12,Monday,23,7
3068,8463,Riya,23-12-2024,6.59.02 PM,Espresso,Coffee,"Espresso Beans, Water",4,216,864,Cash,2,December,12,Monday,23,18
3069,7983,Aarav,23-12-2024,8.16.26 AM,Cold Brew,Coffee,"Coffee Beans, Cold Water",4,172,688,UPI,1,December,12,Monday,23,8
3070,1347,Ananya,23-12-2024,2.11.39 PM,Cold Brew,Coffee,"Coffee Beans, Cold Water",4,241,964,Cash,3,December,12,Monday,23,14
3071,9653,Simran,23-12-2024,3.23.12 PM,Masala Tea,Tea,"Tea Leaves, Milk, Spices, Sugar",3,218,654,Card,2,December,12,Monday,23,15
3072,8993,Karan,23-12-2024,3.51.24 PM,Croissant,Bakery,"Flour, Butter, Yeast",4,342,1368,Card,2,December,12,Monday,23,15
3073,2988,Simran,23-12-2024,10.20.29 AM,Cappuccino,Coffee,"Espresso, Milk, Milk Foam",4,275,1100,UPI,3,December,12,Monday,23,10
3074,4274,Karan,24-12-2024,8.06.01 AM,Espresso,Coffee,"Espresso Beans, Water",1,135,135,Cash,3,December,12,Tuesday,24,8
3075,4095,Karan,24-12-2024,8.41.39 PM,Green Tea,Tea,"Green Tea Leaves, Water",3,253,759,Card,3,December,12,Tuesday,24,20
3076,1069,Nikhil,24-12-2024,11.31.07 AM,Americano,Coffee,"Espresso, Hot Water",1,286,286,Cash,1,December,12,Tuesday,24,11
3077,8260,Riya,24-12-2024,9.37.26 PM,Latte,Coffee,"Espresso, Steamed Milk",2,271,542,Cash,3,December,12,Tuesday,24,21
3078,4529,Ananya,24-12-2024,10.06.57 PM,Mocha,Coffee,"Espresso, Chocolate Syrup, Milk",2,167,334,Cash,2,December,12,Tuesday,24,22
3079,8237,Rahul,24-12-2024,2.12.04 PM,Cappuccino,Coffee,"Espresso, Milk, Milk Foam",3,271,813,UPI,1,December,12,Tuesday,24,14
3080,2313,Rahul,24-12-2024,8.24.16 AM,Masala Tea,Tea,"Tea Leaves, Milk, Spices, Sugar",4,333,1332,UPI,1,December,12,Tuesday,24,8
3081,7827,Nikhil,25-12-2024,6.39.43 PM,Americano,Coffee,"Espresso, Hot Water",2,285,570,UPI,1,December,12,Wednesday,25,18
3082,6700,Aarav,25-12-2024,12.17.38 PM,Latte,Coffee,"Espresso, Steamed Milk",4,316,1264,Cash,1,December,12,Wednesday,25,12
3083,7016,Simran,25-12-2024,10.17.35 PM,Cold Brew,Coffee,"Coffee Beans, Cold Water",3,246,738,Cash,2,December,12,Wednesday,25,22
3084,7117,Karan,25-12-2024,11.50.28 AM,Masala Tea,Tea,"Tea Leaves, Milk, Spices, Sugar",1,175,175,UPI,1,December,12,Wednesday,25,11
3085,1175,Nikhil,25-12-2024,12.30.23 PM,Mocha,Coffee,"Espresso, Chocolate Syrup, Milk",1,315,315,Card,2,December,12,Wednesday,25,12
3086,2739,Nikhil,25-12-2024,9.24.57 AM,Cold Brew,Coffee,"Coffee Beans, Cold Water",3,325,975,UPI,1,December,12,Wednesday,25,9
3087,1975,Aarav,25-12-2024,7.51.14 PM,Hot Chocolate,Beverage,"Cocoa Powder, Milk, Sugar",3,151,453,Card,2,December,12,Wednesday,25,19
3088,6180,Aarav,25-12-2024,7.34.24 AM,Croissant,Bakery,"Flour, Butter, Yeast",4,185,740,UPI,2,December,12,Wednesday,25,7
3089,7839,Karan,25-12-2024,7.17.29 PM,Hot Chocolate,Beverage,"Cocoa Powder, Milk, Sugar",2,164,328,Cash,1,December,12,Wednesday,25,19
3090,3004,Nikhil,25-12-2024,3.43.56 PM,Masala Tea,Tea,"Tea Leaves, Milk, Spices, Sugar",3,219,657,UPI,3,December,12,Wednesday,25,15
3091,9083,Pooja,25-12-2024,12.40.04 PM,Green Tea,Tea,"Green Tea Leaves, Water",1,222,222,Card,3,December,12,Wednesday,25,12
3092,1272,Karan,26-12-2024,2.27.27 PM,Espresso,Coffee,"Espresso Beans, Water",2,187,374,UPI,2,December,12,Thursday,26,14
3093,9819,Riya,26-12-2024,10.11.05 AM,Cappuccino,Coffee,"Espresso, Milk, Milk Foam",1,145,145,UPI,3,December,12,Thursday,26,10
3094,5486,Aarav,26-12-2024,8.45.29 AM,Cappuccino,Coffee,"Espresso, Milk, Milk Foam",2,224,448,UPI,1,December,12,Thursday,26,8
3095,2438,Nikhil,26-12-2024,7.34.49 PM,Green Tea,Tea,"Green Tea Leaves, Water",2,195,390,Card,1,December,12,Thursday,26,19
3096,9004,Karan,26-12-2024,7.17.30 PM,Cold Brew,Coffee,"Coffee Beans, Cold Water",2,265,530,UPI,3,December,12,Thursday,26,19
3097,3022,Nikhil,26-12-2024,10.59.32 PM,Masala Tea,Tea,"Tea Leaves, Milk, Spices, Sugar",4,292,1168,UPI,2,December,12,Thursday,26,22
3098,1021,Karan,26-12-2024,1.50.48 PM,Croissant,Bakery,"Flour, Butter, Yeast",4,159,636,Cash,3,December,12,Thursday,26,13
3099,3020,Rahul,26-12-2024,10.55.15 AM,Latte,Coffee,"Espresso, Steamed Milk",2,286,572,Cash,1,December,12,Thursday,26,10
3100,1921,Nikhil,26-12-2024,3.31.46 PM,Masala Tea,Tea,"Tea Leaves, Milk, Spices, Sugar",2,264,528,Cash,2,December,12,Thursday,26,15
3101,8414,Nikhil,26-12-2024,3.51.34 PM,Espresso,Coffee,"Espresso Beans, Water",4,331,1324,Cash,2,December,12,Thursday,26,15
3102,3434,Simran,26-12-2024,9.42.36 AM,Cold Brew,Coffee,"Coffee Beans, Cold Water",2,233,466,UPI,2,December,12,Thursday,26,9
3103,9512,Pooja,27-12-2024,1.27.12 PM,Cappuccino,Coffee,"Espresso, Milk, Milk Foam",3,327,981,Card,2,December,12,Friday,27,13
3104,3399,Karan,27-12-2024,7.10.40 PM,Croissant,Bakery,"Flour, Butter, Yeast",4,289,1156,Cash,3,December,12,Friday,27,19
3105,9664,Karan,27-12-2024,8.21.16 PM,Green Tea,Tea,"Green Tea Leaves, Water",1,313,313,Card,3,December,12,Friday,27,20
3106,5701,Nikhil,27-12-2024,8.47.45 PM,Latte,Coffee,"Espresso, Steamed Milk",3,272,816,Cash,1,December,12,Friday,27,20
3107,3063,Simran,27-12-2024,7.14.41 PM,Espresso,Coffee,"Espresso Beans, Water",4,162,648,Card,2,December,12,Friday,27,19
3108,6534,Ananya,27-12-2024,5.40.37 PM,Mocha,Coffee,"Espresso, Chocolate Syrup, Milk",2,141,282,Card,3,December,12,Friday,27,17
3109,1972,Rahul,28-12-2024,2.46.30 PM,Croissant,Bakery,"Flour, Butter, Yeast",1,313,313,Card,2,December,12,Saturday,28,14
3110,6012,Riya,28-12-2024,7.15.39 AM,Cold Brew,Coffee,"Coffee Beans, Cold Water",3,158,474,UPI,2,December,12,Saturday,28,7
3111,7620,Nikhil,28-12-2024,6.19.10 PM,Green Tea,Tea,"Green Tea Leaves, Water",1,248,248,UPI,1,December,12,Saturday,28,18
3112,8660,Ananya,28-12-2024,10.40.20 AM,Hot Chocolate,Beverage,"Cocoa Powder, Milk, Sugar",1,350,350,UPI,3,December,12,Saturday,28,10
3113,2191,Nikhil,28-12-2024,8.06.29 AM,Latte,Coffee,"Espresso, Steamed Milk",3,163,489,UPI,3,December,12,Saturday,28,8
3114,4359,Ananya,28-12-2024,8.29.28 AM,Green Tea,Tea,"Green Tea Leaves, Water",1,146,146,UPI,1,December,12,Saturday,28,8
3115,4552,Riya,28-12-2024,7.47.19 AM,Mocha,Coffee,"Espresso, Chocolate Syrup, Milk",2,197,394,Cash,2,December,12,Saturday,28,7
3116,2706,Rahul,28-12-2024,5.34.47 PM,Latte,Coffee,"Espresso, Steamed Milk",2,322,644,Card,3,December,12,Saturday,28,17
3117,1020,Aarav,28-12-2024,10.11.34 AM,Cold Brew,Coffee,"Coffee Beans, Cold Water",3,284,852,Card,3,December,12,Saturday,28,10
3118,1082,Ananya,28-12-2024,4.55.04 PM,Green Tea,Tea,"Green Tea Leaves, Water",1,208,208,Card,2,December,12,Saturday,28,16
3119,1352,Nikhil,29-12-2024,2.42.26 PM,Latte,Coffee,"Espresso, Steamed Milk",1,155,155,Cash,1,December,12,Sunday,29,14
3120,5701,Simran,29-12-2024,10.52.44 AM,Latte,Coffee,"Espresso, Steamed Milk",1,143,143,UPI,3,December,12,Sunday,29,10
3121,2952,Ananya,29-12-2024,8.48.47 PM,Masala Tea,Tea,"Tea Leaves, Milk, Spices, Sugar",4,310,1240,Cash,3,December,12,Sunday,29,20
3122,9014,Karan,29-12-2024,8.35.02 PM,Cold Brew,Coffee,"Coffee Beans, Cold Water",2,182,364,Card,2,December,12,Sunday,29,20
3123,9621,Rahul,29-12-2024,12.40.27 PM,Hot Chocolate,Beverage,"Cocoa Powder, Milk, Sugar",4,199,796,Card,2,December,12,Sunday,29,12
3124,9448,Riya,30-12-2024,10.36.11 PM,Cold Brew,Coffee,"Coffee Beans, Cold Water",4,231,924,Cash,3,December,12,Monday,30,22
3125,9597,Ananya,30-12-2024,9.06.32 AM,Cold Brew,Coffee,"Coffee Beans, Cold Water",4,228,912,Card,3,December,12,Monday,30,9
3126,8412,Simran,30-12-2024,10.43.01 PM,Croissant,Bakery,"Flour, Butter, Yeast",3,172,516,UPI,2,December,12,Monday,30,22
3127,3357,Ananya,30-12-2024,12.52.30 PM,Hot Chocolate,Beverage,"Cocoa Powder, Milk, Sugar",3,272,816,Card,1,December,12,Monday,30,12
3128,6207,Pooja,30-12-2024,8.07.55 AM,Hot Chocolate,Beverage,"Cocoa Powder, Milk, Sugar",1,156,156,Cash,1,December,12,Monday,30,8
